slate_date,player_id,player_name,game_id,game,team_id,team,opponent,stat,side,line,odds,over_odds,under_odds,bet_vendor,model_prob,model_prob_raw,model_prob_cal,cal_source,market_prob,raw_edge,ev,kelly_units,q50,q_preds,usage_bucket,mp_bucket,min_ev_applied,cal_type,cal_applied,is_sparse,pmf,fair_odds_over,fair_odds_under,pmf_median,edge_over,edge_under,line_vs_median,mkt_true_over,mkt_true_under,bdl_lineup_present,current_starter,confirmed_starter,confirmed_bench,lineup_position,lineup_source,lineup_confirmed,role_source,role_bucket_pre_lineup,role_bucket_post_lineup,lineup_context_supplied,lineup_affects_pmf_features,contextual_pmf_applied,contextual_minutes_delta,exp_mp_contextual,contextual_pmf_mean_baseline,contextual_pmf_mean_post,contextual_pmf_mean_shift_ratio,contextual_feature_set_id,contextual_blocker,starter_changed_from_projection,bench_changed_from_projection,role_source_confirmed_lineup,lineup_position_encoded,minutes_projection_conflict,confirmed_starter_low_minutes_flag,confirmed_bench_high_minutes_flag,consecutive_starter_streak,recent_starter_rate_5,lineup_features_missing,team_confirmed_starters_count,team_confirmed_bench_count,team_lineup_num_guards,team_lineup_num_wings,team_lineup_num_bigs,team_lineup_num_high_usage_players,team_lineup_num_primary_ballhandlers,team_lineup_num_shooters,team_lineup_num_rebounders,team_lineup_usage_competition_proxy,team_lineup_rebound_competition_proxy,team_lineup_assist_creation_proxy,team_lineup_spacing_proxy,team_lineup_turnover_pressure_proxy,player_confirmed_with_high_usage_count,player_confirmed_with_primary_ballhandler_count,player_confirmed_with_big_count,player_confirmed_with_shooter_count,player_usage_competition_proxy,player_rebound_competition_proxy,player_assist_target_quality_proxy,player_spacing_support_proxy,player_onball_burden_proxy,contextual_rate_delta_pts,contextual_rate_delta_reb,contextual_rate_delta_ast,contextual_rate_delta_tov,contextual_rate_delta_stl,contextual_rate_delta_blk,contextual_rate_delta_fg3m
2026-06-13,161,De'Aaron Fox,21716138,New York Knicks @ San Antonio Spurs,27,SAS,NYK,reb,OVER,3.5,111,111,-125,draftkings,0.6058,0.6058,0.6058,role_aware_pmf_cal_v1:monotone_inactive_global_v1:starter,0.4604,0.1454,0.2782,0.038,4.0,"{""0.1"": 1.0, ""0.2"": 2.0, ""0.25"": 2.0, ""0.33"": 3.0, ""0.4"": 4.0, ""0.5"": 4.0, ""0.6"": 5.0, ""0.67"": 5.0, ""0.75"": 6.0, ""0.8"": 7.0, ""0.9"": 8.0}",0,3,0.0395,pmf_cal,True,False,"{""0"": 0.0624, ""1"": 0.0778, ""2"": 0.11, ""3"": 0.144, ""4"": 0.126, ""5"": 0.1654, ""6"": 0.1138, ""7"": 0.0805, ""8"": 0.0544, ""9"": 0.0275, ""10"": 0.0176, ""11"": 0.0133, ""12"": 0.0031, ""13"": 0.0021, ""14"": 0.0011}",-154,154,4,0.1454,-0.1454,-0.5,0.4604,0.5396,False,0.0,0.0,1.0,,,1,projected_minutes,,,True,False,True,14.442357447650732,14.442357447650732,,,1.0,phase13s_direct_lineup_injury_pmf_driver_v1,,0,1,1,0,0,0,0,0.0,0.0,0,0.0,0.0,0.0,0.0,0.0,0.0,0.0,0.0,0.0,0.0,0.0,0.0,0.0,0.0,0.0,0.0,0.0,0.0,0.0,0.0,0.0,0.0,0.0,0.028984548762615685,0.007983230782981495,0.008661120074305263,0.004800512095125004,0.002071547080343077,-0.0005930280848728237,-0.0014675478675916346
2026-06-13,161,De'Aaron Fox,21716138,New York Knicks @ San Antonio Spurs,27,SAS,NYK,ast,UNDER,6.5,-140,118,-140,draftkings,0.6264,0.6264,0.6264,role_aware_pmf_cal_v1:monotone_inactive_global_v1:starter,0.5598,0.0666,0.0738,0.015,5.0,"{""0.1"": 2.0, ""0.2"": 3.0, ""0.25"": 4.0, ""0.33"": 4.0, ""0.4"": 5.0, ""0.5"": 5.0, ""0.6"": 6.0, ""0.67"": 7.0, ""0.75"": 7.0, ""0.8"": 8.0, ""0.9"": 9.0}",0,3,0.052,pmf_cal,True,False,"{""0"": 0.0356, ""1"": 0.0517, ""2"": 0.0589, ""3"": 0.1012, ""4"": 0.1182, ""5"": 0.1458, ""6"": 0.115, ""7"": 0.1355, ""8"": 0.0921, ""9"": 0.0609, ""10"": 0.0335, ""11"": 0.0246, ""12"": 0.0129, ""13"": 0.0067, ""14"": 0.0035, ""15"": 0.0018, ""16"": 0.001}",168,-168,5,-0.0666,0.0666,1.5,0.4402,0.5598,False,0.0,0.0,1.0,,,1,projected_minutes,,,True,False,True,14.442357447650732,14.442357447650732,,,1.0,phase13s_direct_lineup_injury_pmf_driver_v1,,0,1,1,0,0,0,0,0.0,0.0,0,0.0,0.0,0.0,0.0,0.0,0.0,0.0,0.0,0.0,0.0,0.0,0.0,0.0,0.0,0.0,0.0,0.0,0.0,0.0,0.0,0.0,0.0,0.0,0.028984548762615685,0.007983230782981495,0.008661120074305263,0.004800512095125004,0.002071547080343077,-0.0005930280848728237,-0.0014675478675916346
2026-06-13,161,De'Aaron Fox,21716138,New York Knicks @ San Antonio Spurs,27,SAS,NYK,stl,UNDER,1.5,-210,163,-210,betparx,0.7718,0.7718,0.7718,role_aware_pmf_cal_v1:monotone_inactive_global_v1:starter,0.6405,0.1313,0.1393,0.044,1.0,"{""0.1"": 0.0, ""0.2"": 0.0, ""0.25"": 0.0, ""0.33"": 0.0, ""0.4"": 1.0, ""0.5"": 1.0, ""0.6"": 1.0, ""0.67"": 1.0, ""0.75"": 1.0, ""0.8"": 2.0, ""0.9"": 3.0}",0,3,0.0676,pmf_cal,True,True,"{""0"": 0.3686, ""1"": 0.4032, ""2"": 0.1047, ""3"": 0.071, ""4"": 0.0461, ""5"": 0.0065}",338,-338,1,-0.1313,0.1313,0.5,0.3595,0.6405,False,0.0,0.0,1.0,,,1,projected_minutes,,,True,False,True,14.442357447650732,14.442357447650732,,,1.0,phase13s_direct_lineup_injury_pmf_driver_v1,,0,1,1,0,0,0,0,0.0,0.0,0,0.0,0.0,0.0,0.0,0.0,0.0,0.0,0.0,0.0,0.0,0.0,0.0,0.0,0.0,0.0,0.0,0.0,0.0,0.0,0.0,0.0,0.0,0.0,0.028984548762615685,0.007983230782981495,0.008661120074305263,0.004800512095125004,0.002071547080343077,-0.0005930280848728237,-0.0014675478675916346
2026-06-13,17896097,Jose Alvarado,21716138,New York Knicks @ San Antonio Spurs,20,NYK,SAS,fg3m,OVER,0.5,-125,-125,100,draftkings,0.6152,0.6152,0.6152,role_aware_pmf_cal_v1:monotone_inactive_global_v1:bench,0.5263,0.0889,0.1073,0.02,1.0,"{""0.1"": 0.0, ""0.2"": 0.0, ""0.25"": 0.0, ""0.33"": 0.0, ""0.4"": 1.0, ""0.5"": 1.0, ""0.6"": 1.0, ""0.67"": 1.0, ""0.75"": 2.0, ""0.8"": 2.0, ""0.9"": 2.0}",0,0,0.0656,pmf_cal,True,False,"{""0"": 0.3848, ""1"": 0.342, ""2"": 0.211, ""3"": 0.0622}",-160,160,1,0.0889,-0.0889,-0.5,0.5263,0.4737,False,0.0,0.0,1.0,,,1,projected_minutes,,,True,False,True,14.442357447650732,14.442357447650732,,,1.0,phase13s_direct_lineup_injury_pmf_driver_v1,,0,1,1,0,0,0,0,0.0,0.0,0,0.0,0.0,0.0,0.0,0.0,0.0,0.0,0.0,0.0,0.0,0.0,0.0,0.0,0.0,0.0,0.0,0.0,0.0,0.0,0.0,0.0,0.0,0.0,0.028984548762615685,0.007983230782981495,0.008661120074305263,0.004800512095125004,0.002071547080343077,-0.0005930280848728237,-0.0014675478675916346
2026-06-13,17896097,Jose Alvarado,21716138,New York Knicks @ San Antonio Spurs,20,NYK,SAS,stl,UNDER,0.5,-158,125,-158,betparx,0.7813,0.7813,0.7813,role_aware_pmf_cal_v1:monotone_inactive_global_v1:bench,0.5795,0.2018,0.2758,0.065,0.0,"{""0.1"": 0.0, ""0.2"": 0.0, ""0.25"": 0.0, ""0.33"": 0.0, ""0.4"": 0.0, ""0.5"": 0.0, ""0.6"": 0.0, ""0.67"": 0.0, ""0.75"": 0.0, ""0.8"": 1.0, ""0.9"": 1.0}",0,0,0.0668,pmf_cal,True,True,"{""0"": 0.7813, ""1"": 0.178, ""2"": 0.0274, ""3"": 0.0104, ""4"": 0.0029}",357,-357,0,-0.2018,0.2018,0.5,0.4205,0.5795,False,0.0,0.0,1.0,,,1,projected_minutes,,,True,False,True,14.442357447650732,14.442357447650732,,,1.0,phase13s_direct_lineup_injury_pmf_driver_v1,,0,1,1,0,0,0,0,0.0,0.0,0,0.0,0.0,0.0,0.0,0.0,0.0,0.0,0.0,0.0,0.0,0.0,0.0,0.0,0.0,0.0,0.0,0.0,0.0,0.0,0.0,0.0,0.0,0.0,0.028984548762615685,0.007983230782981495,0.008661120074305263,0.004800512095125004,0.002071547080343077,-0.0005930280848728237,-0.0014675478675916346
2026-06-13,414,Landry Shamet,21716138,New York Knicks @ San Antonio Spurs,20,NYK,SAS,fg3m,OVER,1.5,-108,-108,-115,caesars,0.6371,0.6371,0.6371,role_aware_pmf_cal_v1:monotone_inactive_global_v1:rotation,0.4926,0.1445,0.227,0.037,2.0,"{""0.1"": 1.0, ""0.2"": 1.0, ""0.25"": 1.0, ""0.33"": 1.0, ""0.4"": 2.0, ""0.5"": 2.0, ""0.6"": 2.0, ""0.67"": 2.0, ""0.75"": 3.0, ""0.8"": 3.0, ""0.9"": 4.0}",0,2,0.0641,pmf_cal,True,False,"{""0"": 0.0889, ""1"": 0.2739, ""2"": 0.3143, ""3"": 0.1799, ""4"": 0.077, ""5"": 0.0659}",-176,176,2,0.1445,-0.1445,-0.5,0.4926,0.5074,False,0.0,0.0,1.0,,,1,projected_minutes,,,True,False,True,14.442357447650732,14.442357447650732,,,1.0,phase13s_direct_lineup_injury_pmf_driver_v1,,0,1,1,0,0,0,0,0.0,0.0,0,0.0,0.0,0.0,0.0,0.0,0.0,0.0,0.0,0.0,0.0,0.0,0.0,0.0,0.0,0.0,0.0,0.0,0.0,0.0,0.0,0.0,0.0,0.0,0.028984548762615685,0.007983230782981495,0.008661120074305263,0.004800512095125004,0.002071547080343077,-0.0005930280848728237,-0.0014675478675916346
2026-06-13,414,Landry Shamet,21716138,New York Knicks @ San Antonio Spurs,20,NYK,SAS,stl,UNDER,0.5,-129,105,-129,betway,0.643,0.643,0.643,role_aware_pmf_cal_v1:monotone_inactive_global_v1:rotation,0.5359,0.107,0.1414,0.027,0.0,"{""0.1"": 0.0, ""0.2"": 0.0, ""0.25"": 0.0, ""0.33"": 0.0, ""0.4"": 0.0, ""0.5"": 0.0, ""0.6"": 0.0, ""0.67"": 1.0, ""0.75"": 1.0, ""0.8"": 1.0, ""0.9"": 1.0}",0,2,0.0611,pmf_cal,True,True,"{""0"": 0.643, ""1"": 0.2651, ""2"": 0.0674, ""3"": 0.0245}",180,-180,0,-0.1071,0.1071,0.5,0.4641,0.5359,False,0.0,0.0,1.0,,,1,projected_minutes,,,True,False,True,14.442357447650732,14.442357447650732,,,1.0,phase13s_direct_lineup_injury_pmf_driver_v1,,0,1,1,0,0,0,0,0.0,0.0,0,0.0,0.0,0.0,0.0,0.0,0.0,0.0,0.0,0.0,0.0,0.0,0.0,0.0,0.0,0.0,0.0,0.0,0.0,0.0,0.0,0.0,0.0,0.0,0.028984548762615685,0.007983230782981495,0.008661120074305263,0.004800512095125004,0.002071547080343077,-0.0005930280848728237,-0.0014675478675916346
2026-06-13,17896033,Miles McBride,21716138,New York Knicks @ San Antonio Spurs,20,NYK,SAS,fg3m,OVER,0.5,-125,-125,107,betmgm,0.7899,0.7899,0.7899,role_aware_pmf_cal_v1:monotone_inactive_global_v1:bench,0.5349,0.255,0.4218,0.079,1.0,"{""0.1"": 0.0, ""0.2"": 0.0, ""0.25"": 1.0, ""0.33"": 1.0, ""0.4"": 1.0, ""0.5"": 1.0, ""0.6"": 2.0, ""0.67"": 2.0, ""0.75"": 2.0, ""0.8"": 2.0, ""0.9"": 3.0}",0,1,0.0486,pmf_cal,True,False,"{""0"": 0.2101, ""1"": 0.3589, ""2"": 0.2457, ""3"": 0.1058, ""4"": 0.0795}",-376,376,1,0.255,-0.255,-0.5,0.5349,0.4651,False,0.0,0.0,1.0,,,1,projected_minutes,,,True,False,True,14.442357447650732,14.442357447650732,,,1.0,phase13s_direct_lineup_injury_pmf_driver_v1,,0,1,1,0,0,0,0,0.0,0.0,0,0.0,0.0,0.0,0.0,0.0,0.0,0.0,0.0,0.0,0.0,0.0,0.0,0.0,0.0,0.0,0.0,0.0,0.0,0.0,0.0,0.0,0.0,0.0,0.028984548762615685,0.007983230782981495,0.008661120074305263,0.004800512095125004,0.002071547080343077,-0.0005930280848728237,-0.0014675478675916346
2026-06-13,73,Jalen Brunson,21716138,New York Knicks @ San Antonio Spurs,20,NYK,SAS,pts,UNDER,28.5,-110,-104,-110,betparx,0.6035,0.6035,0.6035,role_aware_pmf_cal_v1:monotone_inactive_global_v1:starter,0.5068,0.0967,0.1521,0.025,26.0,"{""0.1"": 14.0, ""0.2"": 18.0, ""0.25"": 20.0, ""0.33"": 22.0, ""0.4"": 24.0, ""0.5"": 26.0, ""0.6"": 28.0, ""0.67"": 30.0, ""0.75"": 32.0, ""0.8"": 34.0, ""0.9"": 38.0}",0,3,0.0436,pmf_cal,True,False,"{""0"": 0.0043, ""1"": 0.0037, ""2"": 0.0072, ""3"": 0.0064, ""4"": 0.0061, ""5"": 0.0058, ""6"": 0.0053, ""7"": 0.0055, ""8"": 0.0052, ""9"": 0.0074, ""10"": 0.0109, ""11"": 0.0072, ""12"": 0.0087, ""13"": 0.0118, ""14"": 0.0145, ""15"": 0.0186, ""16"": 0.0238, ""17"": 0.0212, ""18"": 0.0289, ""19"": 0.0297, ""20"": 0.0284, ""21"": 0.034, ""22"": 0.0385, ""23"": 0.0403, ""24"": 0.0449, ""25"": 0.0474, ""26"": 0.0462, ""27"": 0.0419, ""28"": 0.0497, ""29"": 0.0526, ""30"": 0.0323, ""31"": 0.0401, ""32"": 0.0317, ""33"": 0.0287, ""34"": 0.0308, ""35"": 0.0237, ""36"": 0.0214, ""37"": 0.0222, ""38"": 0.0207, ""39"": 0.0124, ""40"": 0.0088, ""41"": 0.0128, ""42"": 0.0108, ""43"": 0.0126, ""44"": 0.0063, ""45"": 0.0037, ""46"": 0.0034, ""47"": 0.0053, ""48"": 0.0031, ""49"": 0.0031, ""50"": 0.0024, ""51"": 0.0012, ""52"": 0.0017}",152,-152,26,-0.0967,0.0967,2.5,0.4932,0.5068,False,0.0,0.0,1.0,,,1,projected_minutes,,,True,False,True,14.442357447650732,14.442357447650732,,,1.0,phase13s_direct_lineup_injury_pmf_driver_v1,,0,1,1,0,0,0,0,0.0,0.0,0,0.0,0.0,0.0,0.0,0.0,0.0,0.0,0.0,0.0,0.0,0.0,0.0,0.0,0.0,0.0,0.0,0.0,0.0,0.0,0.0,0.0,0.0,0.0,0.028984548762615685,0.007983230782981495,0.008661120074305263,0.004800512095125004,0.002071547080343077,-0.0005930280848728237,-0.0014675478675916346
2026-06-13,73,Jalen Brunson,21716138,New York Knicks @ San Antonio Spurs,20,NYK,SAS,reb,OVER,3.5,130,130,-140,fanatics,0.554,0.554,0.554,role_aware_pmf_cal_v1:monotone_inactive_global_v1:starter,0.427,0.127,0.2742,0.032,4.0,"{""0.1"": 1.0, ""0.2"": 2.0, ""0.25"": 2.0, ""0.33"": 3.0, ""0.4"": 3.0, ""0.5"": 4.0, ""0.6"": 4.0, ""0.67"": 5.0, ""0.75"": 5.0, ""0.8"": 6.0, ""0.9"": 7.0}",0,3,0.0281,pmf_cal,True,False,"{""0"": 0.0669, ""1"": 0.0969, ""2"": 0.1353, ""3"": 0.1469, ""4"": 0.1964, ""5"": 0.1368, ""6"": 0.0885, ""7"": 0.064, ""8"": 0.0297, ""9"": 0.0182, ""10"": 0.0133, ""11"": 0.0033, ""12"": 0.002}",-124,124,4,0.127,-0.127,-0.5,0.427,0.573,False,0.0,0.0,1.0,,,1,projected_minutes,,,True,False,True,14.442357447650732,14.442357447650732,,,1.0,phase13s_direct_lineup_injury_pmf_driver_v1,,0,1,1,0,0,0,0,0.0,0.0,0,0.0,0.0,0.0,0.0,0.0,0.0,0.0,0.0,0.0,0.0,0.0,0.0,0.0,0.0,0.0,0.0,0.0,0.0,0.0,0.0,0.0,0.0,0.0,0.028984548762615685,0.007983230782981495,0.008661120074305263,0.004800512095125004,0.002071547080343077,-0.0005930280848728237,-0.0014675478675916346
2026-06-13,73,Jalen Brunson,21716138,New York Knicks @ San Antonio Spurs,20,NYK,SAS,fg3m,UNDER,2.5,-135,125,-135,draftkings,0.6513,0.6513,0.6513,role_aware_pmf_cal_v1:monotone_inactive_global_v1:starter,0.5638,0.0875,0.1338,0.027,2.0,"{""0.1"": 0.0, ""0.2"": 1.0, ""0.25"": 1.0, ""0.33"": 1.0, ""0.4"": 2.0, ""0.5"": 2.0, ""0.6"": 2.0, ""0.67"": 3.0, ""0.75"": 3.0, ""0.8"": 3.0, ""0.9"": 4.0}",0,3,0.0289,pmf_cal,True,False,"{""0"": 0.1055, ""1"": 0.2822, ""2"": 0.2636, ""3"": 0.1934, ""4"": 0.0885, ""5"": 0.0359, ""6"": 0.031}",187,-187,2,-0.0875,0.0875,0.5,0.4362,0.5638,False,0.0,0.0,1.0,,,1,projected_minutes,,,True,False,True,14.442357447650732,14.442357447650732,,,1.0,phase13s_direct_lineup_injury_pmf_driver_v1,,0,1,1,0,0,0,0,0.0,0.0,0,0.0,0.0,0.0,0.0,0.0,0.0,0.0,0.0,0.0,0.0,0.0,0.0,0.0,0.0,0.0,0.0,0.0,0.0,0.0,0.0,0.0,0.0,0.0,0.028984548762615685,0.007983230782981495,0.008661120074305263,0.004800512095125004,0.002071547080343077,-0.0005930280848728237,-0.0014675478675916346
2026-06-13,202,Josh Hart,21716138,New York Knicks @ San Antonio Spurs,20,NYK,SAS,reb,UNDER,8.5,-117,100,-117,betway,0.6441,0.6441,0.6441,role_aware_pmf_cal_v1:monotone_inactive_global_v1:starter,0.5188,0.1252,0.1945,0.034,7.0,"{""0.1"": 3.0, ""0.2"": 4.0, ""0.25"": 5.0, ""0.33"": 6.0, ""0.4"": 6.0, ""0.5"": 7.0, ""0.6"": 8.0, ""0.67"": 9.0, ""0.75"": 10.0, ""0.8"": 10.0, ""0.9"": 12.0}",0,3,0.0492,pmf_cal,True,False,"{""0"": 0.0197, ""1"": 0.0297, ""2"": 0.041, ""3"": 0.0521, ""4"": 0.0638, ""5"": 0.0927, ""6"": 0.1112, ""7"": 0.1044, ""8"": 0.1293, ""9"": 0.0973, ""10"": 0.0664, ""11"": 0.06, ""12"": 0.0466, ""13"": 0.0271, ""14"": 0.0193, ""15"": 0.0149, ""16"": 0.0128, ""17"": 0.0048, ""18"": 0.0023, ""19"": 0.0016, ""20"": 0.0012}",181,-181,7,-0.1253,0.1253,1.5,0.4812,0.5188,False,0.0,0.0,1.0,,,1,projected_minutes,,,True,False,True,14.442357447650732,14.442357447650732,,,1.0,phase13s_direct_lineup_injury_pmf_driver_v1,,0,1,1,0,0,0,0,0.0,0.0,0,0.0,0.0,0.0,0.0,0.0,0.0,0.0,0.0,0.0,0.0,0.0,0.0,0.0,0.0,0.0,0.0,0.0,0.0,0.0,0.0,0.0,0.0,0.0,0.028984548762615685,0.007983230782981495,0.008661120074305263,0.004800512095125004,0.002071547080343077,-0.0005930280848728237,-0.0014675478675916346
2026-06-13,202,Josh Hart,21716138,New York Knicks @ San Antonio Spurs,20,NYK,SAS,ast,UNDER,4.5,115,-119,115,draftkings,0.576,0.576,0.576,role_aware_pmf_cal_v1:monotone_inactive_global_v1:starter,0.4612,0.1148,0.2383,0.031,4.0,"{""0.1"": 1.0, ""0.2"": 2.0, ""0.25"": 2.0, ""0.33"": 3.0, ""0.4"": 3.0, ""0.5"": 4.0, ""0.6"": 5.0, ""0.67"": 5.0, ""0.75"": 5.0, ""0.8"": 6.0, ""0.9"": 7.0}",0,3,0.025,pmf_cal,True,False,"{""0"": 0.0609, ""1"": 0.0832, ""2"": 0.1296, ""3"": 0.1701, ""4"": 0.1322, ""5"": 0.1815, ""6"": 0.1085, ""7"": 0.061, ""8"": 0.033, ""9"": 0.019, ""10"": 0.012, ""11"": 0.0046, ""12"": 0.002, ""13"": 0.0011}",136,-136,4,-0.1148,0.1148,0.5,0.5388,0.4612,False,0.0,0.0,1.0,,,1,projected_minutes,,,True,False,True,14.442357447650732,14.442357447650732,,,1.0,phase13s_direct_lineup_injury_pmf_driver_v1,,0,1,1,0,0,0,0,0.0,0.0,0,0.0,0.0,0.0,0.0,0.0,0.0,0.0,0.0,0.0,0.0,0.0,0.0,0.0,0.0,0.0,0.0,0.0,0.0,0.0,0.0,0.0,0.0,0.0,0.028984548762615685,0.007983230782981495,0.008661120074305263,0.004800512095125004,0.002071547080343077,-0.0005930280848728237,-0.0014675478675916346
2026-06-13,202,Josh Hart,21716138,New York Knicks @ San Antonio Spurs,20,NYK,SAS,fg3m,OVER,1.5,140,140,-155,fanduel,0.5318,0.5318,0.5318,role_aware_pmf_cal_v1:monotone_inactive_global_v1:starter,0.4067,0.1251,0.2764,0.03,2.0,"{""0.1"": 0.0, ""0.2"": 1.0, ""0.25"": 1.0, ""0.33"": 1.0, ""0.4"": 1.0, ""0.5"": 2.0, ""0.6"": 2.0, ""0.67"": 2.0, ""0.75"": 3.0, ""0.8"": 3.0, ""0.9"": 4.0}",0,3,0.0345,pmf_cal,True,False,"{""0"": 0.1498, ""1"": 0.3184, ""2"": 0.2423, ""3"": 0.1886, ""4"": 0.0581, ""5"": 0.0428}",-114,114,2,0.1251,-0.1251,-0.5,0.4067,0.5933,False,0.0,0.0,1.0,,,1,projected_minutes,,,True,False,True,14.442357447650732,14.442357447650732,,,1.0,phase13s_direct_lineup_injury_pmf_driver_v1,,0,1,1,0,0,0,0,0.0,0.0,0,0.0,0.0,0.0,0.0,0.0,0.0,0.0,0.0,0.0,0.0,0.0,0.0,0.0,0.0,0.0,0.0,0.0,0.0,0.0,0.0,0.0,0.0,0.0,0.028984548762615685,0.007983230782981495,0.008661120074305263,0.004800512095125004,0.002071547080343077,-0.0005930280848728237,-0.0014675478675916346
2026-06-13,202,Josh Hart,21716138,New York Knicks @ San Antonio Spurs,20,NYK,SAS,stl,UNDER,1.5,-175,163,-175,betparx,0.7591,0.7591,0.7591,role_aware_pmf_cal_v1:monotone_inactive_global_v1:starter,0.626,0.1331,0.1928,0.051,1.0,"{""0.1"": 0.0, ""0.2"": 0.0, ""0.25"": 0.0, ""0.33"": 0.0, ""0.4"": 0.0, ""0.5"": 1.0, ""0.6"": 1.0, ""0.67"": 1.0, ""0.75"": 1.0, ""0.8"": 2.0, ""0.9"": 3.0}",0,3,0.0266,pmf_cal,True,True,"{""0"": 0.4346, ""1"": 0.3244, ""2"": 0.1173, ""3"": 0.0905, ""4"": 0.0331}",315,-315,1,-0.1331,0.1331,0.5,0.374,0.626,False,0.0,0.0,1.0,,,1,projected_minutes,,,True,False,True,14.442357447650732,14.442357447650732,,,1.0,phase13s_direct_lineup_injury_pmf_driver_v1,,0,1,1,0,0,0,0,0.0,0.0,0,0.0,0.0,0.0,0.0,0.0,0.0,0.0,0.0,0.0,0.0,0.0,0.0,0.0,0.0,0.0,0.0,0.0,0.0,0.0,0.0,0.0,0.0,0.0,0.028984548762615685,0.007983230782981495,0.008661120074305263,0.004800512095125004,0.002071547080343077,-0.0005930280848728237,-0.0014675478675916346
2026-06-13,1028025261,Stephon Castle,21716138,New York Knicks @ San Antonio Spurs,27,SAS,NYK,ast,UNDER,6.5,-111,100,-111,betway,0.6953,0.6953,0.6953,role_aware_pmf_cal_v1:monotone_inactive_global_v1:starter,0.5127,0.1826,0.3218,0.054,5.0,"{""0.1"": 1.0, ""0.2"": 3.0, ""0.25"": 3.0, ""0.33"": 4.0, ""0.4"": 4.0, ""0.5"": 5.0, ""0.6"": 6.0, ""0.67"": 6.0, ""0.75"": 7.0, ""0.8"": 7.0, ""0.9"": 9.0}",0,3,0.0361,pmf_cal,True,False,"{""0"": 0.0436, ""1"": 0.062, ""2"": 0.0825, ""3"": 0.0981, ""4"": 0.1421, ""5"": 0.1426, ""6"": 0.1244, ""7"": 0.1246, ""8"": 0.0756, ""9"": 0.0421, ""10"": 0.0278, ""11"": 0.0153, ""12"": 0.0103, ""13"": 0.0042, ""14"": 0.002, ""15"": 0.0012}",228,-228,5,-0.1826,0.1826,1.5,0.4873,0.5127,False,0.0,0.0,1.0,,,1,projected_minutes,,,True,False,True,14.442357447650732,14.442357447650732,,,1.0,phase13s_direct_lineup_injury_pmf_driver_v1,,0,1,1,0,0,0,0,0.0,0.0,0,0.0,0.0,0.0,0.0,0.0,0.0,0.0,0.0,0.0,0.0,0.0,0.0,0.0,0.0,0.0,0.0,0.0,0.0,0.0,0.0,0.0,0.0,0.0,0.028984548762615685,0.007983230782981495,0.008661120074305263,0.004800512095125004,0.002071547080343077,-0.0005930280848728237,-0.0014675478675916346
2026-06-13,3547246,Devin Vassell,21716138,New York Knicks @ San Antonio Spurs,27,SAS,NYK,pts,UNDER,13.5,102,-105,102,betway,0.677,0.677,0.677,role_aware_pmf_cal_v1:monotone_inactive_global_v1:starter,0.4915,0.1855,0.3675,0.054,11.0,"{""0.1"": 4.0, ""0.2"": 6.0, ""0.25"": 7.0, ""0.33"": 8.0, ""0.4"": 9.0, ""0.5"": 11.0, ""0.6"": 12.0, ""0.67"": 13.0, ""0.75"": 15.0, ""0.8"": 16.0, ""0.9"": 19.0}",0,3,0.025,pmf_cal,True,False,"{""0"": 0.022, ""1"": 0.0197, ""2"": 0.0268, ""3"": 0.0298, ""4"": 0.045, ""5"": 0.0446, ""6"": 0.0558, ""7"": 0.0597, ""8"": 0.0554, ""9"": 0.0671, ""10"": 0.0689, ""11"": 0.0581, ""12"": 0.0686, ""13"": 0.0555, ""14"": 0.0486, ""15"": 0.0393, ""16"": 0.0396, ""17"": 0.0364, ""18"": 0.0294, ""19"": 0.0319, ""20"": 0.0172, ""21"": 0.0144, ""22"": 0.0179, ""23"": 0.0174, ""24"": 0.0061, ""25"": 0.0072, ""26"": 0.0045, ""27"": 0.004, ""28"": 0.0023, ""29"": 0.0025, ""30"": 0.0013}",210,-210,11,-0.1855,0.1855,2.5,0.5085,0.4915,False,0.0,0.0,1.0,,,1,projected_minutes,,,True,False,True,14.442357447650732,14.442357447650732,,,1.0,phase13s_direct_lineup_injury_pmf_driver_v1,,0,1,1,0,0,0,0,0.0,0.0,0,0.0,0.0,0.0,0.0,0.0,0.0,0.0,0.0,0.0,0.0,0.0,0.0,0.0,0.0,0.0,0.0,0.0,0.0,0.0,0.0,0.0,0.0,0.0,0.028984548762615685,0.007983230782981495,0.008661120074305263,0.004800512095125004,0.002071547080343077,-0.0005930280848728237,-0.0014675478675916346
2026-06-13,3547246,Devin Vassell,21716138,New York Knicks @ San Antonio Spurs,27,SAS,NYK,ast,UNDER,2.5,-125,115,-125,betmgm,0.5753,0.5753,0.5753,role_aware_pmf_cal_v1:monotone_inactive_global_v1:starter,0.5443,0.031,0.0356,0.007,2.0,"{""0.1"": 0.0, ""0.2"": 1.0, ""0.25"": 1.0, ""0.33"": 1.0, ""0.4"": 2.0, ""0.5"": 2.0, ""0.6"": 3.0, ""0.67"": 3.0, ""0.75"": 3.0, ""0.8"": 4.0, ""0.9"": 5.0}",0,3,0.0307,pmf_cal,True,False,"{""0"": 0.1664, ""1"": 0.1925, ""2"": 0.2164, ""3"": 0.2116, ""4"": 0.1016, ""5"": 0.054, ""6"": 0.0318, ""7"": 0.0147, ""8"": 0.0059, ""9"": 0.0027, ""10"": 0.0014}",135,-135,2,-0.031,0.031,0.5,0.4557,0.5443,False,0.0,0.0,1.0,,,1,projected_minutes,,,True,False,True,14.442357447650732,14.442357447650732,,,1.0,phase13s_direct_lineup_injury_pmf_driver_v1,,0,1,1,0,0,0,0,0.0,0.0,0,0.0,0.0,0.0,0.0,0.0,0.0,0.0,0.0,0.0,0.0,0.0,0.0,0.0,0.0,0.0,0.0,0.0,0.0,0.0,0.0,0.0,0.0,0.0,0.028984548762615685,0.007983230782981495,0.008661120074305263,0.004800512095125004,0.002071547080343077,-0.0005930280848728237,-0.0014675478675916346
2026-06-13,3547246,Devin Vassell,21716138,New York Knicks @ San Antonio Spurs,27,SAS,NYK,fg3m,UNDER,2.5,-105,-102,-105,draftkings,0.6794,0.6794,0.6794,role_aware_pmf_cal_v1:monotone_inactive_global_v1:starter,0.5036,0.1758,0.3264,0.051,2.0,"{""0.1"": 0.0, ""0.2"": 1.0, ""0.25"": 1.0, ""0.33"": 1.0, ""0.4"": 2.0, ""0.5"": 2.0, ""0.6"": 2.0, ""0.67"": 2.0, ""0.75"": 3.0, ""0.8"": 3.0, ""0.9"": 4.0}",0,3,0.0271,pmf_cal,True,False,"{""0"": 0.1017, ""1"": 0.2818, ""2"": 0.2958, ""3"": 0.2071, ""4"": 0.0667, ""5"": 0.0468}",212,-212,2,-0.1758,0.1758,0.5,0.4964,0.5036,False,0.0,0.0,1.0,,,1,projected_minutes,,,True,False,True,14.442357447650732,14.442357447650732,,,1.0,phase13s_direct_lineup_injury_pmf_driver_v1,,0,1,1,0,0,0,0,0.0,0.0,0,0.0,0.0,0.0,0.0,0.0,0.0,0.0,0.0,0.0,0.0,0.0,0.0,0.0,0.0,0.0,0.0,0.0,0.0,0.0,0.0,0.0,0.0,0.0,0.028984548762615685,0.007983230782981495,0.008661120074305263,0.004800512095125004,0.002071547080343077,-0.0005930280848728237,-0.0014675478675916346
2026-06-13,399,Mitchell Robinson,21716138,New York Knicks @ San Antonio Spurs,20,NYK,SAS,stl,UNDER,0.5,-170,135,-170,betparx,0.6776,0.6776,0.6776,role_aware_pmf_cal_v1:monotone_inactive_global_v1:bench,0.5967,0.0809,0.0761,0.019,0.0,"{""0.1"": 0.0, ""0.2"": 0.0, ""0.25"": 0.0, ""0.33"": 0.0, ""0.4"": 0.0, ""0.5"": 0.0, ""0.6"": 0.0, ""0.67"": 0.0, ""0.75"": 1.0, ""0.8"": 1.0, ""0.9"": 1.0}",0,0,0.0652,pmf_cal,True,True,"{""0"": 0.6776, ""1"": 0.2588, ""2"": 0.045, ""3"": 0.0186}",210,-210,0,-0.0809,0.0809,0.5,0.4033,0.5967,False,0.0,0.0,1.0,,,1,projected_minutes,,,True,False,True,14.442357447650732,14.442357447650732,,,1.0,phase13s_direct_lineup_injury_pmf_driver_v1,,0,1,1,0,0,0,0,0.0,0.0,0,0.0,0.0,0.0,0.0,0.0,0.0,0.0,0.0,0.0,0.0,0.0,0.0,0.0,0.0,0.0,0.0,0.0,0.0,0.0,0.0,0.0,0.0,0.0,0.028984548762615685,0.007983230782981495,0.008661120074305263,0.004800512095125004,0.002071547080343077,-0.0005930280848728237,-0.0014675478675916346
2026-06-13,399,Mitchell Robinson,21716138,New York Knicks @ San Antonio Spurs,20,NYK,SAS,blk,OVER,0.5,100,100,-121,draftkings,0.6004,0.6004,0.6004,role_aware_pmf_cal_v1:monotone_inactive_global_v1:bench,0.4773,0.1231,0.2009,0.03,1.0,"{""0.1"": 0.0, ""0.2"": 0.0, ""0.25"": 0.0, ""0.33"": 0.0, ""0.4"": 1.0, ""0.5"": 1.0, ""0.6"": 1.0, ""0.67"": 1.0, ""0.75"": 1.0, ""0.8"": 1.0, ""0.9"": 2.0}",0,0,0.0575,pmf_cal,True,True,"{""0"": 0.3996, ""1"": 0.4027, ""2"": 0.1388, ""3"": 0.0425, ""4"": 0.0165}",-150,150,1,0.1231,-0.1231,-0.5,0.4773,0.5227,False,0.0,0.0,1.0,,,1,projected_minutes,,,True,False,True,14.442357447650732,14.442357447650732,,,1.0,phase13s_direct_lineup_injury_pmf_driver_v1,,0,1,1,0,0,0,0,0.0,0.0,0,0.0,0.0,0.0,0.0,0.0,0.0,0.0,0.0,0.0,0.0,0.0,0.0,0.0,0.0,0.0,0.0,0.0,0.0,0.0,0.0,0.0,0.0,0.0,0.028984548762615685,0.007983230782981495,0.008661120074305263,0.004800512095125004,0.002071547080343077,-0.0005930280848728237,-0.0014675478675916346
2026-06-13,18,OG Anunoby,21716138,New York Knicks @ San Antonio Spurs,20,NYK,SAS,pts,UNDER,17.5,100,-110,100,betmgm,0.6577,0.6577,0.6577,role_aware_pmf_cal_v1:monotone_inactive_global_v1:starter,0.4884,0.1694,0.3155,0.047,15.0,"{""0.1"": 7.0, ""0.2"": 10.0, ""0.25"": 11.0, ""0.33"": 12.0, ""0.4"": 14.0, ""0.5"": 15.0, ""0.6"": 17.0, ""0.67"": 18.0, ""0.75"": 20.0, ""0.8"": 21.0, ""0.9"": 24.0}",0,3,0.0338,pmf_cal,True,False,"{""0"": 0.007, ""1"": 0.0138, ""2"": 0.0117, ""3"": 0.0107, ""4"": 0.012, ""5"": 0.0171, ""6"": 0.0175, ""7"": 0.0252, ""8"": 0.0348, ""9"": 0.0333, ""10"": 0.0471, ""11"": 0.0445, ""12"": 0.0594, ""13"": 0.0526, ""14"": 0.0737, ""15"": 0.0623, ""16"": 0.069, ""17"": 0.0659, ""18"": 0.044, ""19"": 0.0436, ""20"": 0.0351, ""21"": 0.0366, ""22"": 0.0284, ""23"": 0.0255, ""24"": 0.029, ""25"": 0.0165, ""26"": 0.0108, ""27"": 0.0141, ""28"": 0.0131, ""29"": 0.0143, ""30"": 0.0047, ""31"": 0.0036, ""32"": 0.0064, ""33"": 0.0038, ""34"": 0.0037, ""35"": 0.0019, ""36"": 0.0021, ""37"": 0.0013}",192,-192,15,-0.1693,0.1693,2.5,0.5116,0.4884,False,0.0,0.0,1.0,,,1,projected_minutes,,,True,False,True,14.442357447650732,14.442357447650732,,,1.0,phase13s_direct_lineup_injury_pmf_driver_v1,,0,1,1,0,0,0,0,0.0,0.0,0,0.0,0.0,0.0,0.0,0.0,0.0,0.0,0.0,0.0,0.0,0.0,0.0,0.0,0.0,0.0,0.0,0.0,0.0,0.0,0.0,0.0,0.0,0.0,0.028984548762615685,0.007983230782981495,0.008661120074305263,0.004800512095125004,0.002071547080343077,-0.0005930280848728237,-0.0014675478675916346
2026-06-13,18,OG Anunoby,21716138,New York Knicks @ San Antonio Spurs,20,NYK,SAS,fg3m,UNDER,2.5,-112,110,-112,betmgm,0.6606,0.6606,0.6606,role_aware_pmf_cal_v1:monotone_inactive_global_v1:starter,0.5259,0.1346,0.2504,0.042,2.0,"{""0.1"": 1.0, ""0.2"": 1.0, ""0.25"": 1.0, ""0.33"": 1.0, ""0.4"": 2.0, ""0.5"": 2.0, ""0.6"": 2.0, ""0.67"": 3.0, ""0.75"": 3.0, ""0.8"": 3.0, ""0.9"": 4.0}",0,3,0.025,pmf_cal,True,False,"{""0"": 0.0965, ""1"": 0.2761, ""2"": 0.2879, ""3"": 0.2251, ""4"": 0.0667, ""5"": 0.0477}",195,-195,2,-0.1347,0.1347,0.5,0.4741,0.5259,False,0.0,0.0,1.0,,,1,projected_minutes,,,True,False,True,14.442357447650732,14.442357447650732,,,1.0,phase13s_direct_lineup_injury_pmf_driver_v1,,0,1,1,0,0,0,0,0.0,0.0,0,0.0,0.0,0.0,0.0,0.0,0.0,0.0,0.0,0.0,0.0,0.0,0.0,0.0,0.0,0.0,0.0,0.0,0.0,0.0,0.0,0.0,0.0,0.0,0.028984548762615685,0.007983230782981495,0.008661120074305263,0.004800512095125004,0.002071547080343077,-0.0005930280848728237,-0.0014675478675916346
2026-06-13,18,OG Anunoby,21716138,New York Knicks @ San Antonio Spurs,20,NYK,SAS,stl,UNDER,1.5,-164,155,-164,betway,0.7801,0.7801,0.7801,role_aware_pmf_cal_v1:monotone_inactive_global_v1:starter,0.613,0.1671,0.2557,0.063,1.0,"{""0.1"": 0.0, ""0.2"": 0.0, ""0.25"": 0.0, ""0.33"": 0.0, ""0.4"": 1.0, ""0.5"": 1.0, ""0.6"": 1.0, ""0.67"": 1.0, ""0.75"": 1.0, ""0.8"": 2.0, ""0.9"": 3.0}",0,3,0.025,pmf_cal,True,True,"{""0"": 0.3989, ""1"": 0.3812, ""2"": 0.1113, ""3"": 0.0729, ""4"": 0.0357}",355,-355,1,-0.1671,0.1671,0.5,0.387,0.613,False,0.0,0.0,1.0,,,1,projected_minutes,,,True,False,True,14.442357447650732,14.442357447650732,,,1.0,phase13s_direct_lineup_injury_pmf_driver_v1,,0,1,1,0,0,0,0,0.0,0.0,0,0.0,0.0,0.0,0.0,0.0,0.0,0.0,0.0,0.0,0.0,0.0,0.0,0.0,0.0,0.0,0.0,0.0,0.0,0.0,0.0,0.0,0.0,0.0,0.028984548762615685,0.007983230782981495,0.008661120074305263,0.004800512095125004,0.002071547080343077,-0.0005930280848728237,-0.0014675478675916346
2026-06-13,1057262518,Dylan Harper,21716138,New York Knicks @ San Antonio Spurs,27,SAS,NYK,pts,UNDER,14.5,102,-120,102,betmgm,0.6876,0.6876,0.6876,role_aware_pmf_cal_v1:monotone_inactive_global_v1:core,0.4758,0.2118,0.3889,0.057,11.0,"{""0.1"": 4.0, ""0.2"": 6.0, ""0.25"": 7.0, ""0.33"": 8.0, ""0.4"": 10.0, ""0.5"": 11.0, ""0.6"": 13.0, ""0.67"": 14.0, ""0.75"": 16.0, ""0.8"": 18.0, ""0.9"": 21.0}",0,2,0.0505,pmf_cal,True,False,"{""0"": 0.017, ""1"": 0.0174, ""2"": 0.0308, ""3"": 0.0316, ""4"": 0.034, ""5"": 0.0458, ""6"": 0.049, ""7"": 0.0518, ""8"": 0.0616, ""9"": 0.0511, ""10"": 0.0706, ""11"": 0.0588, ""12"": 0.058, ""13"": 0.0607, ""14"": 0.0494, ""15"": 0.0421, ""16"": 0.0399, ""17"": 0.0265, ""18"": 0.033, ""19"": 0.0321, ""20"": 0.0286, ""21"": 0.0117, ""22"": 0.0123, ""23"": 0.0291, ""24"": 0.0192, ""25"": 0.0076, ""26"": 0.0062, ""27"": 0.0053, ""28"": 0.0055, ""29"": 0.0048, ""30"": 0.0024, ""31"": 0.0022, ""32"": 0.001}",220,-220,11,-0.2118,0.2118,3.5,0.5242,0.4758,False,0.0,0.0,1.0,,,1,projected_minutes,,,True,False,True,14.442357447650732,14.442357447650732,,,1.0,phase13s_direct_lineup_injury_pmf_driver_v1,,0,1,1,0,0,0,0,0.0,0.0,0,0.0,0.0,0.0,0.0,0.0,0.0,0.0,0.0,0.0,0.0,0.0,0.0,0.0,0.0,0.0,0.0,0.0,0.0,0.0,0.0,0.0,0.0,0.0,0.028984548762615685,0.007983230782981495,0.008661120074305263,0.004800512095125004,0.002071547080343077,-0.0005930280848728237,-0.0014675478675916346
2026-06-13,1057262518,Dylan Harper,21716138,New York Knicks @ San Antonio Spurs,27,SAS,NYK,reb,UNDER,5.5,108,-125,108,fanduel,0.638,0.638,0.638,role_aware_pmf_cal_v1:monotone_inactive_global_v1:core,0.4639,0.174,0.327,0.045,4.0,"{""0.1"": 1.0, ""0.2"": 2.0, ""0.25"": 3.0, ""0.33"": 3.0, ""0.4"": 4.0, ""0.5"": 4.0, ""0.6"": 5.0, ""0.67"": 6.0, ""0.75"": 7.0, ""0.8"": 7.0, ""0.9"": 9.0}",0,2,0.0463,pmf_cal,True,False,"{""0"": 0.0443, ""1"": 0.0738, ""2"": 0.0936, ""3"": 0.1498, ""4"": 0.1389, ""5"": 0.1376, ""6"": 0.099, ""7"": 0.0953, ""8"": 0.0595, ""9"": 0.0428, ""10"": 0.0195, ""11"": 0.0171, ""12"": 0.0159, ""13"": 0.0044, ""14"": 0.003, ""15"": 0.0032, ""16"": 0.001}",176,-176,4,-0.1741,0.1741,1.5,0.5361,0.4639,False,0.0,0.0,1.0,,,1,projected_minutes,,,True,False,True,14.442357447650732,14.442357447650732,,,1.0,phase13s_direct_lineup_injury_pmf_driver_v1,,0,1,1,0,0,0,0,0.0,0.0,0,0.0,0.0,0.0,0.0,0.0,0.0,0.0,0.0,0.0,0.0,0.0,0.0,0.0,0.0,0.0,0.0,0.0,0.0,0.0,0.0,0.0,0.0,0.0,0.028984548762615685,0.007983230782981495,0.008661120074305263,0.004800512095125004,0.002071547080343077,-0.0005930280848728237,-0.0014675478675916346
2026-06-13,1057262518,Dylan Harper,21716138,New York Knicks @ San Antonio Spurs,27,SAS,NYK,ast,UNDER,3.5,-142,129,-142,draftkings,0.7338,0.7338,0.7338,role_aware_pmf_cal_v1:monotone_inactive_global_v1:core,0.5733,0.1605,0.2505,0.053,2.0,"{""0.1"": 0.0, ""0.2"": 1.0, ""0.25"": 1.0, ""0.33"": 1.0, ""0.4"": 2.0, ""0.5"": 2.0, ""0.6"": 3.0, ""0.67"": 3.0, ""0.75"": 4.0, ""0.8"": 4.0, ""0.9"": 5.0}",0,2,0.0335,pmf_cal,True,False,"{""0"": 0.1702, ""1"": 0.2001, ""2"": 0.1881, ""3"": 0.1754, ""4"": 0.0978, ""5"": 0.0924, ""6"": 0.0398, ""7"": 0.0164, ""8"": 0.0122, ""9"": 0.0037, ""10"": 0.002}",276,-276,2,-0.1605,0.1605,1.5,0.4267,0.5733,False,0.0,0.0,1.0,,,1,projected_minutes,,,True,False,True,14.442357447650732,14.442357447650732,,,1.0,phase13s_direct_lineup_injury_pmf_driver_v1,,0,1,1,0,0,0,0,0.0,0.0,0,0.0,0.0,0.0,0.0,0.0,0.0,0.0,0.0,0.0,0.0,0.0,0.0,0.0,0.0,0.0,0.0,0.0,0.0,0.0,0.0,0.0,0.0,0.0,0.028984548762615685,0.007983230782981495,0.008661120074305263,0.004800512095125004,0.002071547080343077,-0.0005930280848728237,-0.0014675478675916346
2026-06-13,1057262518,Dylan Harper,21716138,New York Knicks @ San Antonio Spurs,27,SAS,NYK,blk,UNDER,0.5,-326,250,-326,betway,0.8336,0.8336,0.8336,role_aware_pmf_cal_v1:monotone_inactive_global_v1:core,0.7281,0.1055,0.0893,0.044,0.0,"{""0.1"": 0.0, ""0.2"": 0.0, ""0.25"": 0.0, ""0.33"": 0.0, ""0.4"": 0.0, ""0.5"": 0.0, ""0.6"": 0.0, ""0.67"": 0.0, ""0.75"": 0.0, ""0.8"": 0.0, ""0.9"": 1.0}",0,2,0.061,pmf_cal,True,True,"{""0"": 0.8336, ""1"": 0.1476, ""2"": 0.0137, ""3"": 0.005}",501,-501,0,-0.1055,0.1055,0.5,0.2719,0.7281,False,0.0,0.0,1.0,,,1,projected_minutes,,,True,False,True,14.442357447650732,14.442357447650732,,,1.0,phase13s_direct_lineup_injury_pmf_driver_v1,,0,1,1,0,0,0,0,0.0,0.0,0,0.0,0.0,0.0,0.0,0.0,0.0,0.0,0.0,0.0,0.0,0.0,0.0,0.0,0.0,0.0,0.0,0.0,0.0,0.0,0.0,0.0,0.0,0.0,0.028984548762615685,0.007983230782981495,0.008661120074305263,0.004800512095125004,0.002071547080343077,-0.0005930280848728237,-0.0014675478675916346
2026-06-13,666682,Keldon Johnson,21716138,New York Knicks @ San Antonio Spurs,27,SAS,NYK,reb,UNDER,2.5,118,-138,118,fanduel,0.5491,0.5491,0.5491,role_aware_pmf_cal_v1:monotone_inactive_global_v1:bench,0.4417,0.1074,0.197,0.025,2.0,"{""0.1"": 0.0, ""0.2"": 1.0, ""0.25"": 1.0, ""0.33"": 1.0, ""0.4"": 2.0, ""0.5"": 2.0, ""0.6"": 3.0, ""0.67"": 3.0, ""0.75"": 4.0, ""0.8"": 4.0, ""0.9"": 5.0}",0,1,0.0485,pmf_cal,True,False,"{""0"": 0.1911, ""1"": 0.1735, ""2"": 0.1846, ""3"": 0.1922, ""4"": 0.091, ""5"": 0.0738, ""6"": 0.0395, ""7"": 0.029, ""8"": 0.014, ""9"": 0.0055, ""10"": 0.0024, ""11"": 0.0018}",122,-122,2,-0.1074,0.1074,0.5,0.5583,0.4417,False,0.0,0.0,1.0,,,1,projected_minutes,,,True,False,True,14.442357447650732,14.442357447650732,,,1.0,phase13s_direct_lineup_injury_pmf_driver_v1,,0,1,1,0,0,0,0,0.0,0.0,0,0.0,0.0,0.0,0.0,0.0,0.0,0.0,0.0,0.0,0.0,0.0,0.0,0.0,0.0,0.0,0.0,0.0,0.0,0.0,0.0,0.0,0.0,0.0,0.028984548762615685,0.007983230782981495,0.008661120074305263,0.004800512095125004,0.002071547080343077,-0.0005930280848728237,-0.0014675478675916346
2026-06-13,666682,Keldon Johnson,21716138,New York Knicks @ San Antonio Spurs,27,SAS,NYK,fg3m,OVER,0.5,-103,-103,-110,draftkings,0.7889,0.7889,0.7889,role_aware_pmf_cal_v1:monotone_inactive_global_v1:bench,0.492,0.2969,0.5549,0.086,1.0,"{""0.1"": 0.0, ""0.2"": 0.0, ""0.25"": 1.0, ""0.33"": 1.0, ""0.4"": 1.0, ""0.5"": 1.0, ""0.6"": 2.0, ""0.67"": 2.0, ""0.75"": 2.0, ""0.8"": 2.0, ""0.9"": 3.0}",0,1,0.0412,pmf_cal,True,False,"{""0"": 0.2111, ""1"": 0.3531, ""2"": 0.2787, ""3"": 0.0936, ""4"": 0.0635}",-374,374,1,0.2969,-0.2969,-0.5,0.492,0.508,False,0.0,0.0,1.0,,,1,projected_minutes,,,True,False,True,14.442357447650732,14.442357447650732,,,1.0,phase13s_direct_lineup_injury_pmf_driver_v1,,0,1,1,0,0,0,0,0.0,0.0,0,0.0,0.0,0.0,0.0,0.0,0.0,0.0,0.0,0.0,0.0,0.0,0.0,0.0,0.0,0.0,0.0,0.0,0.0,0.0,0.0,0.0,0.0,0.0,0.028984548762615685,0.007983230782981495,0.008661120074305263,0.004800512095125004,0.002071547080343077,-0.0005930280848728237,-0.0014675478675916346
2026-06-13,666682,Keldon Johnson,21716138,New York Knicks @ San Antonio Spurs,27,SAS,NYK,stl,UNDER,0.5,-152,143,-152,draftkings,0.675,0.675,0.675,role_aware_pmf_cal_v1:monotone_inactive_global_v1:bench,0.5944,0.0806,0.1191,0.027,0.0,"{""0.1"": 0.0, ""0.2"": 0.0, ""0.25"": 0.0, ""0.33"": 0.0, ""0.4"": 0.0, ""0.5"": 0.0, ""0.6"": 0.0, ""0.67"": 0.0, ""0.75"": 1.0, ""0.8"": 1.0, ""0.9"": 2.0}",0,1,0.025,pmf_cal,True,True,"{""0"": 0.675, ""1"": 0.2171, ""2"": 0.0846, ""3"": 0.0192, ""4"": 0.0041}",208,-208,0,-0.0806,0.0806,0.5,0.4056,0.5944,False,0.0,0.0,1.0,,,1,projected_minutes,,,True,False,True,14.442357447650732,14.442357447650732,,,1.0,phase13s_direct_lineup_injury_pmf_driver_v1,,0,1,1,0,0,0,0,0.0,0.0,0,0.0,0.0,0.0,0.0,0.0,0.0,0.0,0.0,0.0,0.0,0.0,0.0,0.0,0.0,0.0,0.0,0.0,0.0,0.0,0.0,0.0,0.0,0.0,0.028984548762615685,0.007983230782981495,0.008661120074305263,0.004800512095125004,0.002071547080343077,-0.0005930280848728237,-0.0014675478675916346
2026-06-13,61,Mikal Bridges,21716138,New York Knicks @ San Antonio Spurs,20,NYK,SAS,ast,UNDER,2.5,110,-122,110,draftkings,0.5494,0.5494,0.5494,role_aware_pmf_cal_v1:monotone_inactive_global_v1:starter,0.4642,0.0852,0.1538,0.021,2.0,"{""0.1"": 0.0, ""0.2"": 1.0, ""0.25"": 1.0, ""0.33"": 2.0, ""0.4"": 2.0, ""0.5"": 2.0, ""0.6"": 3.0, ""0.67"": 3.0, ""0.75"": 4.0, ""0.8"": 4.0, ""0.9"": 5.0}",0,3,0.0357,pmf_cal,True,False,"{""0"": 0.1429, ""1"": 0.1765, ""2"": 0.23, ""3"": 0.1544, ""4"": 0.145, ""5"": 0.0731, ""6"": 0.0381, ""7"": 0.0206, ""8"": 0.0114, ""9"": 0.0042, ""10"": 0.0018, ""11"": 0.001}",122,-122,2,-0.0852,0.0852,0.5,0.5358,0.4642,False,0.0,0.0,1.0,,,1,projected_minutes,,,True,False,True,14.442357447650732,14.442357447650732,,,1.0,phase13s_direct_lineup_injury_pmf_driver_v1,,0,1,1,0,0,0,0,0.0,0.0,0,0.0,0.0,0.0,0.0,0.0,0.0,0.0,0.0,0.0,0.0,0.0,0.0,0.0,0.0,0.0,0.0,0.0,0.0,0.0,0.0,0.0,0.0,0.0,0.028984548762615685,0.007983230782981495,0.008661120074305263,0.004800512095125004,0.002071547080343077,-0.0005930280848728237,-0.0014675478675916346
2026-06-13,61,Mikal Bridges,21716138,New York Knicks @ San Antonio Spurs,20,NYK,SAS,fg3m,UNDER,1.5,-159,140,-159,betmgm,0.6936,0.6936,0.6936,role_aware_pmf_cal_v1:monotone_inactive_global_v1:starter,0.5957,0.0979,0.1299,0.031,1.0,"{""0.1"": 0.0, ""0.2"": 0.0, ""0.25"": 0.0, ""0.33"": 1.0, ""0.4"": 1.0, ""0.5"": 1.0, ""0.6"": 1.0, ""0.67"": 1.0, ""0.75"": 2.0, ""0.8"": 2.0, ""0.9"": 2.0}",0,3,0.0406,pmf_cal,True,False,"{""0"": 0.2835, ""1"": 0.4101, ""2"": 0.2472, ""3"": 0.0591}",226,-226,1,-0.0979,0.0979,0.5,0.4043,0.5957,False,0.0,0.0,1.0,,,1,projected_minutes,,,True,False,True,14.442357447650732,14.442357447650732,,,1.0,phase13s_direct_lineup_injury_pmf_driver_v1,,0,1,1,0,0,0,0,0.0,0.0,0,0.0,0.0,0.0,0.0,0.0,0.0,0.0,0.0,0.0,0.0,0.0,0.0,0.0,0.0,0.0,0.0,0.0,0.0,0.0,0.0,0.0,0.0,0.0,0.028984548762615685,0.007983230782981495,0.008661120074305263,0.004800512095125004,0.002071547080343077,-0.0005930280848728237,-0.0014675478675916346
2026-06-13,61,Mikal Bridges,21716138,New York Knicks @ San Antonio Spurs,20,NYK,SAS,blk,UNDER,0.5,-165,142,-165,draftkings,0.6852,0.6852,0.6852,role_aware_pmf_cal_v1:monotone_inactive_global_v1:starter,0.6011,0.0841,0.1004,0.025,0.0,"{""0.1"": 0.0, ""0.2"": 0.0, ""0.25"": 0.0, ""0.33"": 0.0, ""0.4"": 0.0, ""0.5"": 0.0, ""0.6"": 0.0, ""0.67"": 0.0, ""0.75"": 1.0, ""0.8"": 1.0, ""0.9"": 1.0}",0,3,0.0459,pmf_cal,True,True,"{""0"": 0.6852, ""1"": 0.2464, ""2"": 0.0547, ""3"": 0.0132}",218,-218,0,-0.0841,0.0841,0.5,0.3989,0.6011,False,0.0,0.0,1.0,,,1,projected_minutes,,,True,False,True,14.442357447650732,14.442357447650732,,,1.0,phase13s_direct_lineup_injury_pmf_driver_v1,,0,1,1,0,0,0,0,0.0,0.0,0,0.0,0.0,0.0,0.0,0.0,0.0,0.0,0.0,0.0,0.0,0.0,0.0,0.0,0.0,0.0,0.0,0.0,0.0,0.0,0.0,0.0,0.0,0.0,0.028984548762615685,0.007983230782981495,0.008661120074305263,0.004800512095125004,0.002071547080343077,-0.0005930280848728237,-0.0014675478675916346
2026-06-13,56677822,Victor Wembanyama,21716138,New York Knicks @ San Antonio Spurs,27,SAS,NYK,pts,UNDER,28.5,-104,-104,-104,fanduel,0.7465,0.7465,0.7465,role_aware_pmf_cal_v1:monotone_inactive_global_v1:starter,0.5,0.2465,0.4644,0.072,23.0,"{""0.1"": 11.0, ""0.2"": 15.0, ""0.25"": 17.0, ""0.33"": 19.0, ""0.4"": 21.0, ""0.5"": 23.0, ""0.6"": 25.0, ""0.67"": 26.0, ""0.75"": 29.0, ""0.8"": 30.0, ""0.9"": 34.0}",0,3,0.0296,pmf_cal,True,False,"{""0"": 0.0054, ""1"": 0.0072, ""2"": 0.0075, ""3"": 0.0072, ""4"": 0.0064, ""5"": 0.0064, ""6"": 0.0073, ""7"": 0.0082, ""8"": 0.0123, ""9"": 0.0101, ""10"": 0.0117, ""11"": 0.0152, ""12"": 0.022, ""13"": 0.0215, ""14"": 0.0241, ""15"": 0.03, ""16"": 0.033, ""17"": 0.0304, ""18"": 0.0417, ""19"": 0.0375, ""20"": 0.0377, ""21"": 0.0502, ""22"": 0.0483, ""23"": 0.0482, ""24"": 0.0517, ""25"": 0.0467, ""26"": 0.0448, ""27"": 0.0365, ""28"": 0.0374, ""29"": 0.0306, ""30"": 0.0307, ""31"": 0.0275, ""32"": 0.0257, ""33"": 0.0189, ""34"": 0.0245, ""35"": 0.0128, ""36"": 0.0096, ""37"": 0.0127, ""38"": 0.0112, ""39"": 0.0131, ""40"": 0.0076, ""41"": 0.004, ""42"": 0.0044, ""43"": 0.0042, ""44"": 0.0032, ""45"": 0.0035, ""46"": 0.0017, ""47"": 0.0021, ""48"": 0.0013}",295,-295,23,-0.2465,0.2465,5.5,0.5,0.5,False,0.0,0.0,1.0,,,1,projected_minutes,,,True,False,True,14.442357447650732,14.442357447650732,,,1.0,phase13s_direct_lineup_injury_pmf_driver_v1,,0,1,1,0,0,0,0,0.0,0.0,0,0.0,0.0,0.0,0.0,0.0,0.0,0.0,0.0,0.0,0.0,0.0,0.0,0.0,0.0,0.0,0.0,0.0,0.0,0.0,0.0,0.0,0.0,0.0,0.028984548762615685,0.007983230782981495,0.008661120074305263,0.004800512095125004,0.002071547080343077,-0.0005930280848728237,-0.0014675478675916346
2026-06-13,56677822,Victor Wembanyama,21716138,New York Knicks @ San Antonio Spurs,27,SAS,NYK,reb,UNDER,11.5,-107,-114,-107,betparx,0.7699,0.7699,0.7699,role_aware_pmf_cal_v1:monotone_inactive_global_v1:starter,0.4925,0.2775,0.4895,0.079,9.0,"{""0.1"": 4.0, ""0.2"": 6.0, ""0.25"": 6.0, ""0.33"": 7.0, ""0.4"": 8.0, ""0.5"": 9.0, ""0.6"": 10.0, ""0.67"": 10.0, ""0.75"": 11.0, ""0.8"": 12.0, ""0.9"": 14.0}",0,3,0.0596,pmf_cal,True,False,"{""0"": 0.013, ""1"": 0.0187, ""2"": 0.0238, ""3"": 0.0326, ""4"": 0.0406, ""5"": 0.0563, ""6"": 0.0694, ""7"": 0.0787, ""8"": 0.1095, ""9"": 0.1254, ""10"": 0.1151, ""11"": 0.0869, ""12"": 0.0555, ""13"": 0.0577, ""14"": 0.0409, ""15"": 0.0226, ""16"": 0.0183, ""17"": 0.0135, ""18"": 0.0119, ""19"": 0.0039, ""20"": 0.0021, ""21"": 0.0013, ""22"": 0.001}",335,-335,9,-0.2774,0.2774,2.5,0.5075,0.4925,False,0.0,0.0,1.0,,,1,projected_minutes,,,True,False,True,14.442357447650732,14.442357447650732,,,1.0,phase13s_direct_lineup_injury_pmf_driver_v1,,0,1,1,0,0,0,0,0.0,0.0,0,0.0,0.0,0.0,0.0,0.0,0.0,0.0,0.0,0.0,0.0,0.0,0.0,0.0,0.0,0.0,0.0,0.0,0.0,0.0,0.0,0.0,0.0,0.0,0.028984548762615685,0.007983230782981495,0.008661120074305263,0.004800512095125004,0.002071547080343077,-0.0005930280848728237,-0.0014675478675916346
2026-06-13,56677822,Victor Wembanyama,21716138,New York Knicks @ San Antonio Spurs,27,SAS,NYK,ast,UNDER,3.5,-140,120,-140,betway,0.6975,0.6975,0.6975,role_aware_pmf_cal_v1:monotone_inactive_global_v1:starter,0.562,0.1355,0.1957,0.041,2.0,"{""0.1"": 0.0, ""0.2"": 1.0, ""0.25"": 1.0, ""0.33"": 2.0, ""0.4"": 2.0, ""0.5"": 2.0, ""0.6"": 3.0, ""0.67"": 3.0, ""0.75"": 4.0, ""0.8"": 4.0, ""0.9"": 5.0}",0,3,0.0479,pmf_cal,True,False,"{""0"": 0.1161, ""1"": 0.1812, ""2"": 0.2138, ""3"": 0.1864, ""4"": 0.1617, ""5"": 0.0707, ""6"": 0.0367, ""7"": 0.0196, ""8"": 0.0081, ""9"": 0.003, ""10"": 0.0015}",231,-231,2,-0.1355,0.1355,1.5,0.438,0.562,False,0.0,0.0,1.0,,,1,projected_minutes,,,True,False,True,14.442357447650732,14.442357447650732,,,1.0,phase13s_direct_lineup_injury_pmf_driver_v1,,0,1,1,0,0,0,0,0.0,0.0,0,0.0,0.0,0.0,0.0,0.0,0.0,0.0,0.0,0.0,0.0,0.0,0.0,0.0,0.0,0.0,0.0,0.0,0.0,0.0,0.0,0.0,0.0,0.0,0.028984548762615685,0.007983230782981495,0.008661120074305263,0.004800512095125004,0.002071547080343077,-0.0005930280848728237,-0.0014675478675916346
2026-06-13,56677822,Victor Wembanyama,21716138,New York Knicks @ San Antonio Spurs,27,SAS,NYK,stl,UNDER,1.5,-179,155,-179,betparx,0.7352,0.7352,0.7352,role_aware_pmf_cal_v1:monotone_inactive_global_v1:starter,0.6206,0.1145,0.1459,0.039,1.0,"{""0.1"": 0.0, ""0.2"": 0.0, ""0.25"": 0.0, ""0.33"": 1.0, ""0.4"": 1.0, ""0.5"": 1.0, ""0.6"": 1.0, ""0.67"": 1.0, ""0.75"": 2.0, ""0.8"": 2.0, ""0.9"": 3.0}",0,3,0.0437,pmf_cal,True,True,"{""0"": 0.3129, ""1"": 0.4222, ""2"": 0.141, ""3"": 0.0757, ""4"": 0.0481}",278,-278,1,-0.1146,0.1146,0.5,0.3794,0.6206,False,0.0,0.0,1.0,,,1,projected_minutes,,,True,False,True,14.442357447650732,14.442357447650732,,,1.0,phase13s_direct_lineup_injury_pmf_driver_v1,,0,1,1,0,0,0,0,0.0,0.0,0,0.0,0.0,0.0,0.0,0.0,0.0,0.0,0.0,0.0,0.0,0.0,0.0,0.0,0.0,0.0,0.0,0.0,0.0,0.0,0.0,0.0,0.0,0.0,0.028984548762615685,0.007983230782981495,0.008661120074305263,0.004800512095125004,0.002071547080343077,-0.0005930280848728237,-0.0014675478675916346
2026-06-13,56677822,Victor Wembanyama,21716138,New York Knicks @ San Antonio Spurs,27,SAS,NYK,blk,UNDER,3.5,-115,105,-115,draftkings,0.836,0.836,0.836,role_aware_pmf_cal_v1:monotone_inactive_global_v1:starter,0.523,0.313,0.5629,0.097,2.0,"{""0.1"": 0.0, ""0.2"": 1.0, ""0.25"": 1.0, ""0.33"": 1.0, ""0.4"": 2.0, ""0.5"": 2.0, ""0.6"": 2.0, ""0.67"": 3.0, ""0.75"": 3.0, ""0.8"": 3.0, ""0.9"": 4.0}",0,3,0.0327,pmf_cal,True,True,"{""0"": 0.1483, ""1"": 0.24, ""2"": 0.2773, ""3"": 0.1704, ""4"": 0.1232, ""5"": 0.0408}",510,-510,2,-0.313,0.313,1.5,0.477,0.523,False,0.0,0.0,1.0,,,1,projected_minutes,,,True,False,True,14.442357447650732,14.442357447650732,,,1.0,phase13s_direct_lineup_injury_pmf_driver_v1,,0,1,1,0,0,0,0,0.0,0.0,0,0.0,0.0,0.0,0.0,0.0,0.0,0.0,0.0,0.0,0.0,0.0,0.0,0.0,0.0,0.0,0.0,0.0,0.0,0.0,0.0,0.0,0.0,0.0,0.028984548762615685,0.007983230782981495,0.008661120074305263,0.004800512095125004,0.002071547080343077,-0.0005930280848728237,-0.0014675478675916346
2026-06-13,447,Karl-Anthony Towns,21716138,New York Knicks @ San Antonio Spurs,20,NYK,SAS,pts,UNDER,16.5,-110,100,-110,fanatics,0.671,0.671,0.671,role_aware_pmf_cal_v1:monotone_inactive_global_v1:starter,0.5116,0.1594,0.281,0.046,14.0,"{""0.1"": 5.0, ""0.2"": 8.0, ""0.25"": 9.0, ""0.33"": 11.0, ""0.4"": 12.0, ""0.5"": 14.0, ""0.6"": 15.0, ""0.67"": 16.0, ""0.75"": 18.0, ""0.8"": 20.0, ""0.9"": 23.0}",0,3,0.0338,pmf_cal,True,False,"{""0"": 0.0132, ""1"": 0.0148, ""2"": 0.013, ""3"": 0.0149, ""4"": 0.0227, ""5"": 0.0232, ""6"": 0.0341, ""7"": 0.0381, ""8"": 0.0491, ""9"": 0.0419, ""10"": 0.0549, ""11"": 0.0537, ""12"": 0.0652, ""13"": 0.0584, ""14"": 0.0558, ""15"": 0.0648, ""16"": 0.0531, ""17"": 0.0446, ""18"": 0.0434, ""19"": 0.0337, ""20"": 0.0361, ""21"": 0.033, ""22"": 0.0285, ""23"": 0.0254, ""24"": 0.0125, ""25"": 0.0177, ""26"": 0.017, ""27"": 0.0096, ""28"": 0.0049, ""29"": 0.007, ""30"": 0.004, ""31"": 0.0039, ""32"": 0.0023, ""33"": 0.0017, ""34"": 0.001}",204,-204,14,-0.1594,0.1594,2.5,0.4884,0.5116,False,0.0,0.0,1.0,,,1,projected_minutes,,,True,False,True,14.442357447650732,14.442357447650732,,,1.0,phase13s_direct_lineup_injury_pmf_driver_v1,,0,1,1,0,0,0,0,0.0,0.0,0,0.0,0.0,0.0,0.0,0.0,0.0,0.0,0.0,0.0,0.0,0.0,0.0,0.0,0.0,0.0,0.0,0.0,0.0,0.0,0.0,0.0,0.0,0.0,0.028984548762615685,0.007983230782981495,0.008661120074305263,0.004800512095125004,0.002071547080343077,-0.0005930280848728237,-0.0014675478675916346
2026-06-13,447,Karl-Anthony Towns,21716138,New York Knicks @ San Antonio Spurs,20,NYK,SAS,reb,UNDER,11.5,-125,112,-125,fanduel,0.666,0.666,0.666,role_aware_pmf_cal_v1:monotone_inactive_global_v1:starter,0.5408,0.1252,0.1989,0.037,10.0,"{""0.1"": 4.0, ""0.2"": 6.0, ""0.25"": 7.0, ""0.33"": 8.0, ""0.4"": 9.0, ""0.5"": 10.0, ""0.6"": 11.0, ""0.67"": 12.0, ""0.75"": 12.0, ""0.8"": 13.0, ""0.9"": 15.0}",0,3,0.0373,pmf_cal,True,False,"{""0"": 0.0122, ""1"": 0.0172, ""2"": 0.0226, ""3"": 0.0278, ""4"": 0.0316, ""5"": 0.0434, ""6"": 0.0522, ""7"": 0.0726, ""8"": 0.0762, ""9"": 0.1027, ""10"": 0.1042, ""11"": 0.1033, ""12"": 0.0846, ""13"": 0.0558, ""14"": 0.056, ""15"": 0.043, ""16"": 0.0289, ""17"": 0.019, ""18"": 0.0153, ""19"": 0.0106, ""20"": 0.0109, ""21"": 0.0037, ""22"": 0.002, ""23"": 0.0013, ""24"": 0.0011}",199,-199,10,-0.1252,0.1252,1.5,0.4592,0.5408,False,0.0,0.0,1.0,,,1,projected_minutes,,,True,False,True,14.442357447650732,14.442357447650732,,,1.0,phase13s_direct_lineup_injury_pmf_driver_v1,,0,1,1,0,0,0,0,0.0,0.0,0,0.0,0.0,0.0,0.0,0.0,0.0,0.0,0.0,0.0,0.0,0.0,0.0,0.0,0.0,0.0,0.0,0.0,0.0,0.0,0.0,0.0,0.0,0.0,0.028984548762615685,0.007983230782981495,0.008661120074305263,0.004800512095125004,0.002071547080343077,-0.0005930280848728237,-0.0014675478675916346
