date,game_id,event_id,snapshot_type,snapshot_time_utc,home_team,away_team,bookmaker_key,player_id,player_name,stat,line,side,role_bucket,pmf_kind,pmf_col_used,is_alternate,model_pmf_raw,model_pmf,model_mean,model_variance,pmf_mean_raw,pmf_mean_repaired,pmf_mean_shift_delta_or_gamma,pmf_mean_shift_repair_applied,pmf_mean_shift_repair_scope,pmf_mean_shift_repair_method,pmf_mean_shift_repair_version,pmf_mean_shift_row_rollback_reason,model_prob_over_raw,model_prob_over_after_pmf_mean_shift,model_prob_over_calibrated,model_prob_over_active,probability_scale_repair_scope,probability_scale_repair_method,probability_scale_repair_version,model_prob_over,model_prob_under,model_probability_for_side,market_prob_over_no_vig,market_prob_under_no_vig,market_probability_for_side,over_odds_american,under_odds_american,actual,hit_result,closing_line_result,settled,model_event_logloss,market_event_logloss,event_logloss_delta,model_brier,market_brier,brier_delta,model_nll,model_rps,walk_forward_only,same_sample_predictions_used,join_status,join_blockers,scoring_blocker,model_prob_over_pre_event_calibration,event_calibration_applied,event_calibration_version,event_calibration_stage,event_calibration_source,event_calibration_segment,market_pmf_used,market_prob_used_as_training_label,m8_6q_schema_version,m8_6q_delta_sign_convention,injury_status_current,official_lineup_status,expected_lineup_status,projected_minutes,minutes_q10,minutes_q50,minutes_q90,p_inactive,p_starter,usage_projection,opponent_def_rating_recent,expected_steal_opportunities,cov_pts_reb_player,cov_pts_ast_player,cov_reb_ast_player,combo_covariance_sample_size,odds_snapshot_family,odds_snapshot_path,odds_snapshot_type,odds_snapshot_substr_used,odds_snapshot_rank,odds_snapshot_is_historical,odds_snapshot_lock_offset_minutes
2026-04-30,21681994.0,b981ac0f551b6f109cd18fa31de439b4,historical_lock_minus_5m,2026-05-01T01:35:00Z,Minnesota Timberwolves,Denver Nuggets,draftkings,104.0,Mike Conley,ra,7.5,OVER,bench,oof_combo,pmf,False,"{""0"": 0.21605000000000008, ""1"": 0.16405000000000006, ""2"": 0.14295000000000005, ""3"": 0.11490000000000004, ""4"": 0.09450000000000003, ""5"": 0.07410000000000003, ""6"": 0.05475000000000002, ""7"": 0.042150000000000014, ""8"": 0.032550000000000016, ""9"": 0.021000000000000008, ""10"": 0.012600000000000004, ""11"": 0.010300000000000004, ""12"": 0.0063500000000000015, ""13"": 0.004500000000000001, ""14"": 0.002850000000000001, ""15"": 0.002450000000000001, ""16"": 0.0012500000000000005, ""17"": 0.0009500000000000003, ""18"": 0.00040000000000000013, ""19"": 0.00040000000000000013, ""20"": 0.0005000000000000002, ""22"": 0.0002500000000000001, ""23"": 5.0000000000000016e-05, ""24"": 5.0000000000000016e-05, ""25"": 5.0000000000000016e-05, ""26"": 5.0000000000000016e-05}","{""0"": 0.21605000000000008, ""1"": 0.16405000000000006, ""2"": 0.14295000000000005, ""3"": 0.11490000000000004, ""4"": 0.09450000000000003, ""5"": 0.07410000000000003, ""6"": 0.05475000000000002, ""7"": 0.042150000000000014, ""8"": 0.032550000000000016, ""9"": 0.021000000000000008, ""10"": 0.012600000000000004, ""11"": 0.010300000000000004, ""12"": 0.0063500000000000015, ""13"": 0.004500000000000001, ""14"": 0.002850000000000001, ""15"": 0.002450000000000001, ""16"": 0.0012500000000000005, ""17"": 0.0009500000000000003, ""18"": 0.00040000000000000013, ""19"": 0.00040000000000000013, ""20"": 0.0005000000000000002, ""22"": 0.0002500000000000001, ""23"": 5.0000000000000016e-05, ""24"": 5.0000000000000016e-05, ""25"": 5.0000000000000016e-05, ""26"": 5.0000000000000016e-05}",3.1381000000000014,9.708228390000004,3.1381000000000014,3.1381000000000014,,False,,,,,0.09655000000000002,0.09655000000000002,0.09655000000000004,0.09655000000000004,ra|bench,logit_ab,1.0,0.09655000000000004,0.90345,0.09655000000000004,0.4496336318555252,0.5503663681444749,0.4496336318555252,108.0,-143.0,9.0,1.0,,True,2.337694270107613,0.7993221792512097,1.5383720908564034,0.8162219024999999,0.3029031391845396,0.5133187633154603,3.863232841258714,4.496398327500002,True,False,matched,,,0.09655000000000002,False,guarded_line_iso_platt_v1,oof_date_holdout_one_fold_per_date,guarded_oof_actuals_only,,False,False,v2,model_minus_market_negative_better,,,,,,,,,,,,,,,,,hist_lockday,data/odds_api/processed/2026-04-30/odds_pairs_hist_lockday_2026-04-30.parquet,hist_lockday,auto,1,True,5.0
2026-04-30,21681994.0,b981ac0f551b6f109cd18fa31de439b4,historical_lock_minus_5m,2026-05-01T01:35:00Z,Minnesota Timberwolves,Denver Nuggets,bovada,104.0,Mike Conley,ra,7.5,OVER,bench,oof_combo,pmf,False,"{""0"": 0.21605000000000008, ""1"": 0.16405000000000006, ""2"": 0.14295000000000005, ""3"": 0.11490000000000004, ""4"": 0.09450000000000003, ""5"": 0.07410000000000003, ""6"": 0.05475000000000002, ""7"": 0.042150000000000014, ""8"": 0.032550000000000016, ""9"": 0.021000000000000008, ""10"": 0.012600000000000004, ""11"": 0.010300000000000004, ""12"": 0.0063500000000000015, ""13"": 0.004500000000000001, ""14"": 0.002850000000000001, ""15"": 0.002450000000000001, ""16"": 0.0012500000000000005, ""17"": 0.0009500000000000003, ""18"": 0.00040000000000000013, ""19"": 0.00040000000000000013, ""20"": 0.0005000000000000002, ""22"": 0.0002500000000000001, ""23"": 5.0000000000000016e-05, ""24"": 5.0000000000000016e-05, ""25"": 5.0000000000000016e-05, ""26"": 5.0000000000000016e-05}","{""0"": 0.21605000000000008, ""1"": 0.16405000000000006, ""2"": 0.14295000000000005, ""3"": 0.11490000000000004, ""4"": 0.09450000000000003, ""5"": 0.07410000000000003, ""6"": 0.05475000000000002, ""7"": 0.042150000000000014, ""8"": 0.032550000000000016, ""9"": 0.021000000000000008, ""10"": 0.012600000000000004, ""11"": 0.010300000000000004, ""12"": 0.0063500000000000015, ""13"": 0.004500000000000001, ""14"": 0.002850000000000001, ""15"": 0.002450000000000001, ""16"": 0.0012500000000000005, ""17"": 0.0009500000000000003, ""18"": 0.00040000000000000013, ""19"": 0.00040000000000000013, ""20"": 0.0005000000000000002, ""22"": 0.0002500000000000001, ""23"": 5.0000000000000016e-05, ""24"": 5.0000000000000016e-05, ""25"": 5.0000000000000016e-05, ""26"": 5.0000000000000016e-05}",3.1381000000000014,9.708228390000004,3.1381000000000014,3.1381000000000014,,False,,,,,0.09655000000000002,0.09655000000000002,0.09655000000000004,0.09655000000000004,ra|bench,logit_ab,1.0,0.09655000000000004,0.90345,0.09655000000000004,0.4458598726114649,0.554140127388535,0.4458598726114649,110.0,-145.0,9.0,1.0,,True,2.337694270107613,0.8077505632989491,1.5299437068086639,0.8162219024999999,0.30707128078218193,0.509150621717818,3.863232841258714,4.496398327500002,True,False,matched,,,0.09655000000000002,False,guarded_line_iso_platt_v1,oof_date_holdout_one_fold_per_date,guarded_oof_actuals_only,,False,False,v2,model_minus_market_negative_better,,,,,,,,,,,,,,,,,hist_lockday,data/odds_api/processed/2026-04-30/odds_pairs_hist_lockday_2026-04-30.parquet,hist_lockday,auto,1,True,5.0
2026-04-30,21681994.0,b981ac0f551b6f109cd18fa31de439b4,historical_lock_minus_5m,2026-05-01T01:35:00Z,Minnesota Timberwolves,Denver Nuggets,hardrockbet_az,104.0,Mike Conley,ra,7.5,OVER,bench,oof_combo,pmf,False,"{""0"": 0.21605000000000008, ""1"": 0.16405000000000006, ""2"": 0.14295000000000005, ""3"": 0.11490000000000004, ""4"": 0.09450000000000003, ""5"": 0.07410000000000003, ""6"": 0.05475000000000002, ""7"": 0.042150000000000014, ""8"": 0.032550000000000016, ""9"": 0.021000000000000008, ""10"": 0.012600000000000004, ""11"": 0.010300000000000004, ""12"": 0.0063500000000000015, ""13"": 0.004500000000000001, ""14"": 0.002850000000000001, ""15"": 0.002450000000000001, ""16"": 0.0012500000000000005, ""17"": 0.0009500000000000003, ""18"": 0.00040000000000000013, ""19"": 0.00040000000000000013, ""20"": 0.0005000000000000002, ""22"": 0.0002500000000000001, ""23"": 5.0000000000000016e-05, ""24"": 5.0000000000000016e-05, ""25"": 5.0000000000000016e-05, ""26"": 5.0000000000000016e-05}","{""0"": 0.21605000000000008, ""1"": 0.16405000000000006, ""2"": 0.14295000000000005, ""3"": 0.11490000000000004, ""4"": 0.09450000000000003, ""5"": 0.07410000000000003, ""6"": 0.05475000000000002, ""7"": 0.042150000000000014, ""8"": 0.032550000000000016, ""9"": 0.021000000000000008, ""10"": 0.012600000000000004, ""11"": 0.010300000000000004, ""12"": 0.0063500000000000015, ""13"": 0.004500000000000001, ""14"": 0.002850000000000001, ""15"": 0.002450000000000001, ""16"": 0.0012500000000000005, ""17"": 0.0009500000000000003, ""18"": 0.00040000000000000013, ""19"": 0.00040000000000000013, ""20"": 0.0005000000000000002, ""22"": 0.0002500000000000001, ""23"": 5.0000000000000016e-05, ""24"": 5.0000000000000016e-05, ""25"": 5.0000000000000016e-05, ""26"": 5.0000000000000016e-05}",3.1381000000000014,9.708228390000004,3.1381000000000014,3.1381000000000014,,False,,,,,0.09655000000000002,0.09655000000000002,0.09655000000000004,0.09655000000000004,ra|bench,logit_ab,1.0,0.09655000000000004,0.90345,0.09655000000000004,0.4458598726114649,0.554140127388535,0.4458598726114649,110.0,-145.0,9.0,1.0,,True,2.337694270107613,0.8077505632989491,1.5299437068086639,0.8162219024999999,0.30707128078218193,0.509150621717818,3.863232841258714,4.496398327500002,True,False,matched,,,0.09655000000000002,False,guarded_line_iso_platt_v1,oof_date_holdout_one_fold_per_date,guarded_oof_actuals_only,,False,False,v2,model_minus_market_negative_better,,,,,,,,,,,,,,,,,hist_lockday,data/odds_api/processed/2026-04-30/odds_pairs_hist_lockday_2026-04-30.parquet,hist_lockday,auto,1,True,5.0
2026-04-30,21681994.0,b981ac0f551b6f109cd18fa31de439b4,historical_lock_minus_5m,2026-05-01T01:35:00Z,Minnesota Timberwolves,Denver Nuggets,hardrockbet,104.0,Mike Conley,ra,7.5,OVER,bench,oof_combo,pmf,False,"{""0"": 0.21605000000000008, ""1"": 0.16405000000000006, ""2"": 0.14295000000000005, ""3"": 0.11490000000000004, ""4"": 0.09450000000000003, ""5"": 0.07410000000000003, ""6"": 0.05475000000000002, ""7"": 0.042150000000000014, ""8"": 0.032550000000000016, ""9"": 0.021000000000000008, ""10"": 0.012600000000000004, ""11"": 0.010300000000000004, ""12"": 0.0063500000000000015, ""13"": 0.004500000000000001, ""14"": 0.002850000000000001, ""15"": 0.002450000000000001, ""16"": 0.0012500000000000005, ""17"": 0.0009500000000000003, ""18"": 0.00040000000000000013, ""19"": 0.00040000000000000013, ""20"": 0.0005000000000000002, ""22"": 0.0002500000000000001, ""23"": 5.0000000000000016e-05, ""24"": 5.0000000000000016e-05, ""25"": 5.0000000000000016e-05, ""26"": 5.0000000000000016e-05}","{""0"": 0.21605000000000008, ""1"": 0.16405000000000006, ""2"": 0.14295000000000005, ""3"": 0.11490000000000004, ""4"": 0.09450000000000003, ""5"": 0.07410000000000003, ""6"": 0.05475000000000002, ""7"": 0.042150000000000014, ""8"": 0.032550000000000016, ""9"": 0.021000000000000008, ""10"": 0.012600000000000004, ""11"": 0.010300000000000004, ""12"": 0.0063500000000000015, ""13"": 0.004500000000000001, ""14"": 0.002850000000000001, ""15"": 0.002450000000000001, ""16"": 0.0012500000000000005, ""17"": 0.0009500000000000003, ""18"": 0.00040000000000000013, ""19"": 0.00040000000000000013, ""20"": 0.0005000000000000002, ""22"": 0.0002500000000000001, ""23"": 5.0000000000000016e-05, ""24"": 5.0000000000000016e-05, ""25"": 5.0000000000000016e-05, ""26"": 5.0000000000000016e-05}",3.1381000000000014,9.708228390000004,3.1381000000000014,3.1381000000000014,,False,,,,,0.09655000000000002,0.09655000000000002,0.09655000000000004,0.09655000000000004,ra|bench,logit_ab,1.0,0.09655000000000004,0.90345,0.09655000000000004,0.4458598726114649,0.554140127388535,0.4458598726114649,110.0,-145.0,9.0,1.0,,True,2.337694270107613,0.8077505632989491,1.5299437068086639,0.8162219024999999,0.30707128078218193,0.509150621717818,3.863232841258714,4.496398327500002,True,False,matched,,,0.09655000000000002,False,guarded_line_iso_platt_v1,oof_date_holdout_one_fold_per_date,guarded_oof_actuals_only,,False,False,v2,model_minus_market_negative_better,,,,,,,,,,,,,,,,,hist_lockday,data/odds_api/processed/2026-04-30/odds_pairs_hist_lockday_2026-04-30.parquet,hist_lockday,auto,1,True,5.0
2026-04-30,21681994.0,b981ac0f551b6f109cd18fa31de439b4,historical_lock_minus_5m,2026-05-01T01:35:00Z,Minnesota Timberwolves,Denver Nuggets,bovada,104.0,Mike Conley,ra,6.5,OVER,bench,oof_combo,pmf,False,"{""0"": 0.21605000000000008, ""1"": 0.16405000000000006, ""2"": 0.14295000000000005, ""3"": 0.11490000000000004, ""4"": 0.09450000000000003, ""5"": 0.07410000000000003, ""6"": 0.05475000000000002, ""7"": 0.042150000000000014, ""8"": 0.032550000000000016, ""9"": 0.021000000000000008, ""10"": 0.012600000000000004, ""11"": 0.010300000000000004, ""12"": 0.0063500000000000015, ""13"": 0.004500000000000001, ""14"": 0.002850000000000001, ""15"": 0.002450000000000001, ""16"": 0.0012500000000000005, ""17"": 0.0009500000000000003, ""18"": 0.00040000000000000013, ""19"": 0.00040000000000000013, ""20"": 0.0005000000000000002, ""22"": 0.0002500000000000001, ""23"": 5.0000000000000016e-05, ""24"": 5.0000000000000016e-05, ""25"": 5.0000000000000016e-05, ""26"": 5.0000000000000016e-05}","{""0"": 0.21605000000000008, ""1"": 0.16405000000000006, ""2"": 0.14295000000000005, ""3"": 0.11490000000000004, ""4"": 0.09450000000000003, ""5"": 0.07410000000000003, ""6"": 0.05475000000000002, ""7"": 0.042150000000000014, ""8"": 0.032550000000000016, ""9"": 0.021000000000000008, ""10"": 0.012600000000000004, ""11"": 0.010300000000000004, ""12"": 0.0063500000000000015, ""13"": 0.004500000000000001, ""14"": 0.002850000000000001, ""15"": 0.002450000000000001, ""16"": 0.0012500000000000005, ""17"": 0.0009500000000000003, ""18"": 0.00040000000000000013, ""19"": 0.00040000000000000013, ""20"": 0.0005000000000000002, ""22"": 0.0002500000000000001, ""23"": 5.0000000000000016e-05, ""24"": 5.0000000000000016e-05, ""25"": 5.0000000000000016e-05, ""26"": 5.0000000000000016e-05}",3.1381000000000014,9.708228390000004,3.1381000000000014,3.1381000000000014,,False,,,,,0.13870000000000005,0.13870000000000005,0.13870000000000005,0.13870000000000005,ra|bench,logit_ab,1.0,0.13870000000000005,0.8613,0.13870000000000005,0.5633187772925764,0.43668122270742354,0.5633187772925764,-150.0,115.0,9.0,1.0,,True,1.9754419516613508,0.5739095991925676,1.4015323524687833,0.7418376899999999,0.19069049026525048,0.5511471997347495,3.863232841258714,4.496398327500002,True,False,matched,,,0.13870000000000005,False,guarded_line_iso_platt_v1,oof_date_holdout_one_fold_per_date,guarded_oof_actuals_only,,False,False,v2,model_minus_market_negative_better,,,,,,,,,,,,,,,,,hist_lockday,data/odds_api/processed/2026-04-30/odds_pairs_hist_lockday_2026-04-30.parquet,hist_lockday,auto,1,True,5.0
2026-04-30,21681994.0,b981ac0f551b6f109cd18fa31de439b4,historical_lock_minus_5m,2026-05-01T01:35:00Z,Minnesota Timberwolves,Denver Nuggets,fliff,104.0,Mike Conley,ra,6.5,OVER,bench,oof_combo,pmf,False,"{""0"": 0.21605000000000008, ""1"": 0.16405000000000006, ""2"": 0.14295000000000005, ""3"": 0.11490000000000004, ""4"": 0.09450000000000003, ""5"": 0.07410000000000003, ""6"": 0.05475000000000002, ""7"": 0.042150000000000014, ""8"": 0.032550000000000016, ""9"": 0.021000000000000008, ""10"": 0.012600000000000004, ""11"": 0.010300000000000004, ""12"": 0.0063500000000000015, ""13"": 0.004500000000000001, ""14"": 0.002850000000000001, ""15"": 0.002450000000000001, ""16"": 0.0012500000000000005, ""17"": 0.0009500000000000003, ""18"": 0.00040000000000000013, ""19"": 0.00040000000000000013, ""20"": 0.0005000000000000002, ""22"": 0.0002500000000000001, ""23"": 5.0000000000000016e-05, ""24"": 5.0000000000000016e-05, ""25"": 5.0000000000000016e-05, ""26"": 5.0000000000000016e-05}","{""0"": 0.21605000000000008, ""1"": 0.16405000000000006, ""2"": 0.14295000000000005, ""3"": 0.11490000000000004, ""4"": 0.09450000000000003, ""5"": 0.07410000000000003, ""6"": 0.05475000000000002, ""7"": 0.042150000000000014, ""8"": 0.032550000000000016, ""9"": 0.021000000000000008, ""10"": 0.012600000000000004, ""11"": 0.010300000000000004, ""12"": 0.0063500000000000015, ""13"": 0.004500000000000001, ""14"": 0.002850000000000001, ""15"": 0.002450000000000001, ""16"": 0.0012500000000000005, ""17"": 0.0009500000000000003, ""18"": 0.00040000000000000013, ""19"": 0.00040000000000000013, ""20"": 0.0005000000000000002, ""22"": 0.0002500000000000001, ""23"": 5.0000000000000016e-05, ""24"": 5.0000000000000016e-05, ""25"": 5.0000000000000016e-05, ""26"": 5.0000000000000016e-05}",3.1381000000000014,9.708228390000004,3.1381000000000014,3.1381000000000014,,False,,,,,0.13870000000000005,0.13870000000000005,0.13870000000000005,0.13870000000000005,ra|bench,logit_ab,1.0,0.13870000000000005,0.8613,0.13870000000000005,0.5420560747663551,0.45794392523364486,0.5420560747663551,-145.0,100.0,9.0,1.0,,True,1.9754419516613508,0.6123858239154869,1.363056127745864,0.7418376899999999,0.20971263865839815,0.5321250513416017,3.863232841258714,4.496398327500002,True,False,matched,,,0.13870000000000005,False,guarded_line_iso_platt_v1,oof_date_holdout_one_fold_per_date,guarded_oof_actuals_only,,False,False,v2,model_minus_market_negative_better,,,,,,,,,,,,,,,,,hist_lockday,data/odds_api/processed/2026-04-30/odds_pairs_hist_lockday_2026-04-30.parquet,hist_lockday,auto,1,True,5.0
2026-04-30,21681994.0,b981ac0f551b6f109cd18fa31de439b4,historical_lock_minus_5m,2026-05-01T01:35:00Z,Minnesota Timberwolves,Denver Nuggets,betmgm,104.0,Mike Conley,ra,6.5,OVER,bench,oof_combo,pmf,False,"{""0"": 0.21605000000000008, ""1"": 0.16405000000000006, ""2"": 0.14295000000000005, ""3"": 0.11490000000000004, ""4"": 0.09450000000000003, ""5"": 0.07410000000000003, ""6"": 0.05475000000000002, ""7"": 0.042150000000000014, ""8"": 0.032550000000000016, ""9"": 0.021000000000000008, ""10"": 0.012600000000000004, ""11"": 0.010300000000000004, ""12"": 0.0063500000000000015, ""13"": 0.004500000000000001, ""14"": 0.002850000000000001, ""15"": 0.002450000000000001, ""16"": 0.0012500000000000005, ""17"": 0.0009500000000000003, ""18"": 0.00040000000000000013, ""19"": 0.00040000000000000013, ""20"": 0.0005000000000000002, ""22"": 0.0002500000000000001, ""23"": 5.0000000000000016e-05, ""24"": 5.0000000000000016e-05, ""25"": 5.0000000000000016e-05, ""26"": 5.0000000000000016e-05}","{""0"": 0.21605000000000008, ""1"": 0.16405000000000006, ""2"": 0.14295000000000005, ""3"": 0.11490000000000004, ""4"": 0.09450000000000003, ""5"": 0.07410000000000003, ""6"": 0.05475000000000002, ""7"": 0.042150000000000014, ""8"": 0.032550000000000016, ""9"": 0.021000000000000008, ""10"": 0.012600000000000004, ""11"": 0.010300000000000004, ""12"": 0.0063500000000000015, ""13"": 0.004500000000000001, ""14"": 0.002850000000000001, ""15"": 0.002450000000000001, ""16"": 0.0012500000000000005, ""17"": 0.0009500000000000003, ""18"": 0.00040000000000000013, ""19"": 0.00040000000000000013, ""20"": 0.0005000000000000002, ""22"": 0.0002500000000000001, ""23"": 5.0000000000000016e-05, ""24"": 5.0000000000000016e-05, ""25"": 5.0000000000000016e-05, ""26"": 5.0000000000000016e-05}",3.1381000000000014,9.708228390000004,3.1381000000000014,3.1381000000000014,,False,,,,,0.13870000000000005,0.13870000000000005,0.13870000000000005,0.13870000000000005,ra|bench,logit_ab,1.0,0.13870000000000005,0.8613,0.13870000000000005,0.5306122448979592,0.4693877551020409,0.5306122448979592,-130.0,100.0,9.0,1.0,,True,1.9754419516613508,0.6337237600891445,1.3417181915722063,0.7418376899999999,0.22032486463973341,0.5215128253602664,3.863232841258714,4.496398327500002,True,False,matched,,,0.13870000000000005,False,guarded_line_iso_platt_v1,oof_date_holdout_one_fold_per_date,guarded_oof_actuals_only,,False,False,v2,model_minus_market_negative_better,,,,,,,,,,,,,,,,,hist_lockday,data/odds_api/processed/2026-04-30/odds_pairs_hist_lockday_2026-04-30.parquet,hist_lockday,auto,1,True,5.0
2026-04-30,21681994.0,b981ac0f551b6f109cd18fa31de439b4,historical_lock_minus_5m,2026-05-01T01:35:00Z,Minnesota Timberwolves,Denver Nuggets,bovada,104.0,Mike Conley,ra,5.5,OVER,bench,oof_combo,pmf,False,"{""0"": 0.21605000000000008, ""1"": 0.16405000000000006, ""2"": 0.14295000000000005, ""3"": 0.11490000000000004, ""4"": 0.09450000000000003, ""5"": 0.07410000000000003, ""6"": 0.05475000000000002, ""7"": 0.042150000000000014, ""8"": 0.032550000000000016, ""9"": 0.021000000000000008, ""10"": 0.012600000000000004, ""11"": 0.010300000000000004, ""12"": 0.0063500000000000015, ""13"": 0.004500000000000001, ""14"": 0.002850000000000001, ""15"": 0.002450000000000001, ""16"": 0.0012500000000000005, ""17"": 0.0009500000000000003, ""18"": 0.00040000000000000013, ""19"": 0.00040000000000000013, ""20"": 0.0005000000000000002, ""22"": 0.0002500000000000001, ""23"": 5.0000000000000016e-05, ""24"": 5.0000000000000016e-05, ""25"": 5.0000000000000016e-05, ""26"": 5.0000000000000016e-05}","{""0"": 0.21605000000000008, ""1"": 0.16405000000000006, ""2"": 0.14295000000000005, ""3"": 0.11490000000000004, ""4"": 0.09450000000000003, ""5"": 0.07410000000000003, ""6"": 0.05475000000000002, ""7"": 0.042150000000000014, ""8"": 0.032550000000000016, ""9"": 0.021000000000000008, ""10"": 0.012600000000000004, ""11"": 0.010300000000000004, ""12"": 0.0063500000000000015, ""13"": 0.004500000000000001, ""14"": 0.002850000000000001, ""15"": 0.002450000000000001, ""16"": 0.0012500000000000005, ""17"": 0.0009500000000000003, ""18"": 0.00040000000000000013, ""19"": 0.00040000000000000013, ""20"": 0.0005000000000000002, ""22"": 0.0002500000000000001, ""23"": 5.0000000000000016e-05, ""24"": 5.0000000000000016e-05, ""25"": 5.0000000000000016e-05, ""26"": 5.0000000000000016e-05}",3.1381000000000014,9.708228390000004,3.1381000000000014,3.1381000000000014,,False,,,,,0.1934500000000001,0.1934500000000001,0.19345000000000012,0.19345000000000012,ra|bench,logit_ab,1.0,0.19345000000000012,0.8065499999999999,0.19345000000000012,0.6875,0.3125,0.6875,-275.0,200.0,9.0,1.0,,True,1.6427361978356145,0.3746934494414107,1.2680427483942038,0.6505229024999998,0.09765625,0.5528666524999998,3.863232841258714,4.496398327500002,True,False,matched,,,0.1934500000000001,False,guarded_line_iso_platt_v1,oof_date_holdout_one_fold_per_date,guarded_oof_actuals_only,,False,False,v2,model_minus_market_negative_better,,,,,,,,,,,,,,,,,hist_lockday,data/odds_api/processed/2026-04-30/odds_pairs_hist_lockday_2026-04-30.parquet,hist_lockday,auto,1,True,5.0
2026-05-02,21682743.0,a37e80a2e3cf3aaa3ae84a9124987058,historical_lock_minus_5m,2026-05-02T23:35:00Z,Boston Celtics,Philadelphia 76ers,betmgm,1028028434.0,Baylor Scheierman,ra,6.5,OVER,bench,oof_combo,pmf,False,"{""0"": 0.18070000000000003, ""1"": 0.15770000000000003, ""2"": 0.14895000000000003, ""3"": 0.12485000000000002, ""4"": 0.10150000000000002, ""5"": 0.08175000000000002, ""6"": 0.056650000000000006, ""7"": 0.041550000000000004, ""8"": 0.03270000000000001, ""9"": 0.021550000000000003, ""10"": 0.015400000000000002, ""11"": 0.011650000000000002, ""12"": 0.008200000000000002, ""13"": 0.005050000000000001, ""14"": 0.0037500000000000003, ""15"": 0.0027000000000000006, ""16"": 0.0015000000000000002, ""17"": 0.0009000000000000001, ""18"": 0.0007500000000000001, ""19"": 0.00030000000000000003, ""20"": 0.0004000000000000001, ""21"": 0.0008500000000000001, ""22"": 0.00025000000000000006, ""23"": 0.00030000000000000003, ""24"": 5.000000000000001e-05, ""25"": 5.000000000000001e-05}","{""0"": 0.18070000000000003, ""1"": 0.15770000000000003, ""2"": 0.14895000000000003, ""3"": 0.12485000000000002, ""4"": 0.10150000000000002, ""5"": 0.08175000000000002, ""6"": 0.056650000000000006, ""7"": 0.041550000000000004, ""8"": 0.03270000000000001, ""9"": 0.021550000000000003, ""10"": 0.015400000000000002, ""11"": 0.011650000000000002, ""12"": 0.008200000000000002, ""13"": 0.005050000000000001, ""14"": 0.0037500000000000003, ""15"": 0.0027000000000000006, ""16"": 0.0015000000000000002, ""17"": 0.0009000000000000001, ""18"": 0.0007500000000000001, ""19"": 0.00030000000000000003, ""20"": 0.0004000000000000001, ""21"": 0.0008500000000000001, ""22"": 0.00025000000000000006, ""23"": 0.00030000000000000003, ""24"": 5.000000000000001e-05, ""25"": 5.000000000000001e-05}",3.3696000000000015,10.300795840000005,3.3696000000000015,3.3696000000000015,,False,,,,,0.14790000000000003,0.14790000000000003,0.14790000000000003,0.14790000000000003,ra|bench,logit_ab,1.0,0.14790000000000003,0.8521,0.14790000000000003,0.48987854251012153,0.5101214574898786,0.48987854251012153,-110.0,-120.0,8.0,1.0,,True,1.9112189092653826,0.713597791031236,1.1976211182341467,0.72607441,0.2602239013915979,0.46585050860840205,3.4203802010789293,3.4369235700000007,True,False,matched,,,0.14790000000000003,False,guarded_line_iso_platt_v1,oof_date_holdout_one_fold_per_date,guarded_oof_actuals_only,,False,False,v2,model_minus_market_negative_better,,,,,,,,,,,,,,,,,hist_lockday,data/odds_api/processed/2026-05-02/odds_pairs_hist_lockday_2026-05-02.parquet,hist_lockday,auto,1,True,5.0
2026-04-27,21681987.0,e4d639b6c49e5fd0accc6e80636e88fe,historical_lock_minus_5m,2026-04-28T02:35:00Z,Denver Nuggets,Minnesota Timberwolves,bovada,104.0,Mike Conley,ra,4.5,OVER,bench,oof_combo,pmf,False,"{""0"": 0.24314999999999995, ""1"": 0.17729999999999999, ""2"": 0.15269999999999997, ""3"": 0.12169999999999997, ""4"": 0.09249999999999999, ""5"": 0.06314999999999998, ""6"": 0.04784999999999998, ""7"": 0.03289999999999999, ""8"": 0.022299999999999997, ""9"": 0.016149999999999998, ""10"": 0.010949999999999998, ""11"": 0.007149999999999998, ""12"": 0.003999999999999999, ""13"": 0.0033499999999999992, ""14"": 0.0016499999999999996, ""15"": 0.0015499999999999995, ""16"": 0.0005999999999999998, ""17"": 0.0004999999999999999, ""18"": 0.00024999999999999995, ""19"": 9.999999999999998e-05, ""20"": 0.00019999999999999996}","{""0"": 0.24314999999999995, ""1"": 0.17729999999999999, ""2"": 0.15269999999999997, ""3"": 0.12169999999999997, ""4"": 0.09249999999999999, ""5"": 0.06314999999999998, ""6"": 0.04784999999999998, ""7"": 0.03289999999999999, ""8"": 0.022299999999999997, ""9"": 0.016149999999999998, ""10"": 0.010949999999999998, ""11"": 0.007149999999999998, ""12"": 0.003999999999999999, ""13"": 0.0033499999999999992, ""14"": 0.0016499999999999996, ""15"": 0.0015499999999999995, ""16"": 0.0005999999999999998, ""17"": 0.0004999999999999999, ""18"": 0.00024999999999999995, ""19"": 9.999999999999998e-05, ""20"": 0.00019999999999999996}",2.72925,7.833044437499997,2.72925,2.72925,,False,,,,,0.2126499999999999,0.2126499999999999,0.21264999999999987,0.21264999999999987,ra|bench,logit_ab,1.0,0.21264999999999987,0.7873500000000001,0.21264999999999987,0.6974398758727697,0.30256012412723043,0.6974398758727697,-290.0,210.0,5.0,1.0,,True,1.5481076572824952,0.36033896846756697,1.1877686888149284,0.6199200225000001,0.09154262871188502,0.5283773937881151,2.762242430185637,1.7082513424999999,True,False,matched,,,0.2126499999999999,False,guarded_line_iso_platt_v1,oof_date_holdout_one_fold_per_date,guarded_oof_actuals_only,,False,False,v2,model_minus_market_negative_better,,,,,,,,,,,,,,,,,hist_lockday,data/odds_api/processed/2026-04-27/odds_pairs_hist_lockday_2026-04-27.parquet,hist_lockday,auto,1,True,5.0
2026-05-04,21707972.0,219920e3a715ceb3dc69f3638f7571d5,historical_lock_minus_5m,2026-05-05T01:35:00Z,San Antonio Spurs,Minnesota Timberwolves,fliff,1028028501.0,Terrence Shannon Jr.,ra,4.5,OVER,bench,oof_combo,pmf,False,"{""0"": 0.31300000000000006, ""1"": 0.19205000000000003, ""2"": 0.14085000000000003, ""3"": 0.10505000000000002, ""4"": 0.06900000000000002, ""5"": 0.05020000000000001, ""6"": 0.03930000000000001, ""7"": 0.029600000000000005, ""8"": 0.020200000000000003, ""9"": 0.014600000000000002, ""10"": 0.008650000000000001, ""11"": 0.005900000000000001, ""12"": 0.004700000000000001, ""13"": 0.0029500000000000004, ""14"": 0.0015000000000000002, ""15"": 0.0007500000000000001, ""16"": 0.0006000000000000001, ""17"": 0.0004000000000000001, ""18"": 0.00045000000000000004, ""19"": 0.00015000000000000001, ""21"": 5.000000000000001e-05, ""22"": 5.000000000000001e-05}","{""0"": 0.31300000000000006, ""1"": 0.19205000000000003, ""2"": 0.14085000000000003, ""3"": 0.10505000000000002, ""4"": 0.06900000000000002, ""5"": 0.05020000000000001, ""6"": 0.03930000000000001, ""7"": 0.029600000000000005, ""8"": 0.020200000000000003, ""9"": 0.014600000000000002, ""10"": 0.008650000000000001, ""11"": 0.005900000000000001, ""12"": 0.004700000000000001, ""13"": 0.0029500000000000004, ""14"": 0.0015000000000000002, ""15"": 0.0007500000000000001, ""16"": 0.0006000000000000001, ""17"": 0.0004000000000000001, ""18"": 0.00045000000000000004, ""19"": 0.00015000000000000001, ""21"": 5.000000000000001e-05, ""22"": 5.000000000000001e-05}",2.359800000000001,7.56424396,2.359800000000001,2.359800000000001,,False,,,,,0.18005000000000004,0.18005000000000004,0.18005000000000004,0.18005000000000004,ra|bench,logit_ab,1.0,0.18005000000000004,0.81995,0.18005000000000004,0.5094786729857821,0.490521327014218,0.5094786729857821,-125.0,-115.0,6.0,1.0,,True,1.7145206888872526,0.6743672859083488,1.0401534029789037,0.6723180025,0.24061117225578932,0.43170683024421064,3.236530760106921,2.778409520000002,True,False,matched,,,0.18005000000000004,False,guarded_line_iso_platt_v1,oof_date_holdout_one_fold_per_date,guarded_oof_actuals_only,,False,False,v2,model_minus_market_negative_better,,,,,,,,,,,,,,,,,hist_lockday,data/odds_api/processed/2026-05-04/odds_pairs_hist_lockday_2026-05-04.parquet,hist_lockday,auto,1,True,5.0
2026-05-04,21707972.0,219920e3a715ceb3dc69f3638f7571d5,historical_lock_minus_5m,2026-05-05T01:35:00Z,San Antonio Spurs,Minnesota Timberwolves,draftkings,1028028501.0,Terrence Shannon Jr.,ra,4.5,OVER,bench,oof_combo,pmf,False,"{""0"": 0.31300000000000006, ""1"": 0.19205000000000003, ""2"": 0.14085000000000003, ""3"": 0.10505000000000002, ""4"": 0.06900000000000002, ""5"": 0.05020000000000001, ""6"": 0.03930000000000001, ""7"": 0.029600000000000005, ""8"": 0.020200000000000003, ""9"": 0.014600000000000002, ""10"": 0.008650000000000001, ""11"": 0.005900000000000001, ""12"": 0.004700000000000001, ""13"": 0.0029500000000000004, ""14"": 0.0015000000000000002, ""15"": 0.0007500000000000001, ""16"": 0.0006000000000000001, ""17"": 0.0004000000000000001, ""18"": 0.00045000000000000004, ""19"": 0.00015000000000000001, ""21"": 5.000000000000001e-05, ""22"": 5.000000000000001e-05}","{""0"": 0.31300000000000006, ""1"": 0.19205000000000003, ""2"": 0.14085000000000003, ""3"": 0.10505000000000002, ""4"": 0.06900000000000002, ""5"": 0.05020000000000001, ""6"": 0.03930000000000001, ""7"": 0.029600000000000005, ""8"": 0.020200000000000003, ""9"": 0.014600000000000002, ""10"": 0.008650000000000001, ""11"": 0.005900000000000001, ""12"": 0.004700000000000001, ""13"": 0.0029500000000000004, ""14"": 0.0015000000000000002, ""15"": 0.0007500000000000001, ""16"": 0.0006000000000000001, ""17"": 0.0004000000000000001, ""18"": 0.00045000000000000004, ""19"": 0.00015000000000000001, ""21"": 5.000000000000001e-05, ""22"": 5.000000000000001e-05}",2.359800000000001,7.56424396,2.359800000000001,2.359800000000001,,False,,,,,0.18005000000000004,0.18005000000000004,0.18005000000000004,0.18005000000000004,ra|bench,logit_ab,1.0,0.18005000000000004,0.81995,0.18005000000000004,0.5060689431946916,0.4939310568053083,0.5060689431946916,-118.0,-112.0,6.0,1.0,,True,1.7145206888872526,0.6810823676031383,1.0334383212841143,0.6723180025,0.24396788887680876,0.4283501136231912,3.236530760106921,2.778409520000002,True,False,matched,,,0.18005000000000004,False,guarded_line_iso_platt_v1,oof_date_holdout_one_fold_per_date,guarded_oof_actuals_only,,False,False,v2,model_minus_market_negative_better,,,,,,,,,,,,,,,,,hist_lockday,data/odds_api/processed/2026-05-04/odds_pairs_hist_lockday_2026-05-04.parquet,hist_lockday,auto,1,True,5.0
2026-05-04,21707972.0,219920e3a715ceb3dc69f3638f7571d5,historical_lock_minus_5m,2026-05-05T01:35:00Z,San Antonio Spurs,Minnesota Timberwolves,betmgm,1028028501.0,Terrence Shannon Jr.,ra,4.5,OVER,bench,oof_combo,pmf,False,"{""0"": 0.31300000000000006, ""1"": 0.19205000000000003, ""2"": 0.14085000000000003, ""3"": 0.10505000000000002, ""4"": 0.06900000000000002, ""5"": 0.05020000000000001, ""6"": 0.03930000000000001, ""7"": 0.029600000000000005, ""8"": 0.020200000000000003, ""9"": 0.014600000000000002, ""10"": 0.008650000000000001, ""11"": 0.005900000000000001, ""12"": 0.004700000000000001, ""13"": 0.0029500000000000004, ""14"": 0.0015000000000000002, ""15"": 0.0007500000000000001, ""16"": 0.0006000000000000001, ""17"": 0.0004000000000000001, ""18"": 0.00045000000000000004, ""19"": 0.00015000000000000001, ""21"": 5.000000000000001e-05, ""22"": 5.000000000000001e-05}","{""0"": 0.31300000000000006, ""1"": 0.19205000000000003, ""2"": 0.14085000000000003, ""3"": 0.10505000000000002, ""4"": 0.06900000000000002, ""5"": 0.05020000000000001, ""6"": 0.03930000000000001, ""7"": 0.029600000000000005, ""8"": 0.020200000000000003, ""9"": 0.014600000000000002, ""10"": 0.008650000000000001, ""11"": 0.005900000000000001, ""12"": 0.004700000000000001, ""13"": 0.0029500000000000004, ""14"": 0.0015000000000000002, ""15"": 0.0007500000000000001, ""16"": 0.0006000000000000001, ""17"": 0.0004000000000000001, ""18"": 0.00045000000000000004, ""19"": 0.00015000000000000001, ""21"": 5.000000000000001e-05, ""22"": 5.000000000000001e-05}",2.359800000000001,7.56424396,2.359800000000001,2.359800000000001,,False,,,,,0.18005000000000004,0.18005000000000004,0.18005000000000004,0.18005000000000004,ra|bench,logit_ab,1.0,0.18005000000000004,0.81995,0.18005000000000004,0.4248366013071895,0.5751633986928104,0.4248366013071895,120.0,-160.0,6.0,1.0,,True,1.7145206888872526,0.8560506514967985,0.8584700373904541,0.6723180025,0.3308129351958649,0.34150506730413505,3.236530760106921,2.778409520000002,True,False,matched,,,0.18005000000000004,False,guarded_line_iso_platt_v1,oof_date_holdout_one_fold_per_date,guarded_oof_actuals_only,,False,False,v2,model_minus_market_negative_better,,,,,,,,,,,,,,,,,hist_lockday,data/odds_api/processed/2026-05-04/odds_pairs_hist_lockday_2026-05-04.parquet,hist_lockday,auto,1,True,5.0
2026-04-30,21681994.0,b981ac0f551b6f109cd18fa31de439b4,historical_lock_minus_5m,2026-05-01T01:35:00Z,Minnesota Timberwolves,Denver Nuggets,draftkings,1028028501.0,Terrence Shannon Jr.,ra,4.5,OVER,bench,oof_combo,pmf,False,"{""0"": 0.25325000000000003, ""1"": 0.17730000000000004, ""2"": 0.14085000000000003, ""3"": 0.11185000000000003, ""4"": 0.08220000000000001, ""5"": 0.06555000000000001, ""6"": 0.04610000000000001, ""7"": 0.03635000000000001, ""8"": 0.028650000000000005, ""9"": 0.017250000000000005, ""10"": 0.011500000000000002, ""11"": 0.009450000000000002, ""12"": 0.006900000000000002, ""13"": 0.0039000000000000007, ""14"": 0.0024500000000000004, ""15"": 0.0026000000000000003, ""16"": 0.0011000000000000003, ""17"": 0.0009000000000000002, ""18"": 0.0004500000000000001, ""19"": 0.0006500000000000001, ""20"": 0.00025000000000000006, ""21"": 0.00025000000000000006, ""22"": 0.00010000000000000003, ""23"": 5.0000000000000016e-05, ""24"": 5.0000000000000016e-05, ""31"": 5.0000000000000016e-05}","{""0"": 0.25325000000000003, ""1"": 0.17730000000000004, ""2"": 0.14085000000000003, ""3"": 0.11185000000000003, ""4"": 0.08220000000000001, ""5"": 0.06555000000000001, ""6"": 0.04610000000000001, ""7"": 0.03635000000000001, ""8"": 0.028650000000000005, ""9"": 0.017250000000000005, ""10"": 0.011500000000000002, ""11"": 0.009450000000000002, ""12"": 0.006900000000000002, ""13"": 0.0039000000000000007, ""14"": 0.0024500000000000004, ""15"": 0.0026000000000000003, ""16"": 0.0011000000000000003, ""17"": 0.0009000000000000002, ""18"": 0.0004500000000000001, ""19"": 0.0006500000000000001, ""20"": 0.00025000000000000006, ""21"": 0.00025000000000000006, ""22"": 0.00010000000000000003, ""23"": 5.0000000000000016e-05, ""24"": 5.0000000000000016e-05, ""31"": 5.0000000000000016e-05}",2.8620500000000013,9.4770197975,2.8620500000000013,2.8620500000000013,,False,,,,,0.23455000000000006,0.23455000000000006,0.23455000000000006,0.23455000000000006,ra|bench,logit_ab,1.0,0.23455000000000006,0.76545,0.23455000000000006,0.5363398589205041,0.46366014107949594,0.5363398589205041,-134.0,102.0,7.0,1.0,,True,1.4500864942076697,0.6229872536955158,0.8270992405121539,0.5859137025,0.21498072642585808,0.3709329760741419,3.3145610750026084,3.1026633775000008,True,False,matched,,,0.23455000000000006,False,guarded_line_iso_platt_v1,oof_date_holdout_one_fold_per_date,guarded_oof_actuals_only,,False,False,v2,model_minus_market_negative_better,,,,,,,,,,,,,,,,,hist_lockday,data/odds_api/processed/2026-04-30/odds_pairs_hist_lockday_2026-04-30.parquet,hist_lockday,auto,1,True,5.0
2026-04-30,21681994.0,b981ac0f551b6f109cd18fa31de439b4,historical_lock_minus_5m,2026-05-01T01:35:00Z,Minnesota Timberwolves,Denver Nuggets,betmgm,1028028501.0,Terrence Shannon Jr.,ra,4.5,OVER,bench,oof_combo,pmf,False,"{""0"": 0.25325000000000003, ""1"": 0.17730000000000004, ""2"": 0.14085000000000003, ""3"": 0.11185000000000003, ""4"": 0.08220000000000001, ""5"": 0.06555000000000001, ""6"": 0.04610000000000001, ""7"": 0.03635000000000001, ""8"": 0.028650000000000005, ""9"": 0.017250000000000005, ""10"": 0.011500000000000002, ""11"": 0.009450000000000002, ""12"": 0.006900000000000002, ""13"": 0.0039000000000000007, ""14"": 0.0024500000000000004, ""15"": 0.0026000000000000003, ""16"": 0.0011000000000000003, ""17"": 0.0009000000000000002, ""18"": 0.0004500000000000001, ""19"": 0.0006500000000000001, ""20"": 0.00025000000000000006, ""21"": 0.00025000000000000006, ""22"": 0.00010000000000000003, ""23"": 5.0000000000000016e-05, ""24"": 5.0000000000000016e-05, ""31"": 5.0000000000000016e-05}","{""0"": 0.25325000000000003, ""1"": 0.17730000000000004, ""2"": 0.14085000000000003, ""3"": 0.11185000000000003, ""4"": 0.08220000000000001, ""5"": 0.06555000000000001, ""6"": 0.04610000000000001, ""7"": 0.03635000000000001, ""8"": 0.028650000000000005, ""9"": 0.017250000000000005, ""10"": 0.011500000000000002, ""11"": 0.009450000000000002, ""12"": 0.006900000000000002, ""13"": 0.0039000000000000007, ""14"": 0.0024500000000000004, ""15"": 0.0026000000000000003, ""16"": 0.0011000000000000003, ""17"": 0.0009000000000000002, ""18"": 0.0004500000000000001, ""19"": 0.0006500000000000001, ""20"": 0.00025000000000000006, ""21"": 0.00025000000000000006, ""22"": 0.00010000000000000003, ""23"": 5.0000000000000016e-05, ""24"": 5.0000000000000016e-05, ""31"": 5.0000000000000016e-05}",2.8620500000000013,9.4770197975,2.8620500000000013,2.8620500000000013,,False,,,,,0.23455000000000006,0.23455000000000006,0.23455000000000006,0.23455000000000006,ra|bench,logit_ab,1.0,0.23455000000000006,0.76545,0.23455000000000006,0.5346534653465347,0.4653465346534653,0.5346534653465347,-135.0,100.0,7.0,1.0,,True,1.4500864942076697,0.626136470276985,0.8239500239306846,0.5859137025,0.2165473973139888,0.36936630518601116,3.3145610750026084,3.1026633775000008,True,False,matched,,,0.23455000000000006,False,guarded_line_iso_platt_v1,oof_date_holdout_one_fold_per_date,guarded_oof_actuals_only,,False,False,v2,model_minus_market_negative_better,,,,,,,,,,,,,,,,,hist_lockday,data/odds_api/processed/2026-04-30/odds_pairs_hist_lockday_2026-04-30.parquet,hist_lockday,auto,1,True,5.0
2026-04-30,21681994.0,b981ac0f551b6f109cd18fa31de439b4,historical_lock_minus_5m,2026-05-01T01:35:00Z,Minnesota Timberwolves,Denver Nuggets,fliff,1028028501.0,Terrence Shannon Jr.,ra,4.5,OVER,bench,oof_combo,pmf,False,"{""0"": 0.25325000000000003, ""1"": 0.17730000000000004, ""2"": 0.14085000000000003, ""3"": 0.11185000000000003, ""4"": 0.08220000000000001, ""5"": 0.06555000000000001, ""6"": 0.04610000000000001, ""7"": 0.03635000000000001, ""8"": 0.028650000000000005, ""9"": 0.017250000000000005, ""10"": 0.011500000000000002, ""11"": 0.009450000000000002, ""12"": 0.006900000000000002, ""13"": 0.0039000000000000007, ""14"": 0.0024500000000000004, ""15"": 0.0026000000000000003, ""16"": 0.0011000000000000003, ""17"": 0.0009000000000000002, ""18"": 0.0004500000000000001, ""19"": 0.0006500000000000001, ""20"": 0.00025000000000000006, ""21"": 0.00025000000000000006, ""22"": 0.00010000000000000003, ""23"": 5.0000000000000016e-05, ""24"": 5.0000000000000016e-05, ""31"": 5.0000000000000016e-05}","{""0"": 0.25325000000000003, ""1"": 0.17730000000000004, ""2"": 0.14085000000000003, ""3"": 0.11185000000000003, ""4"": 0.08220000000000001, ""5"": 0.06555000000000001, ""6"": 0.04610000000000001, ""7"": 0.03635000000000001, ""8"": 0.028650000000000005, ""9"": 0.017250000000000005, ""10"": 0.011500000000000002, ""11"": 0.009450000000000002, ""12"": 0.006900000000000002, ""13"": 0.0039000000000000007, ""14"": 0.0024500000000000004, ""15"": 0.0026000000000000003, ""16"": 0.0011000000000000003, ""17"": 0.0009000000000000002, ""18"": 0.0004500000000000001, ""19"": 0.0006500000000000001, ""20"": 0.00025000000000000006, ""21"": 0.00025000000000000006, ""22"": 0.00010000000000000003, ""23"": 5.0000000000000016e-05, ""24"": 5.0000000000000016e-05, ""31"": 5.0000000000000016e-05}",2.8620500000000013,9.4770197975,2.8620500000000013,2.8620500000000013,,False,,,,,0.23455000000000006,0.23455000000000006,0.23455000000000006,0.23455000000000006,ra|bench,logit_ab,1.0,0.23455000000000006,0.76545,0.23455000000000006,0.5324675324675324,0.46753246753246747,0.5324675324675324,-140.0,-105.0,7.0,1.0,,True,1.4500864942076697,0.6302333551493762,0.8198531390582935,0.5859137025,0.21858660819699785,0.36732709430300214,3.3145610750026084,3.1026633775000008,True,False,matched,,,0.23455000000000006,False,guarded_line_iso_platt_v1,oof_date_holdout_one_fold_per_date,guarded_oof_actuals_only,,False,False,v2,model_minus_market_negative_better,,,,,,,,,,,,,,,,,hist_lockday,data/odds_api/processed/2026-04-30/odds_pairs_hist_lockday_2026-04-30.parquet,hist_lockday,auto,1,True,5.0
2026-04-30,21681994.0,b981ac0f551b6f109cd18fa31de439b4,historical_lock_minus_5m,2026-05-01T01:35:00Z,Minnesota Timberwolves,Denver Nuggets,hardrockbet,1028028501.0,Terrence Shannon Jr.,ra,4.5,OVER,bench,oof_combo,pmf,False,"{""0"": 0.25325000000000003, ""1"": 0.17730000000000004, ""2"": 0.14085000000000003, ""3"": 0.11185000000000003, ""4"": 0.08220000000000001, ""5"": 0.06555000000000001, ""6"": 0.04610000000000001, ""7"": 0.03635000000000001, ""8"": 0.028650000000000005, ""9"": 0.017250000000000005, ""10"": 0.011500000000000002, ""11"": 0.009450000000000002, ""12"": 0.006900000000000002, ""13"": 0.0039000000000000007, ""14"": 0.0024500000000000004, ""15"": 0.0026000000000000003, ""16"": 0.0011000000000000003, ""17"": 0.0009000000000000002, ""18"": 0.0004500000000000001, ""19"": 0.0006500000000000001, ""20"": 0.00025000000000000006, ""21"": 0.00025000000000000006, ""22"": 0.00010000000000000003, ""23"": 5.0000000000000016e-05, ""24"": 5.0000000000000016e-05, ""31"": 5.0000000000000016e-05}","{""0"": 0.25325000000000003, ""1"": 0.17730000000000004, ""2"": 0.14085000000000003, ""3"": 0.11185000000000003, ""4"": 0.08220000000000001, ""5"": 0.06555000000000001, ""6"": 0.04610000000000001, ""7"": 0.03635000000000001, ""8"": 0.028650000000000005, ""9"": 0.017250000000000005, ""10"": 0.011500000000000002, ""11"": 0.009450000000000002, ""12"": 0.006900000000000002, ""13"": 0.0039000000000000007, ""14"": 0.0024500000000000004, ""15"": 0.0026000000000000003, ""16"": 0.0011000000000000003, ""17"": 0.0009000000000000002, ""18"": 0.0004500000000000001, ""19"": 0.0006500000000000001, ""20"": 0.00025000000000000006, ""21"": 0.00025000000000000006, ""22"": 0.00010000000000000003, ""23"": 5.0000000000000016e-05, ""24"": 5.0000000000000016e-05, ""31"": 5.0000000000000016e-05}",2.8620500000000013,9.4770197975,2.8620500000000013,2.8620500000000013,,False,,,,,0.23455000000000006,0.23455000000000006,0.23455000000000006,0.23455000000000006,ra|bench,logit_ab,1.0,0.23455000000000006,0.76545,0.23455000000000006,0.5306122448979592,0.4693877551020409,0.5306122448979592,-130.0,100.0,7.0,1.0,,True,1.4500864942076697,0.6337237600891445,0.8163627341185251,0.5859137025,0.22032486463973341,0.3655888378602665,3.3145610750026084,3.1026633775000008,True,False,matched,,,0.23455000000000006,False,guarded_line_iso_platt_v1,oof_date_holdout_one_fold_per_date,guarded_oof_actuals_only,,False,False,v2,model_minus_market_negative_better,,,,,,,,,,,,,,,,,hist_lockday,data/odds_api/processed/2026-04-30/odds_pairs_hist_lockday_2026-04-30.parquet,hist_lockday,auto,1,True,5.0
2026-04-30,21681994.0,b981ac0f551b6f109cd18fa31de439b4,historical_lock_minus_5m,2026-05-01T01:35:00Z,Minnesota Timberwolves,Denver Nuggets,hardrockbet_az,1028028501.0,Terrence Shannon Jr.,ra,4.5,OVER,bench,oof_combo,pmf,False,"{""0"": 0.25325000000000003, ""1"": 0.17730000000000004, ""2"": 0.14085000000000003, ""3"": 0.11185000000000003, ""4"": 0.08220000000000001, ""5"": 0.06555000000000001, ""6"": 0.04610000000000001, ""7"": 0.03635000000000001, ""8"": 0.028650000000000005, ""9"": 0.017250000000000005, ""10"": 0.011500000000000002, ""11"": 0.009450000000000002, ""12"": 0.006900000000000002, ""13"": 0.0039000000000000007, ""14"": 0.0024500000000000004, ""15"": 0.0026000000000000003, ""16"": 0.0011000000000000003, ""17"": 0.0009000000000000002, ""18"": 0.0004500000000000001, ""19"": 0.0006500000000000001, ""20"": 0.00025000000000000006, ""21"": 0.00025000000000000006, ""22"": 0.00010000000000000003, ""23"": 5.0000000000000016e-05, ""24"": 5.0000000000000016e-05, ""31"": 5.0000000000000016e-05}","{""0"": 0.25325000000000003, ""1"": 0.17730000000000004, ""2"": 0.14085000000000003, ""3"": 0.11185000000000003, ""4"": 0.08220000000000001, ""5"": 0.06555000000000001, ""6"": 0.04610000000000001, ""7"": 0.03635000000000001, ""8"": 0.028650000000000005, ""9"": 0.017250000000000005, ""10"": 0.011500000000000002, ""11"": 0.009450000000000002, ""12"": 0.006900000000000002, ""13"": 0.0039000000000000007, ""14"": 0.0024500000000000004, ""15"": 0.0026000000000000003, ""16"": 0.0011000000000000003, ""17"": 0.0009000000000000002, ""18"": 0.0004500000000000001, ""19"": 0.0006500000000000001, ""20"": 0.00025000000000000006, ""21"": 0.00025000000000000006, ""22"": 0.00010000000000000003, ""23"": 5.0000000000000016e-05, ""24"": 5.0000000000000016e-05, ""31"": 5.0000000000000016e-05}",2.8620500000000013,9.4770197975,2.8620500000000013,2.8620500000000013,,False,,,,,0.23455000000000006,0.23455000000000006,0.23455000000000006,0.23455000000000006,ra|bench,logit_ab,1.0,0.23455000000000006,0.76545,0.23455000000000006,0.5306122448979592,0.4693877551020409,0.5306122448979592,-130.0,100.0,7.0,1.0,,True,1.4500864942076697,0.6337237600891445,0.8163627341185251,0.5859137025,0.22032486463973341,0.3655888378602665,3.3145610750026084,3.1026633775000008,True,False,matched,,,0.23455000000000006,False,guarded_line_iso_platt_v1,oof_date_holdout_one_fold_per_date,guarded_oof_actuals_only,,False,False,v2,model_minus_market_negative_better,,,,,,,,,,,,,,,,,hist_lockday,data/odds_api/processed/2026-04-30/odds_pairs_hist_lockday_2026-04-30.parquet,hist_lockday,auto,1,True,5.0
2026-05-01,21684812.0,88e10294c54deffd6e9e6efcba249d2c,historical_lock_minus_5m,2026-05-01T23:05:00Z,Orlando Magic,Detroit Pistons,betmgm,38017734.0,Jamal Cain,ra,4.5,OVER,bench,oof_combo,pmf,False,"{""0"": 0.20925000000000005, ""1"": 0.16940000000000002, ""2"": 0.14890000000000003, ""3"": 0.11510000000000002, ""4"": 0.10100000000000003, ""5"": 0.07185000000000001, ""6"": 0.05465000000000001, ""7"": 0.038700000000000005, ""8"": 0.028300000000000006, ""9"": 0.020100000000000003, ""10"": 0.014800000000000004, ""11"": 0.009450000000000002, ""12"": 0.006800000000000001, ""13"": 0.004050000000000001, ""14"": 0.003350000000000001, ""15"": 0.0016500000000000004, ""16"": 0.0011000000000000003, ""17"": 0.0007500000000000002, ""18"": 0.00025000000000000006, ""19"": 0.00025000000000000006, ""20"": 0.00020000000000000006, ""22"": 5.0000000000000016e-05, ""24"": 5.0000000000000016e-05}","{""0"": 0.20925000000000005, ""1"": 0.16940000000000002, ""2"": 0.14890000000000003, ""3"": 0.11510000000000002, ""4"": 0.10100000000000003, ""5"": 0.07185000000000001, ""6"": 0.05465000000000001, ""7"": 0.038700000000000005, ""8"": 0.028300000000000006, ""9"": 0.020100000000000003, ""10"": 0.014800000000000004, ""11"": 0.009450000000000002, ""12"": 0.006800000000000001, ""13"": 0.004050000000000001, ""14"": 0.003350000000000001, ""15"": 0.0016500000000000004, ""16"": 0.0011000000000000003, ""17"": 0.0007500000000000002, ""18"": 0.00025000000000000006, ""19"": 0.00025000000000000006, ""20"": 0.00020000000000000006, ""22"": 5.0000000000000016e-05, ""24"": 5.0000000000000016e-05}",3.0856000000000003,9.112772640000005,3.0856000000000003,3.0856000000000003,,False,,,,,0.25634999999999997,0.25634999999999997,0.25634999999999997,0.25634999999999997,ra|bench,logit_ab,1.0,0.25634999999999997,0.74365,0.25634999999999997,0.5751633986928104,0.4248366013071895,0.5751633986928104,-160.0,120.0,6.0,1.0,,True,1.3612115807524277,0.5531011069142291,0.8081104738381986,0.5530153225000001,0.18048613781024397,0.3725291846897561,2.906806064359589,2.1288198375000005,True,False,matched,,,0.25634999999999997,False,guarded_line_iso_platt_v1,oof_date_holdout_one_fold_per_date,guarded_oof_actuals_only,,False,False,v2,model_minus_market_negative_better,,,,,,,,,,,,,,,,,hist_lockday,data/odds_api/processed/2026-05-01/odds_pairs_hist_lockday_2026-05-01.parquet,hist_lockday,auto,1,True,5.0
2026-04-29,21684805.0,912bee9cc9d36b6017819f012c0c56f1,historical_lock_minus_5m,2026-04-29T23:05:00Z,Detroit Pistons,Orlando Magic,betmgm,38017734.0,Jamal Cain,ra,4.5,OVER,bench,oof_combo,pmf,False,"{""0"": 0.20675000000000002, ""1"": 0.17830000000000001, ""2"": 0.15570000000000003, ""3"": 0.12085000000000001, ""4"": 0.09175000000000001, ""5"": 0.06895000000000001, ""6"": 0.05260000000000001, ""7"": 0.03785000000000001, ""8"": 0.026200000000000005, ""9"": 0.018050000000000004, ""10"": 0.012750000000000001, ""11"": 0.007350000000000001, ""12"": 0.007100000000000001, ""13"": 0.004900000000000001, ""14"": 0.0033000000000000004, ""15"": 0.0019000000000000002, ""16"": 0.0017000000000000001, ""17"": 0.0013500000000000003, ""18"": 0.0006500000000000001, ""19"": 0.00030000000000000003, ""20"": 0.0004000000000000001, ""21"": 0.00030000000000000003, ""22"": 0.00035000000000000005, ""23"": 0.00030000000000000003, ""24"": 0.00015000000000000001, ""25"": 0.00010000000000000002, ""27"": 0.00010000000000000002}","{""0"": 0.20675000000000002, ""1"": 0.17830000000000001, ""2"": 0.15570000000000003, ""3"": 0.12085000000000001, ""4"": 0.09175000000000001, ""5"": 0.06895000000000001, ""6"": 0.05260000000000001, ""7"": 0.03785000000000001, ""8"": 0.026200000000000005, ""9"": 0.018050000000000004, ""10"": 0.012750000000000001, ""11"": 0.007350000000000001, ""12"": 0.007100000000000001, ""13"": 0.004900000000000001, ""14"": 0.0033000000000000004, ""15"": 0.0019000000000000002, ""16"": 0.0017000000000000001, ""17"": 0.0013500000000000003, ""18"": 0.0006500000000000001, ""19"": 0.00030000000000000003, ""20"": 0.0004000000000000001, ""21"": 0.00030000000000000003, ""22"": 0.00035000000000000005, ""23"": 0.00030000000000000003, ""24"": 0.00015000000000000001, ""25"": 0.00010000000000000002, ""27"": 0.00010000000000000002}",3.0538,9.717505560000008,3.0538,3.0538,,False,,,,,0.24665000000000004,0.24665000000000004,0.24665000000000006,0.24665000000000006,ra|bench,logit_ab,1.0,0.24665000000000006,0.75335,0.24665000000000006,0.5445920303605313,0.4554079696394686,0.5445920303605313,-140.0,105.0,5.0,1.0,,True,1.3997849513023894,0.6077183327817413,0.7920666185206482,0.5675362224999999,0.20739641881114326,0.3601398036888567,2.674373674742826,1.5510177450000002,True,False,matched,,,0.24665000000000004,False,guarded_line_iso_platt_v1,oof_date_holdout_one_fold_per_date,guarded_oof_actuals_only,,False,False,v2,model_minus_market_negative_better,,,,,,,,,,,,,,,,,hist_lockday,data/odds_api/processed/2026-04-29/odds_pairs_hist_lockday_2026-04-29.parquet,hist_lockday,auto,1,True,5.0
