player_id,player_name,game_id,game,team_id,stat,side,line,odds,over_odds,under_odds,bet_vendor,model_prob,model_prob_raw,model_prob_cal,cal_source,market_prob,raw_edge,ev,kelly_units,q50,q_preds,usage_bucket,mp_bucket,min_ev_applied,cal_type,cal_applied,is_sparse,pmf,fair_odds_over,fair_odds_under,pmf_median,edge_over,edge_under,line_vs_median,mkt_true_over,mkt_true_under
192,James Harden,21681995,Cleveland Cavaliers @ Toronto Raptors,6,ast,UNDER,6.5,114,-125,114,betmgm,0.6126,0.6126,0.6126,pmf_cal,0.4569,0.1557,0.3109,0.041,6.0,"{""0.1"": 2.0, ""0.2"": 3.0, ""0.25"": 4.0, ""0.33"": 4.0, ""0.4"": 5.0, ""0.5"": 6.0, ""0.6"": 6.0, ""0.67"": 7.0, ""0.75"": 8.0, ""0.8"": 8.0, ""0.9"": 9.0}",0,3,0.0328,pmf_cal,True,False,"{""0"": 0.0272, ""1"": 0.036, ""2"": 0.0613, ""3"": 0.0893, ""4"": 0.1203, ""5"": 0.1346, ""6"": 0.144, ""7"": 0.1332, ""8"": 0.1016, ""9"": 0.0626, ""10"": 0.0398, ""11"": 0.0268, ""12"": 0.0081, ""13"": 0.008, ""14"": 0.0031, ""15"": 0.0016, ""16"": 0.0016}",158,-158,6,-0.1557,0.1557,0.5,0.5431,0.4569
192,James Harden,21681995,Cleveland Cavaliers @ Toronto Raptors,6,fg3m,UNDER,2.5,130,-125,130,fanatics,0.6243,0.6243,0.6243,pmf_cal,0.439,0.1853,0.436,0.05,2.0,"{""0.1"": 0.0, ""0.2"": 1.0, ""0.25"": 1.0, ""0.33"": 1.0, ""0.4"": 2.0, ""0.5"": 2.0, ""0.6"": 2.0, ""0.67"": 3.0, ""0.75"": 3.0, ""0.8"": 3.0, ""0.9"": 4.0}",0,3,0.025,pmf_cal,True,False,"{""0"": 0.1014, ""1"": 0.261, ""2"": 0.2619, ""3"": 0.1819, ""4"": 0.0991, ""5"": 0.039, ""6"": 0.0323, ""15"": 0.0233}",166,-166,2,-0.1853,0.1853,0.5,0.561,0.439
192,James Harden,21681995,Cleveland Cavaliers @ Toronto Raptors,6,stl,UNDER,1.5,-108,154,-108,draftkings,0.7899,0.7899,0.7899,pmf,0.5688,0.2211,0.5212,0.084,0.0,"{""0.1"": 0.0, ""0.2"": 0.0, ""0.25"": 0.0, ""0.33"": 0.0, ""0.4"": 0.0, ""0.5"": 0.0, ""0.6"": 1.0, ""0.67"": 1.0, ""0.75"": 1.0, ""0.8"": 2.0, ""0.9"": 2.0}",0,3,0.025,pmf_raw,False,True,"{""0"": 0.5312, ""1"": 0.2586, ""2"": 0.1238, ""3"": 0.0446, ""4"": 0.006, ""5"": 0.0059, ""6"": 0.0055, ""7"": 0.0052, ""8"": 0.0069, ""9"": 0.006, ""10"": 0.0063}",376,-376,0,-0.2211,0.2211,1.5,0.4312,0.5688
192,James Harden,21681995,Cleveland Cavaliers @ Toronto Raptors,6,blk,UNDER,0.5,-140,106,-140,betparx,0.7484,0.7484,0.7484,pmf,0.5458,0.2026,0.2829,0.059,0.0,"{""0.1"": 0.0, ""0.2"": 0.0, ""0.25"": 0.0, ""0.33"": 0.0, ""0.4"": 0.0, ""0.5"": 0.0, ""0.6"": 0.0, ""0.67"": 0.0, ""0.75"": 1.0, ""0.8"": 1.0, ""0.9"": 1.0}",0,3,0.0788,pmf_raw,False,True,"{""0"": 0.7484, ""1"": 0.1975, ""2"": 0.0311, ""3"": 0.0033, ""4"": 0.0029, ""5"": 0.0026, ""6"": 0.0025, ""7"": 0.0025, ""8"": 0.0033, ""9"": 0.0028, ""10"": 0.0031}",297,-297,0,-0.2026,0.2026,0.5,0.4542,0.5458
322,Donovan Mitchell,21681995,Cleveland Cavaliers @ Toronto Raptors,6,pts,UNDER,27.5,-113,-104,-113,draftkings,0.7359,0.7359,0.7359,pmf_cal,0.51,0.226,0.3872,0.066,22.0,"{""0.1"": 10.0, ""0.2"": 15.0, ""0.25"": 16.0, ""0.33"": 18.0, ""0.4"": 20.0, ""0.5"": 22.0, ""0.6"": 24.0, ""0.67"": 26.0, ""0.75"": 28.0, ""0.8"": 30.0, ""0.9"": 33.0}",0,3,0.0503,pmf_cal,True,False,"{""0"": 0.0085, ""1"": 0.0065, ""2"": 0.009, ""3"": 0.0072, ""4"": 0.0106, ""5"": 0.0105, ""6"": 0.006, ""7"": 0.0111, ""8"": 0.0113, ""9"": 0.0136, ""10"": 0.0189, ""11"": 0.0182, ""12"": 0.0174, ""13"": 0.0256, ""14"": 0.0254, ""15"": 0.0237, ""16"": 0.0311, ""17"": 0.039, ""18"": 0.0408, ""19"": 0.0377, ""20"": 0.0448, ""21"": 0.0455, ""22"": 0.0512, ""23"": 0.0508, ""24"": 0.0478, ""25"": 0.0438, ""26"": 0.0397, ""27"": 0.0403, ""28"": 0.0381, ""29"": 0.0234, ""30"": 0.0341, ""31"": 0.0293, ""32"": 0.0199, ""33"": 0.0225, ""34"": 0.0189, ""35"": 0.0142, ""36"": 0.012, ""37"": 0.0109, ""38"": 0.0089, ""39"": 0.0067, ""40"": 0.0067, ""41"": 0.0033, ""42"": 0.0035, ""43"": 0.0021, ""44"": 0.0025, ""45"": 0.0022, ""47"": 0.0012, ""54"": 0.0014, ""80"": 0.0014}",279,-279,22,-0.2259,0.2259,5.5,0.49,0.51
322,Donovan Mitchell,21681995,Cleveland Cavaliers @ Toronto Raptors,6,reb,OVER,4.5,115,115,-120,betway,0.5414,0.5414,0.5414,pmf_cal,0.4603,0.0812,0.164,0.021,5.0,"{""0.1"": 2.0, ""0.2"": 3.0, ""0.25"": 3.0, ""0.33"": 4.0, ""0.4"": 4.0, ""0.5"": 5.0, ""0.6"": 5.0, ""0.67"": 6.0, ""0.75"": 7.0, ""0.8"": 7.0, ""0.9"": 8.0}",0,3,0.025,pmf_cal,True,False,"{""0"": 0.0359, ""1"": 0.0584, ""2"": 0.0906, ""3"": 0.1265, ""4"": 0.1471, ""5"": 0.1551, ""6"": 0.1225, ""7"": 0.1017, ""8"": 0.0692, ""9"": 0.0419, ""10"": 0.0258, ""11"": 0.0143, ""12"": 0.0051, ""13"": 0.0027, ""14"": 0.0015}",-118,118,5,0.0811,-0.0811,-0.5,0.4603,0.5397
322,Donovan Mitchell,21681995,Cleveland Cavaliers @ Toronto Raptors,6,ast,UNDER,4.5,-114,105,-114,betway,0.6059,0.6059,0.6059,pmf_cal,0.522,0.0839,0.1373,0.023,4.0,"{""0.1"": 1.0, ""0.2"": 2.0, ""0.25"": 2.0, ""0.33"": 3.0, ""0.4"": 3.0, ""0.5"": 4.0, ""0.6"": 4.0, ""0.67"": 5.0, ""0.75"": 5.0, ""0.8"": 6.0, ""0.9"": 7.0}",0,3,0.0305,pmf_cal,True,False,"{""0"": 0.054, ""1"": 0.0883, ""2"": 0.137, ""3"": 0.165, ""4"": 0.1615, ""5"": 0.1516, ""6"": 0.1034, ""7"": 0.066, ""8"": 0.0354, ""9"": 0.0186, ""10"": 0.0098, ""11"": 0.0043, ""12"": 0.0017, ""13"": 0.0014}",154,-154,4,-0.0839,0.0839,0.5,0.478,0.522
322,Donovan Mitchell,21681995,Cleveland Cavaliers @ Toronto Raptors,6,fg3m,UNDER,2.5,118,-136,118,fanduel,0.735,0.735,0.735,pmf_cal,0.4432,0.2918,0.6024,0.077,2.0,"{""0.1"": 0.0, ""0.2"": 1.0, ""0.25"": 1.0, ""0.33"": 1.0, ""0.4"": 1.0, ""0.5"": 2.0, ""0.6"": 2.0, ""0.67"": 2.0, ""0.75"": 3.0, ""0.8"": 3.0, ""0.9"": 4.0}",0,3,0.045,pmf_cal,True,False,"{""0"": 0.1766, ""1"": 0.3162, ""2"": 0.2423, ""3"": 0.1439, ""4"": 0.0592, ""5"": 0.0385, ""15"": 0.0233}",277,-277,2,-0.2918,0.2918,0.5,0.5568,0.4432
322,Donovan Mitchell,21681995,Cleveland Cavaliers @ Toronto Raptors,6,stl,UNDER,1.5,-200,165,-200,betparx,0.7891,0.7891,0.7891,pmf,0.6386,0.1505,0.1837,0.055,0.0,"{""0.1"": 0.0, ""0.2"": 0.0, ""0.25"": 0.0, ""0.33"": 0.0, ""0.4"": 0.0, ""0.5"": 0.0, ""0.6"": 1.0, ""0.67"": 1.0, ""0.75"": 1.0, ""0.8"": 2.0, ""0.9"": 2.0}",0,3,0.054,pmf_raw,False,True,"{""0"": 0.5132, ""1"": 0.2759, ""2"": 0.1212, ""3"": 0.0453, ""4"": 0.0071, ""5"": 0.0063, ""6"": 0.0057, ""7"": 0.0054, ""8"": 0.0071, ""9"": 0.0062, ""10"": 0.0067}",374,-374,0,-0.1505,0.1505,1.5,0.3614,0.6386
227,Brandon Ingram,21681995,Cleveland Cavaliers @ Toronto Raptors,28,reb,OVER,4.5,102,102,-110,fanduel,0.5358,0.5358,0.5358,pmf_cal,0.4859,0.0499,0.0823,0.012,5.0,"{""0.1"": 2.0, ""0.2"": 3.0, ""0.25"": 3.0, ""0.33"": 4.0, ""0.4"": 4.0, ""0.5"": 5.0, ""0.6"": 5.0, ""0.67"": 6.0, ""0.75"": 7.0, ""0.8"": 7.0, ""0.9"": 9.0}",0,3,0.0289,pmf_cal,True,False,"{""0"": 0.0333, ""1"": 0.0613, ""2"": 0.0941, ""3"": 0.1169, ""4"": 0.1587, ""5"": 0.1442, ""6"": 0.1279, ""7"": 0.0953, ""8"": 0.0659, ""9"": 0.0389, ""10"": 0.0283, ""11"": 0.0176, ""12"": 0.0092, ""13"": 0.0036, ""14"": 0.0017, ""15"": 0.0013}",-115,115,5,0.0499,-0.0499,-0.5,0.4859,0.5141
3547299,Sam Merrill,21681995,Cleveland Cavaliers @ Toronto Raptors,6,stl,UNDER,0.5,-115,-104,-115,betparx,0.701,0.701,0.701,pmf,0.512,0.189,0.3105,0.054,0.0,"{""0.1"": 0.0, ""0.2"": 0.0, ""0.25"": 0.0, ""0.33"": 0.0, ""0.4"": 0.0, ""0.5"": 0.0, ""0.6"": 0.0, ""0.67"": 0.0, ""0.75"": 1.0, ""0.8"": 1.0, ""0.9"": 2.0}",0,2,0.0547,pmf_raw,False,True,"{""0"": 0.701, ""1"": 0.1921, ""2"": 0.0791, ""3"": 0.0038, ""4"": 0.0033, ""5"": 0.0033, ""6"": 0.0032, ""7"": 0.0031, ""8"": 0.0039, ""9"": 0.0035, ""10"": 0.0037}",234,-234,0,-0.189,0.189,0.5,0.488,0.512
9,Jarrett Allen,21681995,Cleveland Cavaliers @ Toronto Raptors,6,blk,UNDER,1.5,-170,160,-170,draftkings,0.7349,0.7349,0.7349,pmf,0.6208,0.1141,0.1672,0.043,1.0,"{""0.1"": 0.0, ""0.2"": 0.0, ""0.25"": 0.0, ""0.33"": 1.0, ""0.4"": 1.0, ""0.5"": 1.0, ""0.6"": 1.0, ""0.67"": 1.0, ""0.75"": 2.0, ""0.8"": 2.0, ""0.9"": 2.0}",0,2,0.025,pmf_raw,False,True,"{""0"": 0.2927, ""1"": 0.4423, ""2"": 0.1828, ""3"": 0.0218, ""4"": 0.0092, ""5"": 0.0092, ""6"": 0.0071, ""7"": 0.0076, ""8"": 0.0097, ""9"": 0.0085, ""10"": 0.0092}",277,-277,1,-0.1141,0.1141,0.5,0.3792,0.6208
1028029111,Ja'Kobe Walter,21681995,Cleveland Cavaliers @ Toronto Raptors,28,pts,UNDER,9.5,-110,102,-110,betparx,0.698,0.698,0.698,pmf_cal,0.5141,0.1839,0.3326,0.055,7.0,"{""0.1"": 1.0, ""0.2"": 2.0, ""0.25"": 3.0, ""0.33"": 4.0, ""0.4"": 5.0, ""0.5"": 7.0, ""0.6"": 8.0, ""0.67"": 9.0, ""0.75"": 10.0, ""0.8"": 12.0, ""0.9"": 14.0}",0,2,0.0289,pmf_cal,True,False,"{""0"": 0.0698, ""1"": 0.0677, ""2"": 0.0719, ""3"": 0.0733, ""4"": 0.0784, ""5"": 0.0662, ""6"": 0.0622, ""7"": 0.0775, ""8"": 0.067, ""9"": 0.0638, ""10"": 0.0539, ""11"": 0.0436, ""12"": 0.0491, ""13"": 0.0378, ""14"": 0.0319, ""15"": 0.021, ""16"": 0.0181, ""17"": 0.0117, ""18"": 0.0084, ""19"": 0.0087, ""20"": 0.0041, ""21"": 0.0041, ""22"": 0.0022, ""23"": 0.0025, ""25"": 0.0014, ""31"": 0.0014, ""80"": 0.0014}",231,-231,7,-0.1839,0.1839,2.5,0.4859,0.5141
1028029111,Ja'Kobe Walter,21681995,Cleveland Cavaliers @ Toronto Raptors,28,reb,UNDER,3.5,-120,125,-120,betparx,0.6553,0.6553,0.6553,pmf_cal,0.551,0.1043,0.2014,0.036,3.0,"{""0.1"": 0.0, ""0.2"": 1.0, ""0.25"": 1.0, ""0.33"": 2.0, ""0.4"": 2.0, ""0.5"": 3.0, ""0.6"": 3.0, ""0.67"": 4.0, ""0.75"": 4.0, ""0.8"": 5.0, ""0.9"": 6.0}",0,2,0.025,pmf_cal,True,False,"{""0"": 0.107, ""1"": 0.1807, ""2"": 0.1967, ""3"": 0.1708, ""4"": 0.1257, ""5"": 0.0935, ""6"": 0.0594, ""7"": 0.0335, ""8"": 0.0171, ""9"": 0.0091, ""10"": 0.0035, ""11"": 0.0014}",190,-190,3,-0.1043,0.1043,0.5,0.449,0.551
1028029111,Ja'Kobe Walter,21681995,Cleveland Cavaliers @ Toronto Raptors,28,stl,UNDER,1.5,-155,137,-155,draftkings,0.7312,0.7312,0.7312,pmf,0.5903,0.1409,0.2029,0.047,1.0,"{""0.1"": 0.0, ""0.2"": 0.0, ""0.25"": 0.0, ""0.33"": 0.0, ""0.4"": 1.0, ""0.5"": 1.0, ""0.6"": 1.0, ""0.67"": 1.0, ""0.75"": 2.0, ""0.8"": 2.0, ""0.9"": 3.0}",0,2,0.0398,pmf_raw,False,True,"{""0"": 0.3755, ""1"": 0.3556, ""2"": 0.1605, ""3"": 0.0537, ""4"": 0.0073, ""5"": 0.0086, ""6"": 0.0067, ""7"": 0.0067, ""8"": 0.0091, ""9"": 0.0078, ""10"": 0.0084}",272,-272,1,-0.1409,0.1409,0.5,0.4097,0.5903
17896076,Evan Mobley,21681995,Cleveland Cavaliers @ Toronto Raptors,6,pts,UNDER,16.5,-113,105,-113,betmgm,0.6188,0.6188,0.6188,pmf_cal,0.521,0.0978,0.1663,0.028,14.0,"{""0.1"": 5.0, ""0.2"": 8.0, ""0.25"": 9.0, ""0.33"": 11.0, ""0.4"": 12.0, ""0.5"": 14.0, ""0.6"": 16.0, ""0.67"": 17.0, ""0.75"": 19.0, ""0.8"": 20.0, ""0.9"": 23.0}",0,2,0.0283,pmf_cal,True,False,"{""0"": 0.0167, ""1"": 0.015, ""2"": 0.0164, ""3"": 0.0198, ""4"": 0.0309, ""5"": 0.0275, ""6"": 0.0314, ""7"": 0.0346, ""8"": 0.0369, ""9"": 0.0423, ""10"": 0.0433, ""11"": 0.0486, ""12"": 0.0521, ""13"": 0.0537, ""14"": 0.0486, ""15"": 0.0485, ""16"": 0.0524, ""17"": 0.0517, ""18"": 0.0485, ""19"": 0.0441, ""20"": 0.037, ""21"": 0.0376, ""22"": 0.0363, ""23"": 0.0272, ""24"": 0.0173, ""25"": 0.0201, ""26"": 0.0147, ""27"": 0.0101, ""28"": 0.0091, ""29"": 0.0083, ""30"": 0.0043, ""31"": 0.004, ""32"": 0.0021, ""33"": 0.0023, ""34"": 0.0016, ""37"": 0.0015, ""44"": 0.0014, ""80"": 0.0014}",162,-162,14,-0.0978,0.0978,2.5,0.479,0.521
17896076,Evan Mobley,21681995,Cleveland Cavaliers @ Toronto Raptors,6,reb,UNDER,9.5,-120,116,-120,fanduel,0.6724,0.6724,0.6724,pmf_cal,0.5409,0.1315,0.2327,0.042,8.0,"{""0.1"": 4.0, ""0.2"": 5.0, ""0.25"": 6.0, ""0.33"": 6.0, ""0.4"": 7.0, ""0.5"": 8.0, ""0.6"": 9.0, ""0.67"": 9.0, ""0.75"": 10.0, ""0.8"": 11.0, ""0.9"": 13.0}",0,2,0.025,pmf_cal,True,False,"{""0"": 0.0122, ""1"": 0.0157, ""2"": 0.0239, ""3"": 0.0455, ""4"": 0.0644, ""5"": 0.0797, ""6"": 0.0993, ""7"": 0.112, ""8"": 0.1136, ""9"": 0.106, ""10"": 0.0796, ""11"": 0.077, ""12"": 0.0606, ""13"": 0.0392, ""14"": 0.0255, ""15"": 0.0147, ""16"": 0.0122, ""17"": 0.008, ""18"": 0.0047, ""19"": 0.0023, ""20"": 0.0013}",205,-205,8,-0.1315,0.1315,1.5,0.4591,0.5409
17896076,Evan Mobley,21681995,Cleveland Cavaliers @ Toronto Raptors,6,blk,UNDER,1.5,140,-122,140,draftkings,0.7844,0.7844,0.7844,pmf,0.4312,0.3531,0.8825,0.095,1.0,"{""0.1"": 0.0, ""0.2"": 0.0, ""0.25"": 0.0, ""0.33"": 0.0, ""0.4"": 1.0, ""0.5"": 1.0, ""0.6"": 1.0, ""0.67"": 1.0, ""0.75"": 1.0, ""0.8"": 2.0, ""0.9"": 2.0}",0,2,0.025,pmf_raw,False,True,"{""0"": 0.3777, ""1"": 0.4067, ""2"": 0.1573, ""3"": 0.0067, ""4"": 0.0072, ""5"": 0.0079, ""6"": 0.0064, ""7"": 0.0067, ""8"": 0.0082, ""9"": 0.0073, ""10"": 0.0079}",364,-364,1,-0.3532,0.3532,0.5,0.5688,0.4312
666423,RJ Barrett,21681995,Cleveland Cavaliers @ Toronto Raptors,28,pts,UNDER,22.5,-110,105,-110,betrivers,0.6318,0.6318,0.6318,pmf_cal,0.5178,0.1141,0.2063,0.034,20.0,"{""0.1"": 8.0, ""0.2"": 12.0, ""0.25"": 14.0, ""0.33"": 16.0, ""0.4"": 18.0, ""0.5"": 20.0, ""0.6"": 22.0, ""0.67"": 23.0, ""0.75"": 25.0, ""0.8"": 27.0, ""0.9"": 31.0}",0,3,0.025,pmf_cal,True,False,"{""0"": 0.0108, ""1"": 0.0092, ""2"": 0.0067, ""3"": 0.0095, ""4"": 0.0103, ""5"": 0.0109, ""6"": 0.013, ""7"": 0.0114, ""8"": 0.0212, ""9"": 0.0184, ""10"": 0.0259, ""11"": 0.0267, ""12"": 0.0271, ""13"": 0.0306, ""14"": 0.0355, ""15"": 0.0399, ""16"": 0.0477, ""17"": 0.0411, ""18"": 0.0464, ""19"": 0.0423, ""20"": 0.0465, ""21"": 0.0537, ""22"": 0.0469, ""23"": 0.0436, ""24"": 0.0381, ""25"": 0.0411, ""26"": 0.0355, ""27"": 0.0336, ""28"": 0.0313, ""29"": 0.0192, ""30"": 0.0196, ""31"": 0.025, ""32"": 0.0147, ""33"": 0.0139, ""34"": 0.0098, ""35"": 0.0095, ""36"": 0.0056, ""37"": 0.006, ""38"": 0.0048, ""39"": 0.0047, ""40"": 0.0027, ""41"": 0.0021, ""42"": 0.0021, ""45"": 0.0013, ""56"": 0.0014, ""80"": 0.0014}",172,-172,20,-0.114,0.114,2.5,0.4822,0.5178
666423,RJ Barrett,21681995,Cleveland Cavaliers @ Toronto Raptors,28,reb,UNDER,5.5,112,-139,112,caesars,0.5846,0.5846,0.5846,pmf_cal,0.4478,0.1367,0.2393,0.032,5.0,"{""0.1"": 2.0, ""0.2"": 3.0, ""0.25"": 3.0, ""0.33"": 4.0, ""0.4"": 4.0, ""0.5"": 5.0, ""0.6"": 6.0, ""0.67"": 6.0, ""0.75"": 7.0, ""0.8"": 7.0, ""0.9"": 9.0}",0,3,0.0633,pmf_cal,True,False,"{""0"": 0.0284, ""1"": 0.0548, ""2"": 0.0869, ""3"": 0.117, ""4"": 0.142, ""5"": 0.1554, ""6"": 0.1239, ""7"": 0.0978, ""8"": 0.0731, ""9"": 0.0529, ""10"": 0.0297, ""11"": 0.0197, ""12"": 0.008, ""13"": 0.005, ""14"": 0.0025, ""15"": 0.0014}",141,-141,5,-0.1368,0.1368,0.5,0.5522,0.4478
666423,RJ Barrett,21681995,Cleveland Cavaliers @ Toronto Raptors,28,ast,UNDER,3.5,122,-110,122,betway,0.6367,0.6367,0.6367,pmf_cal,0.4624,0.1743,0.4134,0.051,3.0,"{""0.1"": 1.0, ""0.2"": 1.0, ""0.25"": 1.0, ""0.33"": 2.0, ""0.4"": 2.0, ""0.5"": 3.0, ""0.6"": 3.0, ""0.67"": 4.0, ""0.75"": 4.0, ""0.8"": 5.0, ""0.9"": 6.0}",0,3,0.025,pmf_cal,True,False,"{""0"": 0.0976, ""1"": 0.1607, ""2"": 0.2035, ""3"": 0.175, ""4"": 0.1622, ""5"": 0.0893, ""6"": 0.0594, ""7"": 0.0297, ""8"": 0.0123, ""9"": 0.0054, ""10"": 0.003, ""11"": 0.001}",175,-175,3,-0.1743,0.1743,0.5,0.5376,0.4624
1057268940,Collin Murray-Boyles,21681995,Cleveland Cavaliers @ Toronto Raptors,28,pts,UNDER,11.5,-102,-105,-102,betmgm,0.5813,0.5813,0.5813,pmf_cal,0.4964,0.0849,0.1512,0.023,10.0,"{""0.1"": 3.0, ""0.2"": 5.0, ""0.25"": 6.0, ""0.33"": 7.0, ""0.4"": 8.0, ""0.5"": 10.0, ""0.6"": 12.0, ""0.67"": 13.0, ""0.75"": 15.0, ""0.8"": 16.0, ""0.9"": 19.0}",0,2,0.0271,pmf_cal,True,False,"{""0"": 0.0224, ""1"": 0.0258, ""2"": 0.0313, ""3"": 0.0429, ""4"": 0.0448, ""5"": 0.0485, ""6"": 0.0562, ""7"": 0.061, ""8"": 0.0672, ""9"": 0.0588, ""10"": 0.0656, ""11"": 0.0568, ""12"": 0.0615, ""13"": 0.0528, ""14"": 0.0512, ""15"": 0.0454, ""16"": 0.0365, ""17"": 0.0324, ""18"": 0.0259, ""19"": 0.0255, ""20"": 0.0199, ""21"": 0.0148, ""22"": 0.0124, ""23"": 0.0072, ""24"": 0.0087, ""25"": 0.006, ""26"": 0.0033, ""27"": 0.0037, ""28"": 0.002, ""29"": 0.0027, ""30"": 0.002, ""33"": 0.0012, ""43"": 0.0014, ""80"": 0.0014}",139,-139,10,-0.0849,0.0849,1.5,0.5036,0.4964
1057268940,Collin Murray-Boyles,21681995,Cleveland Cavaliers @ Toronto Raptors,28,blk,OVER,0.5,-215,-215,163,betparx,0.7423,0.7423,0.7423,pmf,0.6422,0.1001,0.0876,0.028,1.0,"{""0.1"": 0.0, ""0.2"": 0.0, ""0.25"": 0.0, ""0.33"": 1.0, ""0.4"": 1.0, ""0.5"": 1.0, ""0.6"": 1.0, ""0.67"": 1.0, ""0.75"": 2.0, ""0.8"": 2.0, ""0.9"": 3.0}",0,2,0.0728,pmf_raw,False,True,"{""0"": 0.2577, ""1"": 0.4558, ""2"": 0.1795, ""3"": 0.0431, ""4"": 0.0087, ""5"": 0.0102, ""6"": 0.0078, ""7"": 0.0076, ""8"": 0.0108, ""9"": 0.0093, ""10"": 0.0097}",-288,288,1,0.1001,-0.1001,-0.5,0.6422,0.3578
373,Jakob Poeltl,21681995,Cleveland Cavaliers @ Toronto Raptors,28,reb,UNDER,5.5,-125,112,-125,betparx,0.6177,0.6177,0.6177,pmf_cal,0.5408,0.0768,0.1118,0.021,5.0,"{""0.1"": 1.0, ""0.2"": 2.0, ""0.25"": 3.0, ""0.33"": 3.0, ""0.4"": 4.0, ""0.5"": 5.0, ""0.6"": 5.0, ""0.67"": 6.0, ""0.75"": 7.0, ""0.8"": 7.0, ""0.9"": 9.0}",0,1,0.0373,pmf_cal,True,False,"{""0"": 0.036, ""1"": 0.0656, ""2"": 0.1021, ""3"": 0.1327, ""4"": 0.1342, ""5"": 0.1472, ""6"": 0.1096, ""7"": 0.0932, ""8"": 0.0564, ""9"": 0.0412, ""10"": 0.0303, ""11"": 0.0163, ""12"": 0.0143, ""13"": 0.006, ""14"": 0.007, ""15"": 0.0029, ""16"": 0.0018, ""17"": 0.0011}",162,-162,5,-0.0769,0.0769,0.5,0.4592,0.5408
17896055,Scottie Barnes,21681995,Cleveland Cavaliers @ Toronto Raptors,28,pts,UNDER,20.5,-106,-120,-106,draftkings,0.5744,0.5744,0.5744,pmf_cal,0.4854,0.0889,0.1162,0.018,19.0,"{""0.1"": 8.0, ""0.2"": 12.0, ""0.25"": 13.0, ""0.33"": 15.0, ""0.4"": 17.0, ""0.5"": 19.0, ""0.6"": 21.0, ""0.67"": 23.0, ""0.75"": 25.0, ""0.8"": 26.0, ""0.9"": 30.0}",0,3,0.07,pmf_cal,True,False,"{""0"": 0.0105, ""1"": 0.0112, ""2"": 0.0093, ""3"": 0.0097, ""4"": 0.01, ""5"": 0.0095, ""6"": 0.0132, ""7"": 0.0203, ""8"": 0.0205, ""9"": 0.0232, ""10"": 0.0276, ""11"": 0.0299, ""12"": 0.0369, ""13"": 0.0352, ""14"": 0.0372, ""15"": 0.0407, ""16"": 0.0427, ""17"": 0.0503, ""18"": 0.048, ""19"": 0.0447, ""20"": 0.0437, ""21"": 0.0463, ""22"": 0.046, ""23"": 0.0457, ""24"": 0.0305, ""25"": 0.0393, ""26"": 0.0312, ""27"": 0.0312, ""28"": 0.0246, ""29"": 0.0209, ""30"": 0.0193, ""31"": 0.0189, ""32"": 0.0141, ""33"": 0.0118, ""34"": 0.0084, ""35"": 0.0052, ""36"": 0.0079, ""37"": 0.0059, ""38"": 0.0042, ""39"": 0.0032, ""40"": 0.0017, ""41"": 0.0025, ""42"": 0.0019, ""44"": 0.0013, ""54"": 0.0014, ""80"": 0.0014}",135,-135,19,-0.089,0.089,1.5,0.5146,0.4854
17896055,Scottie Barnes,21681995,Cleveland Cavaliers @ Toronto Raptors,28,reb,UNDER,7.5,-120,100,-120,fanatics,0.7699,0.7699,0.7699,pmf_cal,0.5217,0.2481,0.4114,0.074,5.0,"{""0.1"": 2.0, ""0.2"": 3.0, ""0.25"": 4.0, ""0.33"": 4.0, ""0.4"": 5.0, ""0.5"": 5.0, ""0.6"": 6.0, ""0.67"": 7.0, ""0.75"": 7.0, ""0.8"": 8.0, ""0.9"": 9.0}",0,3,0.0555,pmf_cal,True,False,"{""0"": 0.0249, ""1"": 0.0416, ""2"": 0.0604, ""3"": 0.11, ""4"": 0.1278, ""5"": 0.1489, ""6"": 0.1445, ""7"": 0.1118, ""8"": 0.0798, ""9"": 0.0645, ""10"": 0.0335, ""11"": 0.0244, ""12"": 0.0149, ""13"": 0.0073, ""14"": 0.0022, ""15"": 0.0017}",335,-335,5,-0.2482,0.2482,2.5,0.4783,0.5217
17896055,Scottie Barnes,21681995,Cleveland Cavaliers @ Toronto Raptors,28,ast,UNDER,7.5,116,-115,116,betway,0.6619,0.6619,0.6619,pmf_cal,0.464,0.1979,0.4296,0.056,6.0,"{""0.1"": 2.0, ""0.2"": 4.0, ""0.25"": 4.0, ""0.33"": 5.0, ""0.4"": 5.0, ""0.5"": 6.0, ""0.6"": 7.0, ""0.67"": 8.0, ""0.75"": 8.0, ""0.8"": 9.0, ""0.9"": 10.0}",0,3,0.025,pmf_cal,True,False,"{""0"": 0.0243, ""1"": 0.0348, ""2"": 0.0505, ""3"": 0.0755, ""4"": 0.0964, ""5"": 0.1246, ""6"": 0.1301, ""7"": 0.1256, ""8"": 0.1185, ""9"": 0.0789, ""10"": 0.0615, ""11"": 0.0301, ""12"": 0.0251, ""13"": 0.0108, ""14"": 0.0048, ""15"": 0.0032, ""16"": 0.0016, ""17"": 0.0016}",196,-196,6,-0.1979,0.1979,1.5,0.536,0.464
17896055,Scottie Barnes,21681995,Cleveland Cavaliers @ Toronto Raptors,28,fg3m,UNDER,1.0,162,194,162,fanduel,0.7464,0.7464,0.7464,pmf_cal,0.5288,0.2176,0.9555,0.088,0.0,"{""0.1"": 0.0, ""0.2"": 0.0, ""0.25"": 0.0, ""0.33"": 0.0, ""0.4"": 0.0, ""0.5"": 0.0, ""0.6"": 1.0, ""0.67"": 1.0, ""0.75"": 1.0, ""0.8"": 1.0, ""0.9"": 2.0}",0,3,0.025,pmf_cal,True,False,"{""0"": 0.5033, ""1"": 0.3256, ""2"": 0.1477, ""15"": 0.0233}",294,-294,0,-0.2176,0.2176,1.0,0.4712,0.5288
17896055,Scottie Barnes,21681995,Cleveland Cavaliers @ Toronto Raptors,28,blk,UNDER,1.5,-160,141,-160,draftkings,0.7278,0.7278,0.7278,pmf,0.5973,0.1306,0.1827,0.044,1.0,"{""0.1"": 0.0, ""0.2"": 0.0, ""0.25"": 0.0, ""0.33"": 1.0, ""0.4"": 1.0, ""0.5"": 1.0, ""0.6"": 1.0, ""0.67"": 1.0, ""0.75"": 2.0, ""0.8"": 2.0, ""0.9"": 2.0}",0,3,0.0403,pmf_raw,False,True,"{""0"": 0.3075, ""1"": 0.4204, ""2"": 0.1981, ""3"": 0.0151, ""4"": 0.0092, ""5"": 0.009, ""6"": 0.0069, ""7"": 0.0074, ""8"": 0.0093, ""9"": 0.0083, ""10"": 0.0088}",267,-267,1,-0.1305,0.1305,0.5,0.4027,0.5973
409,Dennis Schroder,21681995,Cleveland Cavaliers @ Toronto Raptors,6,fg3m,OVER,0.5,-125,-125,-110,betway,0.6236,0.6236,0.6236,pmf_cal,0.5147,0.1089,0.1226,0.023,1.0,"{""0.1"": 0.0, ""0.2"": 0.0, ""0.25"": 0.0, ""0.33"": 0.0, ""0.4"": 1.0, ""0.5"": 1.0, ""0.6"": 1.0, ""0.67"": 1.0, ""0.75"": 2.0, ""0.8"": 2.0, ""0.9"": 3.0}",0,1,0.0894,pmf_cal,True,False,"{""0"": 0.3764, ""1"": 0.3431, ""2"": 0.1772, ""3"": 0.08, ""15"": 0.0233}",-166,166,1,0.1089,-0.1089,-0.5,0.5147,0.4853
409,Dennis Schroder,21681995,Cleveland Cavaliers @ Toronto Raptors,6,stl,UNDER,0.5,-180,155,-180,betparx,0.6765,0.6765,0.6765,pmf,0.6211,0.0553,0.0523,0.014,0.0,"{""0.1"": 0.0, ""0.2"": 0.0, ""0.25"": 0.0, ""0.33"": 0.0, ""0.4"": 0.0, ""0.5"": 0.0, ""0.6"": 0.0, ""0.67"": 0.0, ""0.75"": 1.0, ""0.8"": 1.0, ""0.9"": 1.0}",0,1,0.045,pmf_raw,False,True,"{""0"": 0.6765, ""1"": 0.255, ""2"": 0.039, ""3"": 0.0042, ""4"": 0.0037, ""5"": 0.0034, ""6"": 0.0032, ""7"": 0.0032, ""8"": 0.0043, ""9"": 0.0036, ""10"": 0.004}",209,-209,0,-0.0554,0.0554,0.5,0.3789,0.6211
1028038426,Jamal Shead,21681995,Cleveland Cavaliers @ Toronto Raptors,28,ast,UNDER,5.5,-125,115,-125,draftkings,0.6438,0.6438,0.6438,pmf_cal,0.5443,0.0995,0.1588,0.03,4.0,"{""0.1"": 1.0, ""0.2"": 2.0, ""0.25"": 3.0, ""0.33"": 3.0, ""0.4"": 4.0, ""0.5"": 4.0, ""0.6"": 5.0, ""0.67"": 6.0, ""0.75"": 6.0, ""0.8"": 7.0, ""0.9"": 8.0}",0,2,0.0307,pmf_cal,True,False,"{""0"": 0.0478, ""1"": 0.0702, ""2"": 0.1067, ""3"": 0.1401, ""4"": 0.1501, ""5"": 0.1289, ""6"": 0.1191, ""7"": 0.0863, ""8"": 0.0599, ""9"": 0.0347, ""10"": 0.0263, ""11"": 0.0141, ""12"": 0.0063, ""13"": 0.0034, ""14"": 0.0016, ""15"": 0.0011, ""16"": 0.0015}",181,-181,4,-0.0995,0.0995,1.5,0.4557,0.5443
17896059,Sandro Mamukelashvili,21681995,Cleveland Cavaliers @ Toronto Raptors,28,reb,OVER,3.5,-124,-124,-106,caesars,0.6163,0.6163,0.6163,pmf_cal,0.5183,0.0981,0.1134,0.021,4.0,"{""0.1"": 1.0, ""0.2"": 2.0, ""0.25"": 3.0, ""0.33"": 3.0, ""0.4"": 4.0, ""0.5"": 4.0, ""0.6"": 5.0, ""0.67"": 6.0, ""0.75"": 6.0, ""0.8"": 7.0, ""0.9"": 8.0}",0,1,0.0781,pmf_cal,True,False,"{""0"": 0.047, ""1"": 0.0802, ""2"": 0.1113, ""3"": 0.1451, ""4"": 0.1465, ""5"": 0.1368, ""6"": 0.1055, ""7"": 0.0771, ""8"": 0.0534, ""9"": 0.0359, ""10"": 0.0218, ""11"": 0.0146, ""12"": 0.0075, ""13"": 0.006, ""14"": 0.0033, ""15"": 0.0025, ""16"": 0.0017, ""18"": 0.001}",-161,161,4,0.098,-0.098,-0.5,0.5183,0.4817
