snapshot_type,snapshot_time_utc,delivery_date,game_id,player_id,player_name,team,opponent,is_home,stat,pmf_json,pmf_mean,mean,median,mode,p0,p_ge_1,p_ge_2,p_ge_3,p_ge_4,p_ge_5,p_ge_6,p_ge_7,p_ge_8,p_ge_9,p_ge_10,p_ge_11,p_ge_12,p_ge_13,p_ge_14,p_ge_15,p_ge_16,p_ge_17,p_ge_18,p_ge_19,p_ge_20,model_version,pmf_source,calibration_source,role_bucket,calibration_confidence,minutes_mean,minutes_q50,minutes_p10,minutes_p50,minutes_p90,minutes_std,p_inactive_used,rotation_probability,starter_probability,projected_role,player_game_eligible,eligibility_reason,has_current_market_line,sportsbook,book,market_key,line,market_line,p_over,over_price_american,under_price_american,market_no_vig_over_prob,market_no_vig_under_prob,model_p_under,fair_over_odds_american,fair_under_odds_american,edge,edge_over,edge_under,market_snapshot_time_utc,market_coverage_status,finality_status,finality_blocker_codes,injury_freshness_status,lineup_freshness_status,role_freshness_status,odds_freshness_status,outcomes_freshness_status,tov_status,pmf_valid,pmf_sum_error,expected_lineup_status,official_lineup_status,lineup_source,lineup_last_updated_utc,injury_context_source,injury_report_fetched_at_utc
near_tip,2026-05-22T11:36:28Z,2026-05-21,21713897,17896076,Evan Mobley,CLE,NYK,False,ra,"{""0"": 3.467074329502399e-05, ""1"": 0.0002787472488805707, ""2"": 0.0009920933967117926, ""3"": 0.002422796780128326, ""4"": 0.006100178932203167, ""5"": 0.015943656831615426, ""6"": 0.03672364657046922, ""7"": 0.06991928203442738, ""8"": 0.11153516956303981, ""9"": 0.14698943719730329, ""10"": 0.15908727386624277, ""11"": 0.14486837798280752, ""12"": 0.11532917307595349, ""13"": 0.08271314414726687, ""14"": 0.05303342611765286, ""15"": 0.029686022940708427, ""16"": 0.014294225842061683, ""17"": 0.006094776711251133, ""18"": 0.0025020362093479244, ""19"": 0.0009835932419265101, ""20"": 0.0003408364715363534, ""21"": 9.54310979691604e-05, ""22"": 2.3296820312940668e-05, ""23"": 6.153573190741358e-06, ""24"": 1.7854623011138396e-06, ""25"": 5.475104356313263e-07, ""26"": 1.6339385209962985e-07, ""27"": 4.291557918007787e-08, ""28"": 1.0369074299705045e-08, ""29"": 2.3800853086634736e-09, ""30"": 4.6561768043835314e-10, ""31"": 8.502029151244542e-11, ""32"": 1.7787289030284397e-11, ""33"": 3.3411798913625106e-12, ""34"": 5.087205521332407e-13, ""35"": 8.345231044424604e-14, ""36"": 1.0545436049344865e-14, ""37"": 7.239695273899788e-16, ""38"": 5.2873750401348824e-17, ""39"": 5.372946564099747e-18, ""40"": 3.8897283257255225e-19, ""41"": 2.6217564994540667e-20, ""42"": 1.4626195030525662e-21, ""43"": 1.06774035681287e-22, ""44"": 2.5107713540499913e-24, ""45"": 6.793765208823676e-26, ""46"": 1.5889070291568907e-27, ""47"": 4.733e-321, ""48"": 1.2e-322}",10.2756,10.2756,10,10,0.0,1.0,0.9997,0.9987,0.9963,0.9902,0.9742,0.9375,0.8676,0.756,0.6091,0.45,0.3051,0.1898,0.1071,0.054,0.0243,0.01,0.004,0.0015,0.0005,24dddfd7#phase10c,"stat_grid:component_convolution_mean_coherent_v1+components[reb:pmf_sim_v1+role_aware_pmf_cal_v1:starter+monotone_pit_cdf_v1,ast:pmf_sim_v1+role_aware_pmf_cal_v1:starter+monotone_pit_cdf_v1]+prior_combo[joint_sampler_v1+joint_combo_pmf_v1+role_aware_pmf_cal_v1:starter+monotone_pit_cdf_v1]+stat_grid_final_component_convolution_mean_coherent_v1",phase8_role_aware_pmf_cal_v1+monotone_inactive_global_v1,starter,high,31.2984,34.5886,13.206,34.5886,39.7322,10.3214,0.05,0.9424,0.6605,starter,True,current_market_line,True,draftkings,draftkings,player_ra_over_under,11.5,11.5,0.3051,-129.0,-102.0,0.5273,0.4727,0.6949,228.0,-228.0,-0.2222,-0.2222,0.2222,2026-05-22T11:35:20.420208Z,full,provisional,"injury_very_stale,lineup_unconfirmed,role_bucket_missing",unknown,projected,missing,ok,finals_present,current_phase8,ok,0.0,projected,projected,bdl_lineup_freshness_manifest,2026-05-22T11:35:21Z,bdl_injuries_only,2026-05-22T11:35:42Z
near_tip,2026-05-22T11:36:28Z,2026-05-21,21713897,17896076,Evan Mobley,CLE,NYK,False,ra,"{""0"": 3.467074329502399e-05, ""1"": 0.0002787472488805707, ""2"": 0.0009920933967117926, ""3"": 0.002422796780128326, ""4"": 0.006100178932203167, ""5"": 0.015943656831615426, ""6"": 0.03672364657046922, ""7"": 0.06991928203442738, ""8"": 0.11153516956303981, ""9"": 0.14698943719730329, ""10"": 0.15908727386624277, ""11"": 0.14486837798280752, ""12"": 0.11532917307595349, ""13"": 0.08271314414726687, ""14"": 0.05303342611765286, ""15"": 0.029686022940708427, ""16"": 0.014294225842061683, ""17"": 0.006094776711251133, ""18"": 0.0025020362093479244, ""19"": 0.0009835932419265101, ""20"": 0.0003408364715363534, ""21"": 9.54310979691604e-05, ""22"": 2.3296820312940668e-05, ""23"": 6.153573190741358e-06, ""24"": 1.7854623011138396e-06, ""25"": 5.475104356313263e-07, ""26"": 1.6339385209962985e-07, ""27"": 4.291557918007787e-08, ""28"": 1.0369074299705045e-08, ""29"": 2.3800853086634736e-09, ""30"": 4.6561768043835314e-10, ""31"": 8.502029151244542e-11, ""32"": 1.7787289030284397e-11, ""33"": 3.3411798913625106e-12, ""34"": 5.087205521332407e-13, ""35"": 8.345231044424604e-14, ""36"": 1.0545436049344865e-14, ""37"": 7.239695273899788e-16, ""38"": 5.2873750401348824e-17, ""39"": 5.372946564099747e-18, ""40"": 3.8897283257255225e-19, ""41"": 2.6217564994540667e-20, ""42"": 1.4626195030525662e-21, ""43"": 1.06774035681287e-22, ""44"": 2.5107713540499913e-24, ""45"": 6.793765208823676e-26, ""46"": 1.5889070291568907e-27, ""47"": 4.733e-321, ""48"": 1.2e-322}",10.2756,10.2756,10,10,0.0,1.0,0.9997,0.9987,0.9963,0.9902,0.9742,0.9375,0.8676,0.756,0.6091,0.45,0.3051,0.1898,0.1071,0.054,0.0243,0.01,0.004,0.0015,0.0005,24dddfd7#phase10c,"stat_grid:component_convolution_mean_coherent_v1+components[reb:pmf_sim_v1+role_aware_pmf_cal_v1:starter+monotone_pit_cdf_v1,ast:pmf_sim_v1+role_aware_pmf_cal_v1:starter+monotone_pit_cdf_v1]+prior_combo[joint_sampler_v1+joint_combo_pmf_v1+role_aware_pmf_cal_v1:starter+monotone_pit_cdf_v1]+stat_grid_final_component_convolution_mean_coherent_v1",phase8_role_aware_pmf_cal_v1+monotone_inactive_global_v1,starter,high,31.2984,34.5886,13.206,34.5886,39.7322,10.3214,0.05,0.9424,0.6605,starter,True,current_market_line,True,fanduel,fanduel,player_ra_over_under,11.5,11.5,0.3051,-132.0,100.0,0.5323,0.4677,0.6949,228.0,-228.0,-0.2272,-0.2272,0.2272,2026-05-22T11:35:20.420208Z,full,provisional,"injury_very_stale,lineup_unconfirmed,role_bucket_missing",unknown,projected,missing,ok,finals_present,current_phase8,ok,0.0,projected,projected,bdl_lineup_freshness_manifest,2026-05-22T11:35:21Z,bdl_injuries_only,2026-05-22T11:35:42Z
near_tip,2026-05-22T11:36:28Z,2026-05-21,21713897,17896076,Evan Mobley,CLE,NYK,False,ra,"{""0"": 3.467074329502399e-05, ""1"": 0.0002787472488805707, ""2"": 0.0009920933967117926, ""3"": 0.002422796780128326, ""4"": 0.006100178932203167, ""5"": 0.015943656831615426, ""6"": 0.03672364657046922, ""7"": 0.06991928203442738, ""8"": 0.11153516956303981, ""9"": 0.14698943719730329, ""10"": 0.15908727386624277, ""11"": 0.14486837798280752, ""12"": 0.11532917307595349, ""13"": 0.08271314414726687, ""14"": 0.05303342611765286, ""15"": 0.029686022940708427, ""16"": 0.014294225842061683, ""17"": 0.006094776711251133, ""18"": 0.0025020362093479244, ""19"": 0.0009835932419265101, ""20"": 0.0003408364715363534, ""21"": 9.54310979691604e-05, ""22"": 2.3296820312940668e-05, ""23"": 6.153573190741358e-06, ""24"": 1.7854623011138396e-06, ""25"": 5.475104356313263e-07, ""26"": 1.6339385209962985e-07, ""27"": 4.291557918007787e-08, ""28"": 1.0369074299705045e-08, ""29"": 2.3800853086634736e-09, ""30"": 4.6561768043835314e-10, ""31"": 8.502029151244542e-11, ""32"": 1.7787289030284397e-11, ""33"": 3.3411798913625106e-12, ""34"": 5.087205521332407e-13, ""35"": 8.345231044424604e-14, ""36"": 1.0545436049344865e-14, ""37"": 7.239695273899788e-16, ""38"": 5.2873750401348824e-17, ""39"": 5.372946564099747e-18, ""40"": 3.8897283257255225e-19, ""41"": 2.6217564994540667e-20, ""42"": 1.4626195030525662e-21, ""43"": 1.06774035681287e-22, ""44"": 2.5107713540499913e-24, ""45"": 6.793765208823676e-26, ""46"": 1.5889070291568907e-27, ""47"": 4.733e-321, ""48"": 1.2e-322}",10.2756,10.2756,10,10,0.0,1.0,0.9997,0.9987,0.9963,0.9902,0.9742,0.9375,0.8676,0.756,0.6091,0.45,0.3051,0.1898,0.1071,0.054,0.0243,0.01,0.004,0.0015,0.0005,24dddfd7#phase10c,"stat_grid:component_convolution_mean_coherent_v1+components[reb:pmf_sim_v1+role_aware_pmf_cal_v1:starter+monotone_pit_cdf_v1,ast:pmf_sim_v1+role_aware_pmf_cal_v1:starter+monotone_pit_cdf_v1]+prior_combo[joint_sampler_v1+joint_combo_pmf_v1+role_aware_pmf_cal_v1:starter+monotone_pit_cdf_v1]+stat_grid_final_component_convolution_mean_coherent_v1",phase8_role_aware_pmf_cal_v1+monotone_inactive_global_v1,starter,high,31.2984,34.5886,13.206,34.5886,39.7322,10.3214,0.05,0.9424,0.6605,starter,True,current_market_line,True,bovada,bovada,player_ra_over_under,10.5,10.5,0.45,-200.0,150.0,0.625,0.375,0.55,122.0,-122.0,-0.175,-0.175,0.175,2026-05-22T11:35:20.420208Z,full,provisional,"injury_very_stale,lineup_unconfirmed,role_bucket_missing",unknown,projected,missing,ok,finals_present,current_phase8,ok,0.0,projected,projected,bdl_lineup_freshness_manifest,2026-05-22T11:35:21Z,bdl_injuries_only,2026-05-22T11:35:42Z
near_tip,2026-05-22T11:36:28Z,2026-05-21,21713897,17896076,Evan Mobley,CLE,NYK,False,ra,"{""0"": 3.467074329502399e-05, ""1"": 0.0002787472488805707, ""2"": 0.0009920933967117926, ""3"": 0.002422796780128326, ""4"": 0.006100178932203167, ""5"": 0.015943656831615426, ""6"": 0.03672364657046922, ""7"": 0.06991928203442738, ""8"": 0.11153516956303981, ""9"": 0.14698943719730329, ""10"": 0.15908727386624277, ""11"": 0.14486837798280752, ""12"": 0.11532917307595349, ""13"": 0.08271314414726687, ""14"": 0.05303342611765286, ""15"": 0.029686022940708427, ""16"": 0.014294225842061683, ""17"": 0.006094776711251133, ""18"": 0.0025020362093479244, ""19"": 0.0009835932419265101, ""20"": 0.0003408364715363534, ""21"": 9.54310979691604e-05, ""22"": 2.3296820312940668e-05, ""23"": 6.153573190741358e-06, ""24"": 1.7854623011138396e-06, ""25"": 5.475104356313263e-07, ""26"": 1.6339385209962985e-07, ""27"": 4.291557918007787e-08, ""28"": 1.0369074299705045e-08, ""29"": 2.3800853086634736e-09, ""30"": 4.6561768043835314e-10, ""31"": 8.502029151244542e-11, ""32"": 1.7787289030284397e-11, ""33"": 3.3411798913625106e-12, ""34"": 5.087205521332407e-13, ""35"": 8.345231044424604e-14, ""36"": 1.0545436049344865e-14, ""37"": 7.239695273899788e-16, ""38"": 5.2873750401348824e-17, ""39"": 5.372946564099747e-18, ""40"": 3.8897283257255225e-19, ""41"": 2.6217564994540667e-20, ""42"": 1.4626195030525662e-21, ""43"": 1.06774035681287e-22, ""44"": 2.5107713540499913e-24, ""45"": 6.793765208823676e-26, ""46"": 1.5889070291568907e-27, ""47"": 4.733e-321, ""48"": 1.2e-322}",10.2756,10.2756,10,10,0.0,1.0,0.9997,0.9987,0.9963,0.9902,0.9742,0.9375,0.8676,0.756,0.6091,0.45,0.3051,0.1898,0.1071,0.054,0.0243,0.01,0.004,0.0015,0.0005,24dddfd7#phase10c,"stat_grid:component_convolution_mean_coherent_v1+components[reb:pmf_sim_v1+role_aware_pmf_cal_v1:starter+monotone_pit_cdf_v1,ast:pmf_sim_v1+role_aware_pmf_cal_v1:starter+monotone_pit_cdf_v1]+prior_combo[joint_sampler_v1+joint_combo_pmf_v1+role_aware_pmf_cal_v1:starter+monotone_pit_cdf_v1]+stat_grid_final_component_convolution_mean_coherent_v1",phase8_role_aware_pmf_cal_v1+monotone_inactive_global_v1,starter,high,31.2984,34.5886,13.206,34.5886,39.7322,10.3214,0.05,0.9424,0.6605,starter,True,current_market_line,True,bovada,bovada,player_ra_over_under,11.5,11.5,0.3051,-130.0,100.0,0.5306,0.4694,0.6949,228.0,-228.0,-0.2255,-0.2255,0.2255,2026-05-22T11:35:20.420208Z,full,provisional,"injury_very_stale,lineup_unconfirmed,role_bucket_missing",unknown,projected,missing,ok,finals_present,current_phase8,ok,0.0,projected,projected,bdl_lineup_freshness_manifest,2026-05-22T11:35:21Z,bdl_injuries_only,2026-05-22T11:35:42Z
near_tip,2026-05-22T11:36:28Z,2026-05-21,21713897,17896076,Evan Mobley,CLE,NYK,False,ra,"{""0"": 3.467074329502399e-05, ""1"": 0.0002787472488805707, ""2"": 0.0009920933967117926, ""3"": 0.002422796780128326, ""4"": 0.006100178932203167, ""5"": 0.015943656831615426, ""6"": 0.03672364657046922, ""7"": 0.06991928203442738, ""8"": 0.11153516956303981, ""9"": 0.14698943719730329, ""10"": 0.15908727386624277, ""11"": 0.14486837798280752, ""12"": 0.11532917307595349, ""13"": 0.08271314414726687, ""14"": 0.05303342611765286, ""15"": 0.029686022940708427, ""16"": 0.014294225842061683, ""17"": 0.006094776711251133, ""18"": 0.0025020362093479244, ""19"": 0.0009835932419265101, ""20"": 0.0003408364715363534, ""21"": 9.54310979691604e-05, ""22"": 2.3296820312940668e-05, ""23"": 6.153573190741358e-06, ""24"": 1.7854623011138396e-06, ""25"": 5.475104356313263e-07, ""26"": 1.6339385209962985e-07, ""27"": 4.291557918007787e-08, ""28"": 1.0369074299705045e-08, ""29"": 2.3800853086634736e-09, ""30"": 4.6561768043835314e-10, ""31"": 8.502029151244542e-11, ""32"": 1.7787289030284397e-11, ""33"": 3.3411798913625106e-12, ""34"": 5.087205521332407e-13, ""35"": 8.345231044424604e-14, ""36"": 1.0545436049344865e-14, ""37"": 7.239695273899788e-16, ""38"": 5.2873750401348824e-17, ""39"": 5.372946564099747e-18, ""40"": 3.8897283257255225e-19, ""41"": 2.6217564994540667e-20, ""42"": 1.4626195030525662e-21, ""43"": 1.06774035681287e-22, ""44"": 2.5107713540499913e-24, ""45"": 6.793765208823676e-26, ""46"": 1.5889070291568907e-27, ""47"": 4.733e-321, ""48"": 1.2e-322}",10.2756,10.2756,10,10,0.0,1.0,0.9997,0.9987,0.9963,0.9902,0.9742,0.9375,0.8676,0.756,0.6091,0.45,0.3051,0.1898,0.1071,0.054,0.0243,0.01,0.004,0.0015,0.0005,24dddfd7#phase10c,"stat_grid:component_convolution_mean_coherent_v1+components[reb:pmf_sim_v1+role_aware_pmf_cal_v1:starter+monotone_pit_cdf_v1,ast:pmf_sim_v1+role_aware_pmf_cal_v1:starter+monotone_pit_cdf_v1]+prior_combo[joint_sampler_v1+joint_combo_pmf_v1+role_aware_pmf_cal_v1:starter+monotone_pit_cdf_v1]+stat_grid_final_component_convolution_mean_coherent_v1",phase8_role_aware_pmf_cal_v1+monotone_inactive_global_v1,starter,high,31.2984,34.5886,13.206,34.5886,39.7322,10.3214,0.05,0.9424,0.6605,starter,True,current_market_line,True,bovada,bovada,player_ra_over_under,12.5,12.5,0.1898,115.0,-150.0,0.4367,0.5633,0.8102,427.0,-427.0,-0.2469,-0.2469,0.2469,2026-05-22T11:35:20.420208Z,full,provisional,"injury_very_stale,lineup_unconfirmed,role_bucket_missing",unknown,projected,missing,ok,finals_present,current_phase8,ok,0.0,projected,projected,bdl_lineup_freshness_manifest,2026-05-22T11:35:21Z,bdl_injuries_only,2026-05-22T11:35:42Z
near_tip,2026-05-22T11:36:28Z,2026-05-21,21713897,17896076,Evan Mobley,CLE,NYK,False,ra,"{""0"": 3.467074329502399e-05, ""1"": 0.0002787472488805707, ""2"": 0.0009920933967117926, ""3"": 0.002422796780128326, ""4"": 0.006100178932203167, ""5"": 0.015943656831615426, ""6"": 0.03672364657046922, ""7"": 0.06991928203442738, ""8"": 0.11153516956303981, ""9"": 0.14698943719730329, ""10"": 0.15908727386624277, ""11"": 0.14486837798280752, ""12"": 0.11532917307595349, ""13"": 0.08271314414726687, ""14"": 0.05303342611765286, ""15"": 0.029686022940708427, ""16"": 0.014294225842061683, ""17"": 0.006094776711251133, ""18"": 0.0025020362093479244, ""19"": 0.0009835932419265101, ""20"": 0.0003408364715363534, ""21"": 9.54310979691604e-05, ""22"": 2.3296820312940668e-05, ""23"": 6.153573190741358e-06, ""24"": 1.7854623011138396e-06, ""25"": 5.475104356313263e-07, ""26"": 1.6339385209962985e-07, ""27"": 4.291557918007787e-08, ""28"": 1.0369074299705045e-08, ""29"": 2.3800853086634736e-09, ""30"": 4.6561768043835314e-10, ""31"": 8.502029151244542e-11, ""32"": 1.7787289030284397e-11, ""33"": 3.3411798913625106e-12, ""34"": 5.087205521332407e-13, ""35"": 8.345231044424604e-14, ""36"": 1.0545436049344865e-14, ""37"": 7.239695273899788e-16, ""38"": 5.2873750401348824e-17, ""39"": 5.372946564099747e-18, ""40"": 3.8897283257255225e-19, ""41"": 2.6217564994540667e-20, ""42"": 1.4626195030525662e-21, ""43"": 1.06774035681287e-22, ""44"": 2.5107713540499913e-24, ""45"": 6.793765208823676e-26, ""46"": 1.5889070291568907e-27, ""47"": 4.733e-321, ""48"": 1.2e-322}",10.2756,10.2756,10,10,0.0,1.0,0.9997,0.9987,0.9963,0.9902,0.9742,0.9375,0.8676,0.756,0.6091,0.45,0.3051,0.1898,0.1071,0.054,0.0243,0.01,0.004,0.0015,0.0005,24dddfd7#phase10c,"stat_grid:component_convolution_mean_coherent_v1+components[reb:pmf_sim_v1+role_aware_pmf_cal_v1:starter+monotone_pit_cdf_v1,ast:pmf_sim_v1+role_aware_pmf_cal_v1:starter+monotone_pit_cdf_v1]+prior_combo[joint_sampler_v1+joint_combo_pmf_v1+role_aware_pmf_cal_v1:starter+monotone_pit_cdf_v1]+stat_grid_final_component_convolution_mean_coherent_v1",phase8_role_aware_pmf_cal_v1+monotone_inactive_global_v1,starter,high,31.2984,34.5886,13.206,34.5886,39.7322,10.3214,0.05,0.9424,0.6605,starter,True,current_market_line,True,espnbet,espnbet,player_ra_over_under,11.5,11.5,0.3051,-125.0,-105.0,0.5203,0.4797,0.6949,228.0,-228.0,-0.2152,-0.2152,0.2152,2026-05-22T11:35:20.420208Z,full,provisional,"injury_very_stale,lineup_unconfirmed,role_bucket_missing",unknown,projected,missing,ok,finals_present,current_phase8,ok,0.0,projected,projected,bdl_lineup_freshness_manifest,2026-05-22T11:35:21Z,bdl_injuries_only,2026-05-22T11:35:42Z
near_tip,2026-05-22T11:36:28Z,2026-05-21,21713897,17896076,Evan Mobley,CLE,NYK,False,ra,"{""0"": 3.467074329502399e-05, ""1"": 0.0002787472488805707, ""2"": 0.0009920933967117926, ""3"": 0.002422796780128326, ""4"": 0.006100178932203167, ""5"": 0.015943656831615426, ""6"": 0.03672364657046922, ""7"": 0.06991928203442738, ""8"": 0.11153516956303981, ""9"": 0.14698943719730329, ""10"": 0.15908727386624277, ""11"": 0.14486837798280752, ""12"": 0.11532917307595349, ""13"": 0.08271314414726687, ""14"": 0.05303342611765286, ""15"": 0.029686022940708427, ""16"": 0.014294225842061683, ""17"": 0.006094776711251133, ""18"": 0.0025020362093479244, ""19"": 0.0009835932419265101, ""20"": 0.0003408364715363534, ""21"": 9.54310979691604e-05, ""22"": 2.3296820312940668e-05, ""23"": 6.153573190741358e-06, ""24"": 1.7854623011138396e-06, ""25"": 5.475104356313263e-07, ""26"": 1.6339385209962985e-07, ""27"": 4.291557918007787e-08, ""28"": 1.0369074299705045e-08, ""29"": 2.3800853086634736e-09, ""30"": 4.6561768043835314e-10, ""31"": 8.502029151244542e-11, ""32"": 1.7787289030284397e-11, ""33"": 3.3411798913625106e-12, ""34"": 5.087205521332407e-13, ""35"": 8.345231044424604e-14, ""36"": 1.0545436049344865e-14, ""37"": 7.239695273899788e-16, ""38"": 5.2873750401348824e-17, ""39"": 5.372946564099747e-18, ""40"": 3.8897283257255225e-19, ""41"": 2.6217564994540667e-20, ""42"": 1.4626195030525662e-21, ""43"": 1.06774035681287e-22, ""44"": 2.5107713540499913e-24, ""45"": 6.793765208823676e-26, ""46"": 1.5889070291568907e-27, ""47"": 4.733e-321, ""48"": 1.2e-322}",10.2756,10.2756,10,10,0.0,1.0,0.9997,0.9987,0.9963,0.9902,0.9742,0.9375,0.8676,0.756,0.6091,0.45,0.3051,0.1898,0.1071,0.054,0.0243,0.01,0.004,0.0015,0.0005,24dddfd7#phase10c,"stat_grid:component_convolution_mean_coherent_v1+components[reb:pmf_sim_v1+role_aware_pmf_cal_v1:starter+monotone_pit_cdf_v1,ast:pmf_sim_v1+role_aware_pmf_cal_v1:starter+monotone_pit_cdf_v1]+prior_combo[joint_sampler_v1+joint_combo_pmf_v1+role_aware_pmf_cal_v1:starter+monotone_pit_cdf_v1]+stat_grid_final_component_convolution_mean_coherent_v1",phase8_role_aware_pmf_cal_v1+monotone_inactive_global_v1,starter,high,31.2984,34.5886,13.206,34.5886,39.7322,10.3214,0.05,0.9424,0.6605,starter,True,current_market_line,True,fliff,fliff,player_ra_over_under,11.5,11.5,0.3051,-140.0,-105.0,0.5325,0.4675,0.6949,228.0,-228.0,-0.2274,-0.2274,0.2274,2026-05-22T11:35:20.420208Z,full,provisional,"injury_very_stale,lineup_unconfirmed,role_bucket_missing",unknown,projected,missing,ok,finals_present,current_phase8,ok,0.0,projected,projected,bdl_lineup_freshness_manifest,2026-05-22T11:35:21Z,bdl_injuries_only,2026-05-22T11:35:42Z
near_tip,2026-05-22T11:36:28Z,2026-05-21,21713897,17896076,Evan Mobley,CLE,NYK,False,ra,"{""0"": 3.467074329502399e-05, ""1"": 0.0002787472488805707, ""2"": 0.0009920933967117926, ""3"": 0.002422796780128326, ""4"": 0.006100178932203167, ""5"": 0.015943656831615426, ""6"": 0.03672364657046922, ""7"": 0.06991928203442738, ""8"": 0.11153516956303981, ""9"": 0.14698943719730329, ""10"": 0.15908727386624277, ""11"": 0.14486837798280752, ""12"": 0.11532917307595349, ""13"": 0.08271314414726687, ""14"": 0.05303342611765286, ""15"": 0.029686022940708427, ""16"": 0.014294225842061683, ""17"": 0.006094776711251133, ""18"": 0.0025020362093479244, ""19"": 0.0009835932419265101, ""20"": 0.0003408364715363534, ""21"": 9.54310979691604e-05, ""22"": 2.3296820312940668e-05, ""23"": 6.153573190741358e-06, ""24"": 1.7854623011138396e-06, ""25"": 5.475104356313263e-07, ""26"": 1.6339385209962985e-07, ""27"": 4.291557918007787e-08, ""28"": 1.0369074299705045e-08, ""29"": 2.3800853086634736e-09, ""30"": 4.6561768043835314e-10, ""31"": 8.502029151244542e-11, ""32"": 1.7787289030284397e-11, ""33"": 3.3411798913625106e-12, ""34"": 5.087205521332407e-13, ""35"": 8.345231044424604e-14, ""36"": 1.0545436049344865e-14, ""37"": 7.239695273899788e-16, ""38"": 5.2873750401348824e-17, ""39"": 5.372946564099747e-18, ""40"": 3.8897283257255225e-19, ""41"": 2.6217564994540667e-20, ""42"": 1.4626195030525662e-21, ""43"": 1.06774035681287e-22, ""44"": 2.5107713540499913e-24, ""45"": 6.793765208823676e-26, ""46"": 1.5889070291568907e-27, ""47"": 4.733e-321, ""48"": 1.2e-322}",10.2756,10.2756,10,10,0.0,1.0,0.9997,0.9987,0.9963,0.9902,0.9742,0.9375,0.8676,0.756,0.6091,0.45,0.3051,0.1898,0.1071,0.054,0.0243,0.01,0.004,0.0015,0.0005,24dddfd7#phase10c,"stat_grid:component_convolution_mean_coherent_v1+components[reb:pmf_sim_v1+role_aware_pmf_cal_v1:starter+monotone_pit_cdf_v1,ast:pmf_sim_v1+role_aware_pmf_cal_v1:starter+monotone_pit_cdf_v1]+prior_combo[joint_sampler_v1+joint_combo_pmf_v1+role_aware_pmf_cal_v1:starter+monotone_pit_cdf_v1]+stat_grid_final_component_convolution_mean_coherent_v1",phase8_role_aware_pmf_cal_v1+monotone_inactive_global_v1,starter,high,31.2984,34.5886,13.206,34.5886,39.7322,10.3214,0.05,0.9424,0.6605,starter,True,current_market_line,True,hardrockbet_az,hardrockbet_az,player_ra_over_under,11.5,11.5,0.3051,-130.0,100.0,0.5306,0.4694,0.6949,228.0,-228.0,-0.2255,-0.2255,0.2255,2026-05-22T11:35:20.420208Z,full,provisional,"injury_very_stale,lineup_unconfirmed,role_bucket_missing",unknown,projected,missing,ok,finals_present,current_phase8,ok,0.0,projected,projected,bdl_lineup_freshness_manifest,2026-05-22T11:35:21Z,bdl_injuries_only,2026-05-22T11:35:42Z
near_tip,2026-05-22T11:36:28Z,2026-05-21,21713897,17896076,Evan Mobley,CLE,NYK,False,ra,"{""0"": 3.467074329502399e-05, ""1"": 0.0002787472488805707, ""2"": 0.0009920933967117926, ""3"": 0.002422796780128326, ""4"": 0.006100178932203167, ""5"": 0.015943656831615426, ""6"": 0.03672364657046922, ""7"": 0.06991928203442738, ""8"": 0.11153516956303981, ""9"": 0.14698943719730329, ""10"": 0.15908727386624277, ""11"": 0.14486837798280752, ""12"": 0.11532917307595349, ""13"": 0.08271314414726687, ""14"": 0.05303342611765286, ""15"": 0.029686022940708427, ""16"": 0.014294225842061683, ""17"": 0.006094776711251133, ""18"": 0.0025020362093479244, ""19"": 0.0009835932419265101, ""20"": 0.0003408364715363534, ""21"": 9.54310979691604e-05, ""22"": 2.3296820312940668e-05, ""23"": 6.153573190741358e-06, ""24"": 1.7854623011138396e-06, ""25"": 5.475104356313263e-07, ""26"": 1.6339385209962985e-07, ""27"": 4.291557918007787e-08, ""28"": 1.0369074299705045e-08, ""29"": 2.3800853086634736e-09, ""30"": 4.6561768043835314e-10, ""31"": 8.502029151244542e-11, ""32"": 1.7787289030284397e-11, ""33"": 3.3411798913625106e-12, ""34"": 5.087205521332407e-13, ""35"": 8.345231044424604e-14, ""36"": 1.0545436049344865e-14, ""37"": 7.239695273899788e-16, ""38"": 5.2873750401348824e-17, ""39"": 5.372946564099747e-18, ""40"": 3.8897283257255225e-19, ""41"": 2.6217564994540667e-20, ""42"": 1.4626195030525662e-21, ""43"": 1.06774035681287e-22, ""44"": 2.5107713540499913e-24, ""45"": 6.793765208823676e-26, ""46"": 1.5889070291568907e-27, ""47"": 4.733e-321, ""48"": 1.2e-322}",10.2756,10.2756,10,10,0.0,1.0,0.9997,0.9987,0.9963,0.9902,0.9742,0.9375,0.8676,0.756,0.6091,0.45,0.3051,0.1898,0.1071,0.054,0.0243,0.01,0.004,0.0015,0.0005,24dddfd7#phase10c,"stat_grid:component_convolution_mean_coherent_v1+components[reb:pmf_sim_v1+role_aware_pmf_cal_v1:starter+monotone_pit_cdf_v1,ast:pmf_sim_v1+role_aware_pmf_cal_v1:starter+monotone_pit_cdf_v1]+prior_combo[joint_sampler_v1+joint_combo_pmf_v1+role_aware_pmf_cal_v1:starter+monotone_pit_cdf_v1]+stat_grid_final_component_convolution_mean_coherent_v1",phase8_role_aware_pmf_cal_v1+monotone_inactive_global_v1,starter,high,31.2984,34.5886,13.206,34.5886,39.7322,10.3214,0.05,0.9424,0.6605,starter,True,current_market_line,True,hardrockbet_fl,hardrockbet_fl,player_ra_over_under,11.5,11.5,0.3051,-130.0,100.0,0.5306,0.4694,0.6949,228.0,-228.0,-0.2255,-0.2255,0.2255,2026-05-22T11:35:20.420208Z,full,provisional,"injury_very_stale,lineup_unconfirmed,role_bucket_missing",unknown,projected,missing,ok,finals_present,current_phase8,ok,0.0,projected,projected,bdl_lineup_freshness_manifest,2026-05-22T11:35:21Z,bdl_injuries_only,2026-05-22T11:35:42Z
near_tip,2026-05-22T11:36:28Z,2026-05-21,21713897,17896076,Evan Mobley,CLE,NYK,False,ra,"{""0"": 3.467074329502399e-05, ""1"": 0.0002787472488805707, ""2"": 0.0009920933967117926, ""3"": 0.002422796780128326, ""4"": 0.006100178932203167, ""5"": 0.015943656831615426, ""6"": 0.03672364657046922, ""7"": 0.06991928203442738, ""8"": 0.11153516956303981, ""9"": 0.14698943719730329, ""10"": 0.15908727386624277, ""11"": 0.14486837798280752, ""12"": 0.11532917307595349, ""13"": 0.08271314414726687, ""14"": 0.05303342611765286, ""15"": 0.029686022940708427, ""16"": 0.014294225842061683, ""17"": 0.006094776711251133, ""18"": 0.0025020362093479244, ""19"": 0.0009835932419265101, ""20"": 0.0003408364715363534, ""21"": 9.54310979691604e-05, ""22"": 2.3296820312940668e-05, ""23"": 6.153573190741358e-06, ""24"": 1.7854623011138396e-06, ""25"": 5.475104356313263e-07, ""26"": 1.6339385209962985e-07, ""27"": 4.291557918007787e-08, ""28"": 1.0369074299705045e-08, ""29"": 2.3800853086634736e-09, ""30"": 4.6561768043835314e-10, ""31"": 8.502029151244542e-11, ""32"": 1.7787289030284397e-11, ""33"": 3.3411798913625106e-12, ""34"": 5.087205521332407e-13, ""35"": 8.345231044424604e-14, ""36"": 1.0545436049344865e-14, ""37"": 7.239695273899788e-16, ""38"": 5.2873750401348824e-17, ""39"": 5.372946564099747e-18, ""40"": 3.8897283257255225e-19, ""41"": 2.6217564994540667e-20, ""42"": 1.4626195030525662e-21, ""43"": 1.06774035681287e-22, ""44"": 2.5107713540499913e-24, ""45"": 6.793765208823676e-26, ""46"": 1.5889070291568907e-27, ""47"": 4.733e-321, ""48"": 1.2e-322}",10.2756,10.2756,10,10,0.0,1.0,0.9997,0.9987,0.9963,0.9902,0.9742,0.9375,0.8676,0.756,0.6091,0.45,0.3051,0.1898,0.1071,0.054,0.0243,0.01,0.004,0.0015,0.0005,24dddfd7#phase10c,"stat_grid:component_convolution_mean_coherent_v1+components[reb:pmf_sim_v1+role_aware_pmf_cal_v1:starter+monotone_pit_cdf_v1,ast:pmf_sim_v1+role_aware_pmf_cal_v1:starter+monotone_pit_cdf_v1]+prior_combo[joint_sampler_v1+joint_combo_pmf_v1+role_aware_pmf_cal_v1:starter+monotone_pit_cdf_v1]+stat_grid_final_component_convolution_mean_coherent_v1",phase8_role_aware_pmf_cal_v1+monotone_inactive_global_v1,starter,high,31.2984,34.5886,13.206,34.5886,39.7322,10.3214,0.05,0.9424,0.6605,starter,True,current_market_line,True,hardrockbet,hardrockbet,player_ra_over_under,11.5,11.5,0.3051,-130.0,100.0,0.5306,0.4694,0.6949,228.0,-228.0,-0.2255,-0.2255,0.2255,2026-05-22T11:35:20.420208Z,full,provisional,"injury_very_stale,lineup_unconfirmed,role_bucket_missing",unknown,projected,missing,ok,finals_present,current_phase8,ok,0.0,projected,projected,bdl_lineup_freshness_manifest,2026-05-22T11:35:21Z,bdl_injuries_only,2026-05-22T11:35:42Z
near_tip,2026-05-22T11:36:28Z,2026-05-21,21713897,17896076,Evan Mobley,CLE,NYK,False,pra,"{""0"": 7.716457784657686e-08, ""1"": 6.618748786060624e-07, ""2"": 2.6702563197775103e-06, ""3"": 7.83241624524469e-06, ""4"": 2.2271625487541784e-05, ""5"": 6.151421131480973e-05, ""6"": 0.00015477220776773914, ""7"": 0.0003480226376358448, ""8"": 0.0007103754175957479, ""9"": 0.001330286418742655, ""10"": 0.0023313588171576557, ""11"": 0.0038904328152597405, ""12"": 0.0062027210341643905, ""13"": 0.009410976581510456, ""14"": 0.013545658416245523, ""15"": 0.018519017575226716, ""16"": 0.024156763672550315, ""17"": 0.030245548425379905, ""18"": 0.03654134013656641, ""19"": 0.04270714885751024, ""20"": 0.048387707843185614, ""21"": 0.05341812159749102, ""22"": 0.05786239058448188, ""23"": 0.06174276405450412, ""24"": 0.06461119568960738, ""25"": 0.06572988957006308, ""26"": 0.06470739528577202, ""27"": 0.06168813066936683, ""28"": 0.057027875114900206, ""29"": 0.0510321763823434, ""30"": 0.044135625220514355, ""31"": 0.03699279609826446, ""32"": 0.030228040786327966, ""33"": 0.02422592749566186, ""34"": 0.01918553632583749, ""35"": 0.015198972411396377, ""36"": 0.012166714761357925, ""37"": 0.009826124587536077, ""38"": 0.007923113376535111, ""39"": 0.006291831745102877, ""40"": 0.0048572721675282605, ""41"": 0.0036099620404560994, ""42"": 0.002575101554237323, ""43"": 0.001774788640715868, ""44"": 0.001202744173967476, ""45"": 0.000826745124213042, ""46"": 0.0005958438369141619, ""47"": 0.00045947417673308755, ""48"": 0.0003763923610454941, ""49"": 0.00031561895415689904, ""50"": 0.000258318160436184, ""51"": 0.00019905053537378907, ""52"": 0.00014251772090964878, ""53"": 9.463123472068968e-05, ""54"": 5.781187844508436e-05, ""55"": 3.205862630281204e-05, ""56"": 1.5963232661696617e-05, ""57"": 7.20004874664076e-06, ""58"": 3.0244635277739966e-06, ""59"": 1.1920471335144283e-06, ""60"": 4.335842785276584e-07, ""61"": 1.4061473681098446e-07, ""62"": 4.069542450606056e-08, ""63"": 1.0890531702739492e-08, ""64"": 2.893123854522604e-09, ""65"": 8.243707947583148e-10, ""66"": 2.4227585022022664e-10, ""67"": 6.896671965861755e-11, ""68"": 1.843665145228668e-11, ""69"": 4.51518141760468e-12, ""70"": 1.0124375545011367e-12, ""71"": 2.1216333211141713e-13, ""72"": 4.140322327258634e-14, ""73"": 7.801234261697022e-15, ""74"": 1.4865235692389704e-15, ""75"": 2.591225665951803e-16, ""76"": 3.8665710250041645e-17, ""77"": 5.4864394429984844e-18, ""78"": 6.114871660497594e-19, ""79"": 4.320377492840483e-20, ""80"": 7.585619362753973e-10, ""81"": 6.0987170376506605e-09, ""82"": 2.1706032707999784e-08, ""83"": 5.300842272371193e-08, ""84"": 1.3346594571228544e-07, ""85"": 3.4883160982544477e-07, ""86"": 8.034774510722765e-07, ""87"": 1.52976547146602e-06, ""88"": 2.4402803674047117e-06, ""89"": 3.2159850495023613e-06, ""90"": 3.4806738774921376e-06, ""91"": 3.1695783494496816e-06, ""92"": 2.5232894516487167e-06, ""93"": 1.8096826550732875e-06, ""94"": 1.160319467645317e-06, ""95"": 6.495011327130519e-07, ""96"": 3.1274367382314245e-07, ""97"": 1.3334775040419317e-07, ""98"": 5.4742103895368285e-08, ""99"": 2.152005763911621e-08, ""100"": 7.45716847200882e-09, ""101"": 2.0879390395546447e-09, ""102"": 5.097116313656768e-10, ""103"": 1.3463415984019995e-10, ""104"": 3.9064167985926124e-11, ""105"": 1.197899256579489e-11, ""106"": 3.574897595040593e-12, ""107"": 9.3895087746072e-13, ""108"": 2.268651990297055e-13, ""109"": 5.2073937523330947e-14, ""110"": 1.0187259218250718e-14, ""111"": 1.860160781766525e-15, ""112"": 3.8916847824777895e-16, ""113"": 7.310174651459173e-17, ""114"": 1.1130307872660557e-17, ""115"": 1.825854890340712e-18, ""116"": 2.307238215332016e-19, ""117"": 1.5839744819597003e-20, ""118"": 1.156825919223106e-21, ""119"": 1.1755481313072806e-22, ""120"": 8.51034494769032e-24, ""121"": 5.736146669071414e-25, ""122"": 3.200068348185991e-26, ""123"": 2.3361114170750138e-27, ""124"": 5.493322031368193e-29, ""125"": 1.4864093473654774e-30, ""126"": 3.476373097448341e-32}",25.0361,25.0361,25,25,0.0,1.0,1.0,1.0,1.0,1.0,0.9999,0.9998,0.9994,0.9987,0.9974,0.995,0.9911,0.9849,0.9755,0.962,0.9435,0.9193,0.8891,0.8525,0.8098,24dddfd7#phase10c,"stat_grid:component_convolution_mean_coherent_v1+components[pts:pmf_sim_v1+role_aware_pmf_cal_v1:starter+monotone_pit_cdf_v1,reb:pmf_sim_v1+role_aware_pmf_cal_v1:starter+monotone_pit_cdf_v1,ast:pmf_sim_v1+role_aware_pmf_cal_v1:starter+monotone_pit_cdf_v1]+prior_combo[joint_sampler_v1+joint_combo_pmf_v1+role_aware_pmf_cal_v1:starter+monotone_pit_cdf_v1]+stat_grid_final_component_convolution_mean_coherent_v1",phase8_role_aware_pmf_cal_v1+monotone_inactive_global_v1,starter,high,31.2984,34.5886,13.206,34.5886,39.7322,10.3214,0.05,0.9424,0.6605,starter,True,current_market_line,True,betonlineag,betonlineag,player_pra_over_under,28.5,28.5,0.2746,-102.0,-127.0,0.4744,0.5256,0.7254,264.0,-264.0,-0.1998,-0.1998,0.1998,2026-05-22T11:35:20.420208Z,full,provisional,"injury_very_stale,lineup_unconfirmed,role_bucket_missing",unknown,projected,missing,ok,finals_present,current_phase8,ok,0.0,projected,projected,bdl_lineup_freshness_manifest,2026-05-22T11:35:21Z,bdl_injuries_only,2026-05-22T11:35:42Z
near_tip,2026-05-22T11:36:28Z,2026-05-21,21713897,17896076,Evan Mobley,CLE,NYK,False,pra,"{""0"": 7.716457784657686e-08, ""1"": 6.618748786060624e-07, ""2"": 2.6702563197775103e-06, ""3"": 7.83241624524469e-06, ""4"": 2.2271625487541784e-05, ""5"": 6.151421131480973e-05, ""6"": 0.00015477220776773914, ""7"": 0.0003480226376358448, ""8"": 0.0007103754175957479, ""9"": 0.001330286418742655, ""10"": 0.0023313588171576557, ""11"": 0.0038904328152597405, ""12"": 0.0062027210341643905, ""13"": 0.009410976581510456, ""14"": 0.013545658416245523, ""15"": 0.018519017575226716, ""16"": 0.024156763672550315, ""17"": 0.030245548425379905, ""18"": 0.03654134013656641, ""19"": 0.04270714885751024, ""20"": 0.048387707843185614, ""21"": 0.05341812159749102, ""22"": 0.05786239058448188, ""23"": 0.06174276405450412, ""24"": 0.06461119568960738, ""25"": 0.06572988957006308, ""26"": 0.06470739528577202, ""27"": 0.06168813066936683, ""28"": 0.057027875114900206, ""29"": 0.0510321763823434, ""30"": 0.044135625220514355, ""31"": 0.03699279609826446, ""32"": 0.030228040786327966, ""33"": 0.02422592749566186, ""34"": 0.01918553632583749, ""35"": 0.015198972411396377, ""36"": 0.012166714761357925, ""37"": 0.009826124587536077, ""38"": 0.007923113376535111, ""39"": 0.006291831745102877, ""40"": 0.0048572721675282605, ""41"": 0.0036099620404560994, ""42"": 0.002575101554237323, ""43"": 0.001774788640715868, ""44"": 0.001202744173967476, ""45"": 0.000826745124213042, ""46"": 0.0005958438369141619, ""47"": 0.00045947417673308755, ""48"": 0.0003763923610454941, ""49"": 0.00031561895415689904, ""50"": 0.000258318160436184, ""51"": 0.00019905053537378907, ""52"": 0.00014251772090964878, ""53"": 9.463123472068968e-05, ""54"": 5.781187844508436e-05, ""55"": 3.205862630281204e-05, ""56"": 1.5963232661696617e-05, ""57"": 7.20004874664076e-06, ""58"": 3.0244635277739966e-06, ""59"": 1.1920471335144283e-06, ""60"": 4.335842785276584e-07, ""61"": 1.4061473681098446e-07, ""62"": 4.069542450606056e-08, ""63"": 1.0890531702739492e-08, ""64"": 2.893123854522604e-09, ""65"": 8.243707947583148e-10, ""66"": 2.4227585022022664e-10, ""67"": 6.896671965861755e-11, ""68"": 1.843665145228668e-11, ""69"": 4.51518141760468e-12, ""70"": 1.0124375545011367e-12, ""71"": 2.1216333211141713e-13, ""72"": 4.140322327258634e-14, ""73"": 7.801234261697022e-15, ""74"": 1.4865235692389704e-15, ""75"": 2.591225665951803e-16, ""76"": 3.8665710250041645e-17, ""77"": 5.4864394429984844e-18, ""78"": 6.114871660497594e-19, ""79"": 4.320377492840483e-20, ""80"": 7.585619362753973e-10, ""81"": 6.0987170376506605e-09, ""82"": 2.1706032707999784e-08, ""83"": 5.300842272371193e-08, ""84"": 1.3346594571228544e-07, ""85"": 3.4883160982544477e-07, ""86"": 8.034774510722765e-07, ""87"": 1.52976547146602e-06, ""88"": 2.4402803674047117e-06, ""89"": 3.2159850495023613e-06, ""90"": 3.4806738774921376e-06, ""91"": 3.1695783494496816e-06, ""92"": 2.5232894516487167e-06, ""93"": 1.8096826550732875e-06, ""94"": 1.160319467645317e-06, ""95"": 6.495011327130519e-07, ""96"": 3.1274367382314245e-07, ""97"": 1.3334775040419317e-07, ""98"": 5.4742103895368285e-08, ""99"": 2.152005763911621e-08, ""100"": 7.45716847200882e-09, ""101"": 2.0879390395546447e-09, ""102"": 5.097116313656768e-10, ""103"": 1.3463415984019995e-10, ""104"": 3.9064167985926124e-11, ""105"": 1.197899256579489e-11, ""106"": 3.574897595040593e-12, ""107"": 9.3895087746072e-13, ""108"": 2.268651990297055e-13, ""109"": 5.2073937523330947e-14, ""110"": 1.0187259218250718e-14, ""111"": 1.860160781766525e-15, ""112"": 3.8916847824777895e-16, ""113"": 7.310174651459173e-17, ""114"": 1.1130307872660557e-17, ""115"": 1.825854890340712e-18, ""116"": 2.307238215332016e-19, ""117"": 1.5839744819597003e-20, ""118"": 1.156825919223106e-21, ""119"": 1.1755481313072806e-22, ""120"": 8.51034494769032e-24, ""121"": 5.736146669071414e-25, ""122"": 3.200068348185991e-26, ""123"": 2.3361114170750138e-27, ""124"": 5.493322031368193e-29, ""125"": 1.4864093473654774e-30, ""126"": 3.476373097448341e-32}",25.0361,25.0361,25,25,0.0,1.0,1.0,1.0,1.0,1.0,0.9999,0.9998,0.9994,0.9987,0.9974,0.995,0.9911,0.9849,0.9755,0.962,0.9435,0.9193,0.8891,0.8525,0.8098,24dddfd7#phase10c,"stat_grid:component_convolution_mean_coherent_v1+components[pts:pmf_sim_v1+role_aware_pmf_cal_v1:starter+monotone_pit_cdf_v1,reb:pmf_sim_v1+role_aware_pmf_cal_v1:starter+monotone_pit_cdf_v1,ast:pmf_sim_v1+role_aware_pmf_cal_v1:starter+monotone_pit_cdf_v1]+prior_combo[joint_sampler_v1+joint_combo_pmf_v1+role_aware_pmf_cal_v1:starter+monotone_pit_cdf_v1]+stat_grid_final_component_convolution_mean_coherent_v1",phase8_role_aware_pmf_cal_v1+monotone_inactive_global_v1,starter,high,31.2984,34.5886,13.206,34.5886,39.7322,10.3214,0.05,0.9424,0.6605,starter,True,current_market_line,True,draftkings,draftkings,player_pra_over_under,27.5,27.5,0.3317,-126.0,-104.0,0.5224,0.4776,0.6683,202.0,-202.0,-0.1907,-0.1907,0.1907,2026-05-22T11:35:20.420208Z,full,provisional,"injury_very_stale,lineup_unconfirmed,role_bucket_missing",unknown,projected,missing,ok,finals_present,current_phase8,ok,0.0,projected,projected,bdl_lineup_freshness_manifest,2026-05-22T11:35:21Z,bdl_injuries_only,2026-05-22T11:35:42Z
near_tip,2026-05-22T11:36:28Z,2026-05-21,21713897,17896076,Evan Mobley,CLE,NYK,False,pra,"{""0"": 7.716457784657686e-08, ""1"": 6.618748786060624e-07, ""2"": 2.6702563197775103e-06, ""3"": 7.83241624524469e-06, ""4"": 2.2271625487541784e-05, ""5"": 6.151421131480973e-05, ""6"": 0.00015477220776773914, ""7"": 0.0003480226376358448, ""8"": 0.0007103754175957479, ""9"": 0.001330286418742655, ""10"": 0.0023313588171576557, ""11"": 0.0038904328152597405, ""12"": 0.0062027210341643905, ""13"": 0.009410976581510456, ""14"": 0.013545658416245523, ""15"": 0.018519017575226716, ""16"": 0.024156763672550315, ""17"": 0.030245548425379905, ""18"": 0.03654134013656641, ""19"": 0.04270714885751024, ""20"": 0.048387707843185614, ""21"": 0.05341812159749102, ""22"": 0.05786239058448188, ""23"": 0.06174276405450412, ""24"": 0.06461119568960738, ""25"": 0.06572988957006308, ""26"": 0.06470739528577202, ""27"": 0.06168813066936683, ""28"": 0.057027875114900206, ""29"": 0.0510321763823434, ""30"": 0.044135625220514355, ""31"": 0.03699279609826446, ""32"": 0.030228040786327966, ""33"": 0.02422592749566186, ""34"": 0.01918553632583749, ""35"": 0.015198972411396377, ""36"": 0.012166714761357925, ""37"": 0.009826124587536077, ""38"": 0.007923113376535111, ""39"": 0.006291831745102877, ""40"": 0.0048572721675282605, ""41"": 0.0036099620404560994, ""42"": 0.002575101554237323, ""43"": 0.001774788640715868, ""44"": 0.001202744173967476, ""45"": 0.000826745124213042, ""46"": 0.0005958438369141619, ""47"": 0.00045947417673308755, ""48"": 0.0003763923610454941, ""49"": 0.00031561895415689904, ""50"": 0.000258318160436184, ""51"": 0.00019905053537378907, ""52"": 0.00014251772090964878, ""53"": 9.463123472068968e-05, ""54"": 5.781187844508436e-05, ""55"": 3.205862630281204e-05, ""56"": 1.5963232661696617e-05, ""57"": 7.20004874664076e-06, ""58"": 3.0244635277739966e-06, ""59"": 1.1920471335144283e-06, ""60"": 4.335842785276584e-07, ""61"": 1.4061473681098446e-07, ""62"": 4.069542450606056e-08, ""63"": 1.0890531702739492e-08, ""64"": 2.893123854522604e-09, ""65"": 8.243707947583148e-10, ""66"": 2.4227585022022664e-10, ""67"": 6.896671965861755e-11, ""68"": 1.843665145228668e-11, ""69"": 4.51518141760468e-12, ""70"": 1.0124375545011367e-12, ""71"": 2.1216333211141713e-13, ""72"": 4.140322327258634e-14, ""73"": 7.801234261697022e-15, ""74"": 1.4865235692389704e-15, ""75"": 2.591225665951803e-16, ""76"": 3.8665710250041645e-17, ""77"": 5.4864394429984844e-18, ""78"": 6.114871660497594e-19, ""79"": 4.320377492840483e-20, ""80"": 7.585619362753973e-10, ""81"": 6.0987170376506605e-09, ""82"": 2.1706032707999784e-08, ""83"": 5.300842272371193e-08, ""84"": 1.3346594571228544e-07, ""85"": 3.4883160982544477e-07, ""86"": 8.034774510722765e-07, ""87"": 1.52976547146602e-06, ""88"": 2.4402803674047117e-06, ""89"": 3.2159850495023613e-06, ""90"": 3.4806738774921376e-06, ""91"": 3.1695783494496816e-06, ""92"": 2.5232894516487167e-06, ""93"": 1.8096826550732875e-06, ""94"": 1.160319467645317e-06, ""95"": 6.495011327130519e-07, ""96"": 3.1274367382314245e-07, ""97"": 1.3334775040419317e-07, ""98"": 5.4742103895368285e-08, ""99"": 2.152005763911621e-08, ""100"": 7.45716847200882e-09, ""101"": 2.0879390395546447e-09, ""102"": 5.097116313656768e-10, ""103"": 1.3463415984019995e-10, ""104"": 3.9064167985926124e-11, ""105"": 1.197899256579489e-11, ""106"": 3.574897595040593e-12, ""107"": 9.3895087746072e-13, ""108"": 2.268651990297055e-13, ""109"": 5.2073937523330947e-14, ""110"": 1.0187259218250718e-14, ""111"": 1.860160781766525e-15, ""112"": 3.8916847824777895e-16, ""113"": 7.310174651459173e-17, ""114"": 1.1130307872660557e-17, ""115"": 1.825854890340712e-18, ""116"": 2.307238215332016e-19, ""117"": 1.5839744819597003e-20, ""118"": 1.156825919223106e-21, ""119"": 1.1755481313072806e-22, ""120"": 8.51034494769032e-24, ""121"": 5.736146669071414e-25, ""122"": 3.200068348185991e-26, ""123"": 2.3361114170750138e-27, ""124"": 5.493322031368193e-29, ""125"": 1.4864093473654774e-30, ""126"": 3.476373097448341e-32}",25.0361,25.0361,25,25,0.0,1.0,1.0,1.0,1.0,1.0,0.9999,0.9998,0.9994,0.9987,0.9974,0.995,0.9911,0.9849,0.9755,0.962,0.9435,0.9193,0.8891,0.8525,0.8098,24dddfd7#phase10c,"stat_grid:component_convolution_mean_coherent_v1+components[pts:pmf_sim_v1+role_aware_pmf_cal_v1:starter+monotone_pit_cdf_v1,reb:pmf_sim_v1+role_aware_pmf_cal_v1:starter+monotone_pit_cdf_v1,ast:pmf_sim_v1+role_aware_pmf_cal_v1:starter+monotone_pit_cdf_v1]+prior_combo[joint_sampler_v1+joint_combo_pmf_v1+role_aware_pmf_cal_v1:starter+monotone_pit_cdf_v1]+stat_grid_final_component_convolution_mean_coherent_v1",phase8_role_aware_pmf_cal_v1+monotone_inactive_global_v1,starter,high,31.2984,34.5886,13.206,34.5886,39.7322,10.3214,0.05,0.9424,0.6605,starter,True,current_market_line,True,fanduel,fanduel,player_pra_over_under,28.5,28.5,0.2746,-102.0,-130.0,0.4718,0.5282,0.7254,264.0,-264.0,-0.1972,-0.1972,0.1972,2026-05-22T11:35:20.420208Z,full,provisional,"injury_very_stale,lineup_unconfirmed,role_bucket_missing",unknown,projected,missing,ok,finals_present,current_phase8,ok,0.0,projected,projected,bdl_lineup_freshness_manifest,2026-05-22T11:35:21Z,bdl_injuries_only,2026-05-22T11:35:42Z
near_tip,2026-05-22T11:36:28Z,2026-05-21,21713897,17896076,Evan Mobley,CLE,NYK,False,pra,"{""0"": 7.716457784657686e-08, ""1"": 6.618748786060624e-07, ""2"": 2.6702563197775103e-06, ""3"": 7.83241624524469e-06, ""4"": 2.2271625487541784e-05, ""5"": 6.151421131480973e-05, ""6"": 0.00015477220776773914, ""7"": 0.0003480226376358448, ""8"": 0.0007103754175957479, ""9"": 0.001330286418742655, ""10"": 0.0023313588171576557, ""11"": 0.0038904328152597405, ""12"": 0.0062027210341643905, ""13"": 0.009410976581510456, ""14"": 0.013545658416245523, ""15"": 0.018519017575226716, ""16"": 0.024156763672550315, ""17"": 0.030245548425379905, ""18"": 0.03654134013656641, ""19"": 0.04270714885751024, ""20"": 0.048387707843185614, ""21"": 0.05341812159749102, ""22"": 0.05786239058448188, ""23"": 0.06174276405450412, ""24"": 0.06461119568960738, ""25"": 0.06572988957006308, ""26"": 0.06470739528577202, ""27"": 0.06168813066936683, ""28"": 0.057027875114900206, ""29"": 0.0510321763823434, ""30"": 0.044135625220514355, ""31"": 0.03699279609826446, ""32"": 0.030228040786327966, ""33"": 0.02422592749566186, ""34"": 0.01918553632583749, ""35"": 0.015198972411396377, ""36"": 0.012166714761357925, ""37"": 0.009826124587536077, ""38"": 0.007923113376535111, ""39"": 0.006291831745102877, ""40"": 0.0048572721675282605, ""41"": 0.0036099620404560994, ""42"": 0.002575101554237323, ""43"": 0.001774788640715868, ""44"": 0.001202744173967476, ""45"": 0.000826745124213042, ""46"": 0.0005958438369141619, ""47"": 0.00045947417673308755, ""48"": 0.0003763923610454941, ""49"": 0.00031561895415689904, ""50"": 0.000258318160436184, ""51"": 0.00019905053537378907, ""52"": 0.00014251772090964878, ""53"": 9.463123472068968e-05, ""54"": 5.781187844508436e-05, ""55"": 3.205862630281204e-05, ""56"": 1.5963232661696617e-05, ""57"": 7.20004874664076e-06, ""58"": 3.0244635277739966e-06, ""59"": 1.1920471335144283e-06, ""60"": 4.335842785276584e-07, ""61"": 1.4061473681098446e-07, ""62"": 4.069542450606056e-08, ""63"": 1.0890531702739492e-08, ""64"": 2.893123854522604e-09, ""65"": 8.243707947583148e-10, ""66"": 2.4227585022022664e-10, ""67"": 6.896671965861755e-11, ""68"": 1.843665145228668e-11, ""69"": 4.51518141760468e-12, ""70"": 1.0124375545011367e-12, ""71"": 2.1216333211141713e-13, ""72"": 4.140322327258634e-14, ""73"": 7.801234261697022e-15, ""74"": 1.4865235692389704e-15, ""75"": 2.591225665951803e-16, ""76"": 3.8665710250041645e-17, ""77"": 5.4864394429984844e-18, ""78"": 6.114871660497594e-19, ""79"": 4.320377492840483e-20, ""80"": 7.585619362753973e-10, ""81"": 6.0987170376506605e-09, ""82"": 2.1706032707999784e-08, ""83"": 5.300842272371193e-08, ""84"": 1.3346594571228544e-07, ""85"": 3.4883160982544477e-07, ""86"": 8.034774510722765e-07, ""87"": 1.52976547146602e-06, ""88"": 2.4402803674047117e-06, ""89"": 3.2159850495023613e-06, ""90"": 3.4806738774921376e-06, ""91"": 3.1695783494496816e-06, ""92"": 2.5232894516487167e-06, ""93"": 1.8096826550732875e-06, ""94"": 1.160319467645317e-06, ""95"": 6.495011327130519e-07, ""96"": 3.1274367382314245e-07, ""97"": 1.3334775040419317e-07, ""98"": 5.4742103895368285e-08, ""99"": 2.152005763911621e-08, ""100"": 7.45716847200882e-09, ""101"": 2.0879390395546447e-09, ""102"": 5.097116313656768e-10, ""103"": 1.3463415984019995e-10, ""104"": 3.9064167985926124e-11, ""105"": 1.197899256579489e-11, ""106"": 3.574897595040593e-12, ""107"": 9.3895087746072e-13, ""108"": 2.268651990297055e-13, ""109"": 5.2073937523330947e-14, ""110"": 1.0187259218250718e-14, ""111"": 1.860160781766525e-15, ""112"": 3.8916847824777895e-16, ""113"": 7.310174651459173e-17, ""114"": 1.1130307872660557e-17, ""115"": 1.825854890340712e-18, ""116"": 2.307238215332016e-19, ""117"": 1.5839744819597003e-20, ""118"": 1.156825919223106e-21, ""119"": 1.1755481313072806e-22, ""120"": 8.51034494769032e-24, ""121"": 5.736146669071414e-25, ""122"": 3.200068348185991e-26, ""123"": 2.3361114170750138e-27, ""124"": 5.493322031368193e-29, ""125"": 1.4864093473654774e-30, ""126"": 3.476373097448341e-32}",25.0361,25.0361,25,25,0.0,1.0,1.0,1.0,1.0,1.0,0.9999,0.9998,0.9994,0.9987,0.9974,0.995,0.9911,0.9849,0.9755,0.962,0.9435,0.9193,0.8891,0.8525,0.8098,24dddfd7#phase10c,"stat_grid:component_convolution_mean_coherent_v1+components[pts:pmf_sim_v1+role_aware_pmf_cal_v1:starter+monotone_pit_cdf_v1,reb:pmf_sim_v1+role_aware_pmf_cal_v1:starter+monotone_pit_cdf_v1,ast:pmf_sim_v1+role_aware_pmf_cal_v1:starter+monotone_pit_cdf_v1]+prior_combo[joint_sampler_v1+joint_combo_pmf_v1+role_aware_pmf_cal_v1:starter+monotone_pit_cdf_v1]+stat_grid_final_component_convolution_mean_coherent_v1",phase8_role_aware_pmf_cal_v1+monotone_inactive_global_v1,starter,high,31.2984,34.5886,13.206,34.5886,39.7322,10.3214,0.05,0.9424,0.6605,starter,True,current_market_line,True,bovada,bovada,player_pra_over_under,29.5,29.5,0.2236,115.0,-150.0,0.4367,0.5633,0.7764,347.0,-347.0,-0.2131,-0.2131,0.2131,2026-05-22T11:35:20.420208Z,full,provisional,"injury_very_stale,lineup_unconfirmed,role_bucket_missing",unknown,projected,missing,ok,finals_present,current_phase8,ok,0.0,projected,projected,bdl_lineup_freshness_manifest,2026-05-22T11:35:21Z,bdl_injuries_only,2026-05-22T11:35:42Z
near_tip,2026-05-22T11:36:28Z,2026-05-21,21713897,17896076,Evan Mobley,CLE,NYK,False,pra,"{""0"": 7.716457784657686e-08, ""1"": 6.618748786060624e-07, ""2"": 2.6702563197775103e-06, ""3"": 7.83241624524469e-06, ""4"": 2.2271625487541784e-05, ""5"": 6.151421131480973e-05, ""6"": 0.00015477220776773914, ""7"": 0.0003480226376358448, ""8"": 0.0007103754175957479, ""9"": 0.001330286418742655, ""10"": 0.0023313588171576557, ""11"": 0.0038904328152597405, ""12"": 0.0062027210341643905, ""13"": 0.009410976581510456, ""14"": 0.013545658416245523, ""15"": 0.018519017575226716, ""16"": 0.024156763672550315, ""17"": 0.030245548425379905, ""18"": 0.03654134013656641, ""19"": 0.04270714885751024, ""20"": 0.048387707843185614, ""21"": 0.05341812159749102, ""22"": 0.05786239058448188, ""23"": 0.06174276405450412, ""24"": 0.06461119568960738, ""25"": 0.06572988957006308, ""26"": 0.06470739528577202, ""27"": 0.06168813066936683, ""28"": 0.057027875114900206, ""29"": 0.0510321763823434, ""30"": 0.044135625220514355, ""31"": 0.03699279609826446, ""32"": 0.030228040786327966, ""33"": 0.02422592749566186, ""34"": 0.01918553632583749, ""35"": 0.015198972411396377, ""36"": 0.012166714761357925, ""37"": 0.009826124587536077, ""38"": 0.007923113376535111, ""39"": 0.006291831745102877, ""40"": 0.0048572721675282605, ""41"": 0.0036099620404560994, ""42"": 0.002575101554237323, ""43"": 0.001774788640715868, ""44"": 0.001202744173967476, ""45"": 0.000826745124213042, ""46"": 0.0005958438369141619, ""47"": 0.00045947417673308755, ""48"": 0.0003763923610454941, ""49"": 0.00031561895415689904, ""50"": 0.000258318160436184, ""51"": 0.00019905053537378907, ""52"": 0.00014251772090964878, ""53"": 9.463123472068968e-05, ""54"": 5.781187844508436e-05, ""55"": 3.205862630281204e-05, ""56"": 1.5963232661696617e-05, ""57"": 7.20004874664076e-06, ""58"": 3.0244635277739966e-06, ""59"": 1.1920471335144283e-06, ""60"": 4.335842785276584e-07, ""61"": 1.4061473681098446e-07, ""62"": 4.069542450606056e-08, ""63"": 1.0890531702739492e-08, ""64"": 2.893123854522604e-09, ""65"": 8.243707947583148e-10, ""66"": 2.4227585022022664e-10, ""67"": 6.896671965861755e-11, ""68"": 1.843665145228668e-11, ""69"": 4.51518141760468e-12, ""70"": 1.0124375545011367e-12, ""71"": 2.1216333211141713e-13, ""72"": 4.140322327258634e-14, ""73"": 7.801234261697022e-15, ""74"": 1.4865235692389704e-15, ""75"": 2.591225665951803e-16, ""76"": 3.8665710250041645e-17, ""77"": 5.4864394429984844e-18, ""78"": 6.114871660497594e-19, ""79"": 4.320377492840483e-20, ""80"": 7.585619362753973e-10, ""81"": 6.0987170376506605e-09, ""82"": 2.1706032707999784e-08, ""83"": 5.300842272371193e-08, ""84"": 1.3346594571228544e-07, ""85"": 3.4883160982544477e-07, ""86"": 8.034774510722765e-07, ""87"": 1.52976547146602e-06, ""88"": 2.4402803674047117e-06, ""89"": 3.2159850495023613e-06, ""90"": 3.4806738774921376e-06, ""91"": 3.1695783494496816e-06, ""92"": 2.5232894516487167e-06, ""93"": 1.8096826550732875e-06, ""94"": 1.160319467645317e-06, ""95"": 6.495011327130519e-07, ""96"": 3.1274367382314245e-07, ""97"": 1.3334775040419317e-07, ""98"": 5.4742103895368285e-08, ""99"": 2.152005763911621e-08, ""100"": 7.45716847200882e-09, ""101"": 2.0879390395546447e-09, ""102"": 5.097116313656768e-10, ""103"": 1.3463415984019995e-10, ""104"": 3.9064167985926124e-11, ""105"": 1.197899256579489e-11, ""106"": 3.574897595040593e-12, ""107"": 9.3895087746072e-13, ""108"": 2.268651990297055e-13, ""109"": 5.2073937523330947e-14, ""110"": 1.0187259218250718e-14, ""111"": 1.860160781766525e-15, ""112"": 3.8916847824777895e-16, ""113"": 7.310174651459173e-17, ""114"": 1.1130307872660557e-17, ""115"": 1.825854890340712e-18, ""116"": 2.307238215332016e-19, ""117"": 1.5839744819597003e-20, ""118"": 1.156825919223106e-21, ""119"": 1.1755481313072806e-22, ""120"": 8.51034494769032e-24, ""121"": 5.736146669071414e-25, ""122"": 3.200068348185991e-26, ""123"": 2.3361114170750138e-27, ""124"": 5.493322031368193e-29, ""125"": 1.4864093473654774e-30, ""126"": 3.476373097448341e-32}",25.0361,25.0361,25,25,0.0,1.0,1.0,1.0,1.0,1.0,0.9999,0.9998,0.9994,0.9987,0.9974,0.995,0.9911,0.9849,0.9755,0.962,0.9435,0.9193,0.8891,0.8525,0.8098,24dddfd7#phase10c,"stat_grid:component_convolution_mean_coherent_v1+components[pts:pmf_sim_v1+role_aware_pmf_cal_v1:starter+monotone_pit_cdf_v1,reb:pmf_sim_v1+role_aware_pmf_cal_v1:starter+monotone_pit_cdf_v1,ast:pmf_sim_v1+role_aware_pmf_cal_v1:starter+monotone_pit_cdf_v1]+prior_combo[joint_sampler_v1+joint_combo_pmf_v1+role_aware_pmf_cal_v1:starter+monotone_pit_cdf_v1]+stat_grid_final_component_convolution_mean_coherent_v1",phase8_role_aware_pmf_cal_v1+monotone_inactive_global_v1,starter,high,31.2984,34.5886,13.206,34.5886,39.7322,10.3214,0.05,0.9424,0.6605,starter,True,current_market_line,True,bovada,bovada,player_pra_over_under,25.5,25.5,0.4581,-185.0,140.0,0.6091,0.3909,0.5419,118.0,-118.0,-0.151,-0.151,0.151,2026-05-22T11:35:20.420208Z,full,provisional,"injury_very_stale,lineup_unconfirmed,role_bucket_missing",unknown,projected,missing,ok,finals_present,current_phase8,ok,0.0,projected,projected,bdl_lineup_freshness_manifest,2026-05-22T11:35:21Z,bdl_injuries_only,2026-05-22T11:35:42Z
near_tip,2026-05-22T11:36:28Z,2026-05-21,21713897,17896076,Evan Mobley,CLE,NYK,False,pra,"{""0"": 7.716457784657686e-08, ""1"": 6.618748786060624e-07, ""2"": 2.6702563197775103e-06, ""3"": 7.83241624524469e-06, ""4"": 2.2271625487541784e-05, ""5"": 6.151421131480973e-05, ""6"": 0.00015477220776773914, ""7"": 0.0003480226376358448, ""8"": 0.0007103754175957479, ""9"": 0.001330286418742655, ""10"": 0.0023313588171576557, ""11"": 0.0038904328152597405, ""12"": 0.0062027210341643905, ""13"": 0.009410976581510456, ""14"": 0.013545658416245523, ""15"": 0.018519017575226716, ""16"": 0.024156763672550315, ""17"": 0.030245548425379905, ""18"": 0.03654134013656641, ""19"": 0.04270714885751024, ""20"": 0.048387707843185614, ""21"": 0.05341812159749102, ""22"": 0.05786239058448188, ""23"": 0.06174276405450412, ""24"": 0.06461119568960738, ""25"": 0.06572988957006308, ""26"": 0.06470739528577202, ""27"": 0.06168813066936683, ""28"": 0.057027875114900206, ""29"": 0.0510321763823434, ""30"": 0.044135625220514355, ""31"": 0.03699279609826446, ""32"": 0.030228040786327966, ""33"": 0.02422592749566186, ""34"": 0.01918553632583749, ""35"": 0.015198972411396377, ""36"": 0.012166714761357925, ""37"": 0.009826124587536077, ""38"": 0.007923113376535111, ""39"": 0.006291831745102877, ""40"": 0.0048572721675282605, ""41"": 0.0036099620404560994, ""42"": 0.002575101554237323, ""43"": 0.001774788640715868, ""44"": 0.001202744173967476, ""45"": 0.000826745124213042, ""46"": 0.0005958438369141619, ""47"": 0.00045947417673308755, ""48"": 0.0003763923610454941, ""49"": 0.00031561895415689904, ""50"": 0.000258318160436184, ""51"": 0.00019905053537378907, ""52"": 0.00014251772090964878, ""53"": 9.463123472068968e-05, ""54"": 5.781187844508436e-05, ""55"": 3.205862630281204e-05, ""56"": 1.5963232661696617e-05, ""57"": 7.20004874664076e-06, ""58"": 3.0244635277739966e-06, ""59"": 1.1920471335144283e-06, ""60"": 4.335842785276584e-07, ""61"": 1.4061473681098446e-07, ""62"": 4.069542450606056e-08, ""63"": 1.0890531702739492e-08, ""64"": 2.893123854522604e-09, ""65"": 8.243707947583148e-10, ""66"": 2.4227585022022664e-10, ""67"": 6.896671965861755e-11, ""68"": 1.843665145228668e-11, ""69"": 4.51518141760468e-12, ""70"": 1.0124375545011367e-12, ""71"": 2.1216333211141713e-13, ""72"": 4.140322327258634e-14, ""73"": 7.801234261697022e-15, ""74"": 1.4865235692389704e-15, ""75"": 2.591225665951803e-16, ""76"": 3.8665710250041645e-17, ""77"": 5.4864394429984844e-18, ""78"": 6.114871660497594e-19, ""79"": 4.320377492840483e-20, ""80"": 7.585619362753973e-10, ""81"": 6.0987170376506605e-09, ""82"": 2.1706032707999784e-08, ""83"": 5.300842272371193e-08, ""84"": 1.3346594571228544e-07, ""85"": 3.4883160982544477e-07, ""86"": 8.034774510722765e-07, ""87"": 1.52976547146602e-06, ""88"": 2.4402803674047117e-06, ""89"": 3.2159850495023613e-06, ""90"": 3.4806738774921376e-06, ""91"": 3.1695783494496816e-06, ""92"": 2.5232894516487167e-06, ""93"": 1.8096826550732875e-06, ""94"": 1.160319467645317e-06, ""95"": 6.495011327130519e-07, ""96"": 3.1274367382314245e-07, ""97"": 1.3334775040419317e-07, ""98"": 5.4742103895368285e-08, ""99"": 2.152005763911621e-08, ""100"": 7.45716847200882e-09, ""101"": 2.0879390395546447e-09, ""102"": 5.097116313656768e-10, ""103"": 1.3463415984019995e-10, ""104"": 3.9064167985926124e-11, ""105"": 1.197899256579489e-11, ""106"": 3.574897595040593e-12, ""107"": 9.3895087746072e-13, ""108"": 2.268651990297055e-13, ""109"": 5.2073937523330947e-14, ""110"": 1.0187259218250718e-14, ""111"": 1.860160781766525e-15, ""112"": 3.8916847824777895e-16, ""113"": 7.310174651459173e-17, ""114"": 1.1130307872660557e-17, ""115"": 1.825854890340712e-18, ""116"": 2.307238215332016e-19, ""117"": 1.5839744819597003e-20, ""118"": 1.156825919223106e-21, ""119"": 1.1755481313072806e-22, ""120"": 8.51034494769032e-24, ""121"": 5.736146669071414e-25, ""122"": 3.200068348185991e-26, ""123"": 2.3361114170750138e-27, ""124"": 5.493322031368193e-29, ""125"": 1.4864093473654774e-30, ""126"": 3.476373097448341e-32}",25.0361,25.0361,25,25,0.0,1.0,1.0,1.0,1.0,1.0,0.9999,0.9998,0.9994,0.9987,0.9974,0.995,0.9911,0.9849,0.9755,0.962,0.9435,0.9193,0.8891,0.8525,0.8098,24dddfd7#phase10c,"stat_grid:component_convolution_mean_coherent_v1+components[pts:pmf_sim_v1+role_aware_pmf_cal_v1:starter+monotone_pit_cdf_v1,reb:pmf_sim_v1+role_aware_pmf_cal_v1:starter+monotone_pit_cdf_v1,ast:pmf_sim_v1+role_aware_pmf_cal_v1:starter+monotone_pit_cdf_v1]+prior_combo[joint_sampler_v1+joint_combo_pmf_v1+role_aware_pmf_cal_v1:starter+monotone_pit_cdf_v1]+stat_grid_final_component_convolution_mean_coherent_v1",phase8_role_aware_pmf_cal_v1+monotone_inactive_global_v1,starter,high,31.2984,34.5886,13.206,34.5886,39.7322,10.3214,0.05,0.9424,0.6605,starter,True,current_market_line,True,bovada,bovada,player_pra_over_under,26.5,26.5,0.3934,-150.0,115.0,0.5633,0.4367,0.6066,154.0,-154.0,-0.17,-0.17,0.17,2026-05-22T11:35:20.420208Z,full,provisional,"injury_very_stale,lineup_unconfirmed,role_bucket_missing",unknown,projected,missing,ok,finals_present,current_phase8,ok,0.0,projected,projected,bdl_lineup_freshness_manifest,2026-05-22T11:35:21Z,bdl_injuries_only,2026-05-22T11:35:42Z
near_tip,2026-05-22T11:36:28Z,2026-05-21,21713897,17896076,Evan Mobley,CLE,NYK,False,pra,"{""0"": 7.716457784657686e-08, ""1"": 6.618748786060624e-07, ""2"": 2.6702563197775103e-06, ""3"": 7.83241624524469e-06, ""4"": 2.2271625487541784e-05, ""5"": 6.151421131480973e-05, ""6"": 0.00015477220776773914, ""7"": 0.0003480226376358448, ""8"": 0.0007103754175957479, ""9"": 0.001330286418742655, ""10"": 0.0023313588171576557, ""11"": 0.0038904328152597405, ""12"": 0.0062027210341643905, ""13"": 0.009410976581510456, ""14"": 0.013545658416245523, ""15"": 0.018519017575226716, ""16"": 0.024156763672550315, ""17"": 0.030245548425379905, ""18"": 0.03654134013656641, ""19"": 0.04270714885751024, ""20"": 0.048387707843185614, ""21"": 0.05341812159749102, ""22"": 0.05786239058448188, ""23"": 0.06174276405450412, ""24"": 0.06461119568960738, ""25"": 0.06572988957006308, ""26"": 0.06470739528577202, ""27"": 0.06168813066936683, ""28"": 0.057027875114900206, ""29"": 0.0510321763823434, ""30"": 0.044135625220514355, ""31"": 0.03699279609826446, ""32"": 0.030228040786327966, ""33"": 0.02422592749566186, ""34"": 0.01918553632583749, ""35"": 0.015198972411396377, ""36"": 0.012166714761357925, ""37"": 0.009826124587536077, ""38"": 0.007923113376535111, ""39"": 0.006291831745102877, ""40"": 0.0048572721675282605, ""41"": 0.0036099620404560994, ""42"": 0.002575101554237323, ""43"": 0.001774788640715868, ""44"": 0.001202744173967476, ""45"": 0.000826745124213042, ""46"": 0.0005958438369141619, ""47"": 0.00045947417673308755, ""48"": 0.0003763923610454941, ""49"": 0.00031561895415689904, ""50"": 0.000258318160436184, ""51"": 0.00019905053537378907, ""52"": 0.00014251772090964878, ""53"": 9.463123472068968e-05, ""54"": 5.781187844508436e-05, ""55"": 3.205862630281204e-05, ""56"": 1.5963232661696617e-05, ""57"": 7.20004874664076e-06, ""58"": 3.0244635277739966e-06, ""59"": 1.1920471335144283e-06, ""60"": 4.335842785276584e-07, ""61"": 1.4061473681098446e-07, ""62"": 4.069542450606056e-08, ""63"": 1.0890531702739492e-08, ""64"": 2.893123854522604e-09, ""65"": 8.243707947583148e-10, ""66"": 2.4227585022022664e-10, ""67"": 6.896671965861755e-11, ""68"": 1.843665145228668e-11, ""69"": 4.51518141760468e-12, ""70"": 1.0124375545011367e-12, ""71"": 2.1216333211141713e-13, ""72"": 4.140322327258634e-14, ""73"": 7.801234261697022e-15, ""74"": 1.4865235692389704e-15, ""75"": 2.591225665951803e-16, ""76"": 3.8665710250041645e-17, ""77"": 5.4864394429984844e-18, ""78"": 6.114871660497594e-19, ""79"": 4.320377492840483e-20, ""80"": 7.585619362753973e-10, ""81"": 6.0987170376506605e-09, ""82"": 2.1706032707999784e-08, ""83"": 5.300842272371193e-08, ""84"": 1.3346594571228544e-07, ""85"": 3.4883160982544477e-07, ""86"": 8.034774510722765e-07, ""87"": 1.52976547146602e-06, ""88"": 2.4402803674047117e-06, ""89"": 3.2159850495023613e-06, ""90"": 3.4806738774921376e-06, ""91"": 3.1695783494496816e-06, ""92"": 2.5232894516487167e-06, ""93"": 1.8096826550732875e-06, ""94"": 1.160319467645317e-06, ""95"": 6.495011327130519e-07, ""96"": 3.1274367382314245e-07, ""97"": 1.3334775040419317e-07, ""98"": 5.4742103895368285e-08, ""99"": 2.152005763911621e-08, ""100"": 7.45716847200882e-09, ""101"": 2.0879390395546447e-09, ""102"": 5.097116313656768e-10, ""103"": 1.3463415984019995e-10, ""104"": 3.9064167985926124e-11, ""105"": 1.197899256579489e-11, ""106"": 3.574897595040593e-12, ""107"": 9.3895087746072e-13, ""108"": 2.268651990297055e-13, ""109"": 5.2073937523330947e-14, ""110"": 1.0187259218250718e-14, ""111"": 1.860160781766525e-15, ""112"": 3.8916847824777895e-16, ""113"": 7.310174651459173e-17, ""114"": 1.1130307872660557e-17, ""115"": 1.825854890340712e-18, ""116"": 2.307238215332016e-19, ""117"": 1.5839744819597003e-20, ""118"": 1.156825919223106e-21, ""119"": 1.1755481313072806e-22, ""120"": 8.51034494769032e-24, ""121"": 5.736146669071414e-25, ""122"": 3.200068348185991e-26, ""123"": 2.3361114170750138e-27, ""124"": 5.493322031368193e-29, ""125"": 1.4864093473654774e-30, ""126"": 3.476373097448341e-32}",25.0361,25.0361,25,25,0.0,1.0,1.0,1.0,1.0,1.0,0.9999,0.9998,0.9994,0.9987,0.9974,0.995,0.9911,0.9849,0.9755,0.962,0.9435,0.9193,0.8891,0.8525,0.8098,24dddfd7#phase10c,"stat_grid:component_convolution_mean_coherent_v1+components[pts:pmf_sim_v1+role_aware_pmf_cal_v1:starter+monotone_pit_cdf_v1,reb:pmf_sim_v1+role_aware_pmf_cal_v1:starter+monotone_pit_cdf_v1,ast:pmf_sim_v1+role_aware_pmf_cal_v1:starter+monotone_pit_cdf_v1]+prior_combo[joint_sampler_v1+joint_combo_pmf_v1+role_aware_pmf_cal_v1:starter+monotone_pit_cdf_v1]+stat_grid_final_component_convolution_mean_coherent_v1",phase8_role_aware_pmf_cal_v1+monotone_inactive_global_v1,starter,high,31.2984,34.5886,13.206,34.5886,39.7322,10.3214,0.05,0.9424,0.6605,starter,True,current_market_line,True,bovada,bovada,player_pra_over_under,27.5,27.5,0.3317,-125.0,-105.0,0.5203,0.4797,0.6683,202.0,-202.0,-0.1886,-0.1886,0.1886,2026-05-22T11:35:20.420208Z,full,provisional,"injury_very_stale,lineup_unconfirmed,role_bucket_missing",unknown,projected,missing,ok,finals_present,current_phase8,ok,0.0,projected,projected,bdl_lineup_freshness_manifest,2026-05-22T11:35:21Z,bdl_injuries_only,2026-05-22T11:35:42Z
near_tip,2026-05-22T11:36:28Z,2026-05-21,21713897,17896076,Evan Mobley,CLE,NYK,False,pra,"{""0"": 7.716457784657686e-08, ""1"": 6.618748786060624e-07, ""2"": 2.6702563197775103e-06, ""3"": 7.83241624524469e-06, ""4"": 2.2271625487541784e-05, ""5"": 6.151421131480973e-05, ""6"": 0.00015477220776773914, ""7"": 0.0003480226376358448, ""8"": 0.0007103754175957479, ""9"": 0.001330286418742655, ""10"": 0.0023313588171576557, ""11"": 0.0038904328152597405, ""12"": 0.0062027210341643905, ""13"": 0.009410976581510456, ""14"": 0.013545658416245523, ""15"": 0.018519017575226716, ""16"": 0.024156763672550315, ""17"": 0.030245548425379905, ""18"": 0.03654134013656641, ""19"": 0.04270714885751024, ""20"": 0.048387707843185614, ""21"": 0.05341812159749102, ""22"": 0.05786239058448188, ""23"": 0.06174276405450412, ""24"": 0.06461119568960738, ""25"": 0.06572988957006308, ""26"": 0.06470739528577202, ""27"": 0.06168813066936683, ""28"": 0.057027875114900206, ""29"": 0.0510321763823434, ""30"": 0.044135625220514355, ""31"": 0.03699279609826446, ""32"": 0.030228040786327966, ""33"": 0.02422592749566186, ""34"": 0.01918553632583749, ""35"": 0.015198972411396377, ""36"": 0.012166714761357925, ""37"": 0.009826124587536077, ""38"": 0.007923113376535111, ""39"": 0.006291831745102877, ""40"": 0.0048572721675282605, ""41"": 0.0036099620404560994, ""42"": 0.002575101554237323, ""43"": 0.001774788640715868, ""44"": 0.001202744173967476, ""45"": 0.000826745124213042, ""46"": 0.0005958438369141619, ""47"": 0.00045947417673308755, ""48"": 0.0003763923610454941, ""49"": 0.00031561895415689904, ""50"": 0.000258318160436184, ""51"": 0.00019905053537378907, ""52"": 0.00014251772090964878, ""53"": 9.463123472068968e-05, ""54"": 5.781187844508436e-05, ""55"": 3.205862630281204e-05, ""56"": 1.5963232661696617e-05, ""57"": 7.20004874664076e-06, ""58"": 3.0244635277739966e-06, ""59"": 1.1920471335144283e-06, ""60"": 4.335842785276584e-07, ""61"": 1.4061473681098446e-07, ""62"": 4.069542450606056e-08, ""63"": 1.0890531702739492e-08, ""64"": 2.893123854522604e-09, ""65"": 8.243707947583148e-10, ""66"": 2.4227585022022664e-10, ""67"": 6.896671965861755e-11, ""68"": 1.843665145228668e-11, ""69"": 4.51518141760468e-12, ""70"": 1.0124375545011367e-12, ""71"": 2.1216333211141713e-13, ""72"": 4.140322327258634e-14, ""73"": 7.801234261697022e-15, ""74"": 1.4865235692389704e-15, ""75"": 2.591225665951803e-16, ""76"": 3.8665710250041645e-17, ""77"": 5.4864394429984844e-18, ""78"": 6.114871660497594e-19, ""79"": 4.320377492840483e-20, ""80"": 7.585619362753973e-10, ""81"": 6.0987170376506605e-09, ""82"": 2.1706032707999784e-08, ""83"": 5.300842272371193e-08, ""84"": 1.3346594571228544e-07, ""85"": 3.4883160982544477e-07, ""86"": 8.034774510722765e-07, ""87"": 1.52976547146602e-06, ""88"": 2.4402803674047117e-06, ""89"": 3.2159850495023613e-06, ""90"": 3.4806738774921376e-06, ""91"": 3.1695783494496816e-06, ""92"": 2.5232894516487167e-06, ""93"": 1.8096826550732875e-06, ""94"": 1.160319467645317e-06, ""95"": 6.495011327130519e-07, ""96"": 3.1274367382314245e-07, ""97"": 1.3334775040419317e-07, ""98"": 5.4742103895368285e-08, ""99"": 2.152005763911621e-08, ""100"": 7.45716847200882e-09, ""101"": 2.0879390395546447e-09, ""102"": 5.097116313656768e-10, ""103"": 1.3463415984019995e-10, ""104"": 3.9064167985926124e-11, ""105"": 1.197899256579489e-11, ""106"": 3.574897595040593e-12, ""107"": 9.3895087746072e-13, ""108"": 2.268651990297055e-13, ""109"": 5.2073937523330947e-14, ""110"": 1.0187259218250718e-14, ""111"": 1.860160781766525e-15, ""112"": 3.8916847824777895e-16, ""113"": 7.310174651459173e-17, ""114"": 1.1130307872660557e-17, ""115"": 1.825854890340712e-18, ""116"": 2.307238215332016e-19, ""117"": 1.5839744819597003e-20, ""118"": 1.156825919223106e-21, ""119"": 1.1755481313072806e-22, ""120"": 8.51034494769032e-24, ""121"": 5.736146669071414e-25, ""122"": 3.200068348185991e-26, ""123"": 2.3361114170750138e-27, ""124"": 5.493322031368193e-29, ""125"": 1.4864093473654774e-30, ""126"": 3.476373097448341e-32}",25.0361,25.0361,25,25,0.0,1.0,1.0,1.0,1.0,1.0,0.9999,0.9998,0.9994,0.9987,0.9974,0.995,0.9911,0.9849,0.9755,0.962,0.9435,0.9193,0.8891,0.8525,0.8098,24dddfd7#phase10c,"stat_grid:component_convolution_mean_coherent_v1+components[pts:pmf_sim_v1+role_aware_pmf_cal_v1:starter+monotone_pit_cdf_v1,reb:pmf_sim_v1+role_aware_pmf_cal_v1:starter+monotone_pit_cdf_v1,ast:pmf_sim_v1+role_aware_pmf_cal_v1:starter+monotone_pit_cdf_v1]+prior_combo[joint_sampler_v1+joint_combo_pmf_v1+role_aware_pmf_cal_v1:starter+monotone_pit_cdf_v1]+stat_grid_final_component_convolution_mean_coherent_v1",phase8_role_aware_pmf_cal_v1+monotone_inactive_global_v1,starter,high,31.2984,34.5886,13.206,34.5886,39.7322,10.3214,0.05,0.9424,0.6605,starter,True,current_market_line,True,bovada,bovada,player_pra_over_under,28.5,28.5,0.2746,-105.0,-125.0,0.4797,0.5203,0.7254,264.0,-264.0,-0.2051,-0.2051,0.2051,2026-05-22T11:35:20.420208Z,full,provisional,"injury_very_stale,lineup_unconfirmed,role_bucket_missing",unknown,projected,missing,ok,finals_present,current_phase8,ok,0.0,projected,projected,bdl_lineup_freshness_manifest,2026-05-22T11:35:21Z,bdl_injuries_only,2026-05-22T11:35:42Z
near_tip,2026-05-22T11:36:28Z,2026-05-21,21713897,17896076,Evan Mobley,CLE,NYK,False,pra,"{""0"": 7.716457784657686e-08, ""1"": 6.618748786060624e-07, ""2"": 2.6702563197775103e-06, ""3"": 7.83241624524469e-06, ""4"": 2.2271625487541784e-05, ""5"": 6.151421131480973e-05, ""6"": 0.00015477220776773914, ""7"": 0.0003480226376358448, ""8"": 0.0007103754175957479, ""9"": 0.001330286418742655, ""10"": 0.0023313588171576557, ""11"": 0.0038904328152597405, ""12"": 0.0062027210341643905, ""13"": 0.009410976581510456, ""14"": 0.013545658416245523, ""15"": 0.018519017575226716, ""16"": 0.024156763672550315, ""17"": 0.030245548425379905, ""18"": 0.03654134013656641, ""19"": 0.04270714885751024, ""20"": 0.048387707843185614, ""21"": 0.05341812159749102, ""22"": 0.05786239058448188, ""23"": 0.06174276405450412, ""24"": 0.06461119568960738, ""25"": 0.06572988957006308, ""26"": 0.06470739528577202, ""27"": 0.06168813066936683, ""28"": 0.057027875114900206, ""29"": 0.0510321763823434, ""30"": 0.044135625220514355, ""31"": 0.03699279609826446, ""32"": 0.030228040786327966, ""33"": 0.02422592749566186, ""34"": 0.01918553632583749, ""35"": 0.015198972411396377, ""36"": 0.012166714761357925, ""37"": 0.009826124587536077, ""38"": 0.007923113376535111, ""39"": 0.006291831745102877, ""40"": 0.0048572721675282605, ""41"": 0.0036099620404560994, ""42"": 0.002575101554237323, ""43"": 0.001774788640715868, ""44"": 0.001202744173967476, ""45"": 0.000826745124213042, ""46"": 0.0005958438369141619, ""47"": 0.00045947417673308755, ""48"": 0.0003763923610454941, ""49"": 0.00031561895415689904, ""50"": 0.000258318160436184, ""51"": 0.00019905053537378907, ""52"": 0.00014251772090964878, ""53"": 9.463123472068968e-05, ""54"": 5.781187844508436e-05, ""55"": 3.205862630281204e-05, ""56"": 1.5963232661696617e-05, ""57"": 7.20004874664076e-06, ""58"": 3.0244635277739966e-06, ""59"": 1.1920471335144283e-06, ""60"": 4.335842785276584e-07, ""61"": 1.4061473681098446e-07, ""62"": 4.069542450606056e-08, ""63"": 1.0890531702739492e-08, ""64"": 2.893123854522604e-09, ""65"": 8.243707947583148e-10, ""66"": 2.4227585022022664e-10, ""67"": 6.896671965861755e-11, ""68"": 1.843665145228668e-11, ""69"": 4.51518141760468e-12, ""70"": 1.0124375545011367e-12, ""71"": 2.1216333211141713e-13, ""72"": 4.140322327258634e-14, ""73"": 7.801234261697022e-15, ""74"": 1.4865235692389704e-15, ""75"": 2.591225665951803e-16, ""76"": 3.8665710250041645e-17, ""77"": 5.4864394429984844e-18, ""78"": 6.114871660497594e-19, ""79"": 4.320377492840483e-20, ""80"": 7.585619362753973e-10, ""81"": 6.0987170376506605e-09, ""82"": 2.1706032707999784e-08, ""83"": 5.300842272371193e-08, ""84"": 1.3346594571228544e-07, ""85"": 3.4883160982544477e-07, ""86"": 8.034774510722765e-07, ""87"": 1.52976547146602e-06, ""88"": 2.4402803674047117e-06, ""89"": 3.2159850495023613e-06, ""90"": 3.4806738774921376e-06, ""91"": 3.1695783494496816e-06, ""92"": 2.5232894516487167e-06, ""93"": 1.8096826550732875e-06, ""94"": 1.160319467645317e-06, ""95"": 6.495011327130519e-07, ""96"": 3.1274367382314245e-07, ""97"": 1.3334775040419317e-07, ""98"": 5.4742103895368285e-08, ""99"": 2.152005763911621e-08, ""100"": 7.45716847200882e-09, ""101"": 2.0879390395546447e-09, ""102"": 5.097116313656768e-10, ""103"": 1.3463415984019995e-10, ""104"": 3.9064167985926124e-11, ""105"": 1.197899256579489e-11, ""106"": 3.574897595040593e-12, ""107"": 9.3895087746072e-13, ""108"": 2.268651990297055e-13, ""109"": 5.2073937523330947e-14, ""110"": 1.0187259218250718e-14, ""111"": 1.860160781766525e-15, ""112"": 3.8916847824777895e-16, ""113"": 7.310174651459173e-17, ""114"": 1.1130307872660557e-17, ""115"": 1.825854890340712e-18, ""116"": 2.307238215332016e-19, ""117"": 1.5839744819597003e-20, ""118"": 1.156825919223106e-21, ""119"": 1.1755481313072806e-22, ""120"": 8.51034494769032e-24, ""121"": 5.736146669071414e-25, ""122"": 3.200068348185991e-26, ""123"": 2.3361114170750138e-27, ""124"": 5.493322031368193e-29, ""125"": 1.4864093473654774e-30, ""126"": 3.476373097448341e-32}",25.0361,25.0361,25,25,0.0,1.0,1.0,1.0,1.0,1.0,0.9999,0.9998,0.9994,0.9987,0.9974,0.995,0.9911,0.9849,0.9755,0.962,0.9435,0.9193,0.8891,0.8525,0.8098,24dddfd7#phase10c,"stat_grid:component_convolution_mean_coherent_v1+components[pts:pmf_sim_v1+role_aware_pmf_cal_v1:starter+monotone_pit_cdf_v1,reb:pmf_sim_v1+role_aware_pmf_cal_v1:starter+monotone_pit_cdf_v1,ast:pmf_sim_v1+role_aware_pmf_cal_v1:starter+monotone_pit_cdf_v1]+prior_combo[joint_sampler_v1+joint_combo_pmf_v1+role_aware_pmf_cal_v1:starter+monotone_pit_cdf_v1]+stat_grid_final_component_convolution_mean_coherent_v1",phase8_role_aware_pmf_cal_v1+monotone_inactive_global_v1,starter,high,31.2984,34.5886,13.206,34.5886,39.7322,10.3214,0.05,0.9424,0.6605,starter,True,current_market_line,True,espnbet,espnbet,player_pra_over_under,27.5,27.5,0.3317,-125.0,-105.0,0.5203,0.4797,0.6683,202.0,-202.0,-0.1886,-0.1886,0.1886,2026-05-22T11:35:20.420208Z,full,provisional,"injury_very_stale,lineup_unconfirmed,role_bucket_missing",unknown,projected,missing,ok,finals_present,current_phase8,ok,0.0,projected,projected,bdl_lineup_freshness_manifest,2026-05-22T11:35:21Z,bdl_injuries_only,2026-05-22T11:35:42Z
near_tip,2026-05-22T11:36:28Z,2026-05-21,21713897,17896076,Evan Mobley,CLE,NYK,False,pra,"{""0"": 7.716457784657686e-08, ""1"": 6.618748786060624e-07, ""2"": 2.6702563197775103e-06, ""3"": 7.83241624524469e-06, ""4"": 2.2271625487541784e-05, ""5"": 6.151421131480973e-05, ""6"": 0.00015477220776773914, ""7"": 0.0003480226376358448, ""8"": 0.0007103754175957479, ""9"": 0.001330286418742655, ""10"": 0.0023313588171576557, ""11"": 0.0038904328152597405, ""12"": 0.0062027210341643905, ""13"": 0.009410976581510456, ""14"": 0.013545658416245523, ""15"": 0.018519017575226716, ""16"": 0.024156763672550315, ""17"": 0.030245548425379905, ""18"": 0.03654134013656641, ""19"": 0.04270714885751024, ""20"": 0.048387707843185614, ""21"": 0.05341812159749102, ""22"": 0.05786239058448188, ""23"": 0.06174276405450412, ""24"": 0.06461119568960738, ""25"": 0.06572988957006308, ""26"": 0.06470739528577202, ""27"": 0.06168813066936683, ""28"": 0.057027875114900206, ""29"": 0.0510321763823434, ""30"": 0.044135625220514355, ""31"": 0.03699279609826446, ""32"": 0.030228040786327966, ""33"": 0.02422592749566186, ""34"": 0.01918553632583749, ""35"": 0.015198972411396377, ""36"": 0.012166714761357925, ""37"": 0.009826124587536077, ""38"": 0.007923113376535111, ""39"": 0.006291831745102877, ""40"": 0.0048572721675282605, ""41"": 0.0036099620404560994, ""42"": 0.002575101554237323, ""43"": 0.001774788640715868, ""44"": 0.001202744173967476, ""45"": 0.000826745124213042, ""46"": 0.0005958438369141619, ""47"": 0.00045947417673308755, ""48"": 0.0003763923610454941, ""49"": 0.00031561895415689904, ""50"": 0.000258318160436184, ""51"": 0.00019905053537378907, ""52"": 0.00014251772090964878, ""53"": 9.463123472068968e-05, ""54"": 5.781187844508436e-05, ""55"": 3.205862630281204e-05, ""56"": 1.5963232661696617e-05, ""57"": 7.20004874664076e-06, ""58"": 3.0244635277739966e-06, ""59"": 1.1920471335144283e-06, ""60"": 4.335842785276584e-07, ""61"": 1.4061473681098446e-07, ""62"": 4.069542450606056e-08, ""63"": 1.0890531702739492e-08, ""64"": 2.893123854522604e-09, ""65"": 8.243707947583148e-10, ""66"": 2.4227585022022664e-10, ""67"": 6.896671965861755e-11, ""68"": 1.843665145228668e-11, ""69"": 4.51518141760468e-12, ""70"": 1.0124375545011367e-12, ""71"": 2.1216333211141713e-13, ""72"": 4.140322327258634e-14, ""73"": 7.801234261697022e-15, ""74"": 1.4865235692389704e-15, ""75"": 2.591225665951803e-16, ""76"": 3.8665710250041645e-17, ""77"": 5.4864394429984844e-18, ""78"": 6.114871660497594e-19, ""79"": 4.320377492840483e-20, ""80"": 7.585619362753973e-10, ""81"": 6.0987170376506605e-09, ""82"": 2.1706032707999784e-08, ""83"": 5.300842272371193e-08, ""84"": 1.3346594571228544e-07, ""85"": 3.4883160982544477e-07, ""86"": 8.034774510722765e-07, ""87"": 1.52976547146602e-06, ""88"": 2.4402803674047117e-06, ""89"": 3.2159850495023613e-06, ""90"": 3.4806738774921376e-06, ""91"": 3.1695783494496816e-06, ""92"": 2.5232894516487167e-06, ""93"": 1.8096826550732875e-06, ""94"": 1.160319467645317e-06, ""95"": 6.495011327130519e-07, ""96"": 3.1274367382314245e-07, ""97"": 1.3334775040419317e-07, ""98"": 5.4742103895368285e-08, ""99"": 2.152005763911621e-08, ""100"": 7.45716847200882e-09, ""101"": 2.0879390395546447e-09, ""102"": 5.097116313656768e-10, ""103"": 1.3463415984019995e-10, ""104"": 3.9064167985926124e-11, ""105"": 1.197899256579489e-11, ""106"": 3.574897595040593e-12, ""107"": 9.3895087746072e-13, ""108"": 2.268651990297055e-13, ""109"": 5.2073937523330947e-14, ""110"": 1.0187259218250718e-14, ""111"": 1.860160781766525e-15, ""112"": 3.8916847824777895e-16, ""113"": 7.310174651459173e-17, ""114"": 1.1130307872660557e-17, ""115"": 1.825854890340712e-18, ""116"": 2.307238215332016e-19, ""117"": 1.5839744819597003e-20, ""118"": 1.156825919223106e-21, ""119"": 1.1755481313072806e-22, ""120"": 8.51034494769032e-24, ""121"": 5.736146669071414e-25, ""122"": 3.200068348185991e-26, ""123"": 2.3361114170750138e-27, ""124"": 5.493322031368193e-29, ""125"": 1.4864093473654774e-30, ""126"": 3.476373097448341e-32}",25.0361,25.0361,25,25,0.0,1.0,1.0,1.0,1.0,1.0,0.9999,0.9998,0.9994,0.9987,0.9974,0.995,0.9911,0.9849,0.9755,0.962,0.9435,0.9193,0.8891,0.8525,0.8098,24dddfd7#phase10c,"stat_grid:component_convolution_mean_coherent_v1+components[pts:pmf_sim_v1+role_aware_pmf_cal_v1:starter+monotone_pit_cdf_v1,reb:pmf_sim_v1+role_aware_pmf_cal_v1:starter+monotone_pit_cdf_v1,ast:pmf_sim_v1+role_aware_pmf_cal_v1:starter+monotone_pit_cdf_v1]+prior_combo[joint_sampler_v1+joint_combo_pmf_v1+role_aware_pmf_cal_v1:starter+monotone_pit_cdf_v1]+stat_grid_final_component_convolution_mean_coherent_v1",phase8_role_aware_pmf_cal_v1+monotone_inactive_global_v1,starter,high,31.2984,34.5886,13.206,34.5886,39.7322,10.3214,0.05,0.9424,0.6605,starter,True,current_market_line,True,fliff,fliff,player_pra_over_under,27.5,27.5,0.3317,-130.0,-110.0,0.519,0.481,0.6683,202.0,-202.0,-0.1873,-0.1873,0.1873,2026-05-22T11:35:20.420208Z,full,provisional,"injury_very_stale,lineup_unconfirmed,role_bucket_missing",unknown,projected,missing,ok,finals_present,current_phase8,ok,0.0,projected,projected,bdl_lineup_freshness_manifest,2026-05-22T11:35:21Z,bdl_injuries_only,2026-05-22T11:35:42Z
near_tip,2026-05-22T11:36:28Z,2026-05-21,21713897,17896076,Evan Mobley,CLE,NYK,False,pra,"{""0"": 7.716457784657686e-08, ""1"": 6.618748786060624e-07, ""2"": 2.6702563197775103e-06, ""3"": 7.83241624524469e-06, ""4"": 2.2271625487541784e-05, ""5"": 6.151421131480973e-05, ""6"": 0.00015477220776773914, ""7"": 0.0003480226376358448, ""8"": 0.0007103754175957479, ""9"": 0.001330286418742655, ""10"": 0.0023313588171576557, ""11"": 0.0038904328152597405, ""12"": 0.0062027210341643905, ""13"": 0.009410976581510456, ""14"": 0.013545658416245523, ""15"": 0.018519017575226716, ""16"": 0.024156763672550315, ""17"": 0.030245548425379905, ""18"": 0.03654134013656641, ""19"": 0.04270714885751024, ""20"": 0.048387707843185614, ""21"": 0.05341812159749102, ""22"": 0.05786239058448188, ""23"": 0.06174276405450412, ""24"": 0.06461119568960738, ""25"": 0.06572988957006308, ""26"": 0.06470739528577202, ""27"": 0.06168813066936683, ""28"": 0.057027875114900206, ""29"": 0.0510321763823434, ""30"": 0.044135625220514355, ""31"": 0.03699279609826446, ""32"": 0.030228040786327966, ""33"": 0.02422592749566186, ""34"": 0.01918553632583749, ""35"": 0.015198972411396377, ""36"": 0.012166714761357925, ""37"": 0.009826124587536077, ""38"": 0.007923113376535111, ""39"": 0.006291831745102877, ""40"": 0.0048572721675282605, ""41"": 0.0036099620404560994, ""42"": 0.002575101554237323, ""43"": 0.001774788640715868, ""44"": 0.001202744173967476, ""45"": 0.000826745124213042, ""46"": 0.0005958438369141619, ""47"": 0.00045947417673308755, ""48"": 0.0003763923610454941, ""49"": 0.00031561895415689904, ""50"": 0.000258318160436184, ""51"": 0.00019905053537378907, ""52"": 0.00014251772090964878, ""53"": 9.463123472068968e-05, ""54"": 5.781187844508436e-05, ""55"": 3.205862630281204e-05, ""56"": 1.5963232661696617e-05, ""57"": 7.20004874664076e-06, ""58"": 3.0244635277739966e-06, ""59"": 1.1920471335144283e-06, ""60"": 4.335842785276584e-07, ""61"": 1.4061473681098446e-07, ""62"": 4.069542450606056e-08, ""63"": 1.0890531702739492e-08, ""64"": 2.893123854522604e-09, ""65"": 8.243707947583148e-10, ""66"": 2.4227585022022664e-10, ""67"": 6.896671965861755e-11, ""68"": 1.843665145228668e-11, ""69"": 4.51518141760468e-12, ""70"": 1.0124375545011367e-12, ""71"": 2.1216333211141713e-13, ""72"": 4.140322327258634e-14, ""73"": 7.801234261697022e-15, ""74"": 1.4865235692389704e-15, ""75"": 2.591225665951803e-16, ""76"": 3.8665710250041645e-17, ""77"": 5.4864394429984844e-18, ""78"": 6.114871660497594e-19, ""79"": 4.320377492840483e-20, ""80"": 7.585619362753973e-10, ""81"": 6.0987170376506605e-09, ""82"": 2.1706032707999784e-08, ""83"": 5.300842272371193e-08, ""84"": 1.3346594571228544e-07, ""85"": 3.4883160982544477e-07, ""86"": 8.034774510722765e-07, ""87"": 1.52976547146602e-06, ""88"": 2.4402803674047117e-06, ""89"": 3.2159850495023613e-06, ""90"": 3.4806738774921376e-06, ""91"": 3.1695783494496816e-06, ""92"": 2.5232894516487167e-06, ""93"": 1.8096826550732875e-06, ""94"": 1.160319467645317e-06, ""95"": 6.495011327130519e-07, ""96"": 3.1274367382314245e-07, ""97"": 1.3334775040419317e-07, ""98"": 5.4742103895368285e-08, ""99"": 2.152005763911621e-08, ""100"": 7.45716847200882e-09, ""101"": 2.0879390395546447e-09, ""102"": 5.097116313656768e-10, ""103"": 1.3463415984019995e-10, ""104"": 3.9064167985926124e-11, ""105"": 1.197899256579489e-11, ""106"": 3.574897595040593e-12, ""107"": 9.3895087746072e-13, ""108"": 2.268651990297055e-13, ""109"": 5.2073937523330947e-14, ""110"": 1.0187259218250718e-14, ""111"": 1.860160781766525e-15, ""112"": 3.8916847824777895e-16, ""113"": 7.310174651459173e-17, ""114"": 1.1130307872660557e-17, ""115"": 1.825854890340712e-18, ""116"": 2.307238215332016e-19, ""117"": 1.5839744819597003e-20, ""118"": 1.156825919223106e-21, ""119"": 1.1755481313072806e-22, ""120"": 8.51034494769032e-24, ""121"": 5.736146669071414e-25, ""122"": 3.200068348185991e-26, ""123"": 2.3361114170750138e-27, ""124"": 5.493322031368193e-29, ""125"": 1.4864093473654774e-30, ""126"": 3.476373097448341e-32}",25.0361,25.0361,25,25,0.0,1.0,1.0,1.0,1.0,1.0,0.9999,0.9998,0.9994,0.9987,0.9974,0.995,0.9911,0.9849,0.9755,0.962,0.9435,0.9193,0.8891,0.8525,0.8098,24dddfd7#phase10c,"stat_grid:component_convolution_mean_coherent_v1+components[pts:pmf_sim_v1+role_aware_pmf_cal_v1:starter+monotone_pit_cdf_v1,reb:pmf_sim_v1+role_aware_pmf_cal_v1:starter+monotone_pit_cdf_v1,ast:pmf_sim_v1+role_aware_pmf_cal_v1:starter+monotone_pit_cdf_v1]+prior_combo[joint_sampler_v1+joint_combo_pmf_v1+role_aware_pmf_cal_v1:starter+monotone_pit_cdf_v1]+stat_grid_final_component_convolution_mean_coherent_v1",phase8_role_aware_pmf_cal_v1+monotone_inactive_global_v1,starter,high,31.2984,34.5886,13.206,34.5886,39.7322,10.3214,0.05,0.9424,0.6605,starter,True,current_market_line,True,hardrockbet_az,hardrockbet_az,player_pra_over_under,27.5,27.5,0.3317,-125.0,-105.0,0.5203,0.4797,0.6683,202.0,-202.0,-0.1886,-0.1886,0.1886,2026-05-22T11:35:20.420208Z,full,provisional,"injury_very_stale,lineup_unconfirmed,role_bucket_missing",unknown,projected,missing,ok,finals_present,current_phase8,ok,0.0,projected,projected,bdl_lineup_freshness_manifest,2026-05-22T11:35:21Z,bdl_injuries_only,2026-05-22T11:35:42Z
near_tip,2026-05-22T11:36:28Z,2026-05-21,21713897,17896076,Evan Mobley,CLE,NYK,False,pra,"{""0"": 7.716457784657686e-08, ""1"": 6.618748786060624e-07, ""2"": 2.6702563197775103e-06, ""3"": 7.83241624524469e-06, ""4"": 2.2271625487541784e-05, ""5"": 6.151421131480973e-05, ""6"": 0.00015477220776773914, ""7"": 0.0003480226376358448, ""8"": 0.0007103754175957479, ""9"": 0.001330286418742655, ""10"": 0.0023313588171576557, ""11"": 0.0038904328152597405, ""12"": 0.0062027210341643905, ""13"": 0.009410976581510456, ""14"": 0.013545658416245523, ""15"": 0.018519017575226716, ""16"": 0.024156763672550315, ""17"": 0.030245548425379905, ""18"": 0.03654134013656641, ""19"": 0.04270714885751024, ""20"": 0.048387707843185614, ""21"": 0.05341812159749102, ""22"": 0.05786239058448188, ""23"": 0.06174276405450412, ""24"": 0.06461119568960738, ""25"": 0.06572988957006308, ""26"": 0.06470739528577202, ""27"": 0.06168813066936683, ""28"": 0.057027875114900206, ""29"": 0.0510321763823434, ""30"": 0.044135625220514355, ""31"": 0.03699279609826446, ""32"": 0.030228040786327966, ""33"": 0.02422592749566186, ""34"": 0.01918553632583749, ""35"": 0.015198972411396377, ""36"": 0.012166714761357925, ""37"": 0.009826124587536077, ""38"": 0.007923113376535111, ""39"": 0.006291831745102877, ""40"": 0.0048572721675282605, ""41"": 0.0036099620404560994, ""42"": 0.002575101554237323, ""43"": 0.001774788640715868, ""44"": 0.001202744173967476, ""45"": 0.000826745124213042, ""46"": 0.0005958438369141619, ""47"": 0.00045947417673308755, ""48"": 0.0003763923610454941, ""49"": 0.00031561895415689904, ""50"": 0.000258318160436184, ""51"": 0.00019905053537378907, ""52"": 0.00014251772090964878, ""53"": 9.463123472068968e-05, ""54"": 5.781187844508436e-05, ""55"": 3.205862630281204e-05, ""56"": 1.5963232661696617e-05, ""57"": 7.20004874664076e-06, ""58"": 3.0244635277739966e-06, ""59"": 1.1920471335144283e-06, ""60"": 4.335842785276584e-07, ""61"": 1.4061473681098446e-07, ""62"": 4.069542450606056e-08, ""63"": 1.0890531702739492e-08, ""64"": 2.893123854522604e-09, ""65"": 8.243707947583148e-10, ""66"": 2.4227585022022664e-10, ""67"": 6.896671965861755e-11, ""68"": 1.843665145228668e-11, ""69"": 4.51518141760468e-12, ""70"": 1.0124375545011367e-12, ""71"": 2.1216333211141713e-13, ""72"": 4.140322327258634e-14, ""73"": 7.801234261697022e-15, ""74"": 1.4865235692389704e-15, ""75"": 2.591225665951803e-16, ""76"": 3.8665710250041645e-17, ""77"": 5.4864394429984844e-18, ""78"": 6.114871660497594e-19, ""79"": 4.320377492840483e-20, ""80"": 7.585619362753973e-10, ""81"": 6.0987170376506605e-09, ""82"": 2.1706032707999784e-08, ""83"": 5.300842272371193e-08, ""84"": 1.3346594571228544e-07, ""85"": 3.4883160982544477e-07, ""86"": 8.034774510722765e-07, ""87"": 1.52976547146602e-06, ""88"": 2.4402803674047117e-06, ""89"": 3.2159850495023613e-06, ""90"": 3.4806738774921376e-06, ""91"": 3.1695783494496816e-06, ""92"": 2.5232894516487167e-06, ""93"": 1.8096826550732875e-06, ""94"": 1.160319467645317e-06, ""95"": 6.495011327130519e-07, ""96"": 3.1274367382314245e-07, ""97"": 1.3334775040419317e-07, ""98"": 5.4742103895368285e-08, ""99"": 2.152005763911621e-08, ""100"": 7.45716847200882e-09, ""101"": 2.0879390395546447e-09, ""102"": 5.097116313656768e-10, ""103"": 1.3463415984019995e-10, ""104"": 3.9064167985926124e-11, ""105"": 1.197899256579489e-11, ""106"": 3.574897595040593e-12, ""107"": 9.3895087746072e-13, ""108"": 2.268651990297055e-13, ""109"": 5.2073937523330947e-14, ""110"": 1.0187259218250718e-14, ""111"": 1.860160781766525e-15, ""112"": 3.8916847824777895e-16, ""113"": 7.310174651459173e-17, ""114"": 1.1130307872660557e-17, ""115"": 1.825854890340712e-18, ""116"": 2.307238215332016e-19, ""117"": 1.5839744819597003e-20, ""118"": 1.156825919223106e-21, ""119"": 1.1755481313072806e-22, ""120"": 8.51034494769032e-24, ""121"": 5.736146669071414e-25, ""122"": 3.200068348185991e-26, ""123"": 2.3361114170750138e-27, ""124"": 5.493322031368193e-29, ""125"": 1.4864093473654774e-30, ""126"": 3.476373097448341e-32}",25.0361,25.0361,25,25,0.0,1.0,1.0,1.0,1.0,1.0,0.9999,0.9998,0.9994,0.9987,0.9974,0.995,0.9911,0.9849,0.9755,0.962,0.9435,0.9193,0.8891,0.8525,0.8098,24dddfd7#phase10c,"stat_grid:component_convolution_mean_coherent_v1+components[pts:pmf_sim_v1+role_aware_pmf_cal_v1:starter+monotone_pit_cdf_v1,reb:pmf_sim_v1+role_aware_pmf_cal_v1:starter+monotone_pit_cdf_v1,ast:pmf_sim_v1+role_aware_pmf_cal_v1:starter+monotone_pit_cdf_v1]+prior_combo[joint_sampler_v1+joint_combo_pmf_v1+role_aware_pmf_cal_v1:starter+monotone_pit_cdf_v1]+stat_grid_final_component_convolution_mean_coherent_v1",phase8_role_aware_pmf_cal_v1+monotone_inactive_global_v1,starter,high,31.2984,34.5886,13.206,34.5886,39.7322,10.3214,0.05,0.9424,0.6605,starter,True,current_market_line,True,hardrockbet_fl,hardrockbet_fl,player_pra_over_under,27.5,27.5,0.3317,-125.0,-105.0,0.5203,0.4797,0.6683,202.0,-202.0,-0.1886,-0.1886,0.1886,2026-05-22T11:35:20.420208Z,full,provisional,"injury_very_stale,lineup_unconfirmed,role_bucket_missing",unknown,projected,missing,ok,finals_present,current_phase8,ok,0.0,projected,projected,bdl_lineup_freshness_manifest,2026-05-22T11:35:21Z,bdl_injuries_only,2026-05-22T11:35:42Z
near_tip,2026-05-22T11:36:28Z,2026-05-21,21713897,17896076,Evan Mobley,CLE,NYK,False,pra,"{""0"": 7.716457784657686e-08, ""1"": 6.618748786060624e-07, ""2"": 2.6702563197775103e-06, ""3"": 7.83241624524469e-06, ""4"": 2.2271625487541784e-05, ""5"": 6.151421131480973e-05, ""6"": 0.00015477220776773914, ""7"": 0.0003480226376358448, ""8"": 0.0007103754175957479, ""9"": 0.001330286418742655, ""10"": 0.0023313588171576557, ""11"": 0.0038904328152597405, ""12"": 0.0062027210341643905, ""13"": 0.009410976581510456, ""14"": 0.013545658416245523, ""15"": 0.018519017575226716, ""16"": 0.024156763672550315, ""17"": 0.030245548425379905, ""18"": 0.03654134013656641, ""19"": 0.04270714885751024, ""20"": 0.048387707843185614, ""21"": 0.05341812159749102, ""22"": 0.05786239058448188, ""23"": 0.06174276405450412, ""24"": 0.06461119568960738, ""25"": 0.06572988957006308, ""26"": 0.06470739528577202, ""27"": 0.06168813066936683, ""28"": 0.057027875114900206, ""29"": 0.0510321763823434, ""30"": 0.044135625220514355, ""31"": 0.03699279609826446, ""32"": 0.030228040786327966, ""33"": 0.02422592749566186, ""34"": 0.01918553632583749, ""35"": 0.015198972411396377, ""36"": 0.012166714761357925, ""37"": 0.009826124587536077, ""38"": 0.007923113376535111, ""39"": 0.006291831745102877, ""40"": 0.0048572721675282605, ""41"": 0.0036099620404560994, ""42"": 0.002575101554237323, ""43"": 0.001774788640715868, ""44"": 0.001202744173967476, ""45"": 0.000826745124213042, ""46"": 0.0005958438369141619, ""47"": 0.00045947417673308755, ""48"": 0.0003763923610454941, ""49"": 0.00031561895415689904, ""50"": 0.000258318160436184, ""51"": 0.00019905053537378907, ""52"": 0.00014251772090964878, ""53"": 9.463123472068968e-05, ""54"": 5.781187844508436e-05, ""55"": 3.205862630281204e-05, ""56"": 1.5963232661696617e-05, ""57"": 7.20004874664076e-06, ""58"": 3.0244635277739966e-06, ""59"": 1.1920471335144283e-06, ""60"": 4.335842785276584e-07, ""61"": 1.4061473681098446e-07, ""62"": 4.069542450606056e-08, ""63"": 1.0890531702739492e-08, ""64"": 2.893123854522604e-09, ""65"": 8.243707947583148e-10, ""66"": 2.4227585022022664e-10, ""67"": 6.896671965861755e-11, ""68"": 1.843665145228668e-11, ""69"": 4.51518141760468e-12, ""70"": 1.0124375545011367e-12, ""71"": 2.1216333211141713e-13, ""72"": 4.140322327258634e-14, ""73"": 7.801234261697022e-15, ""74"": 1.4865235692389704e-15, ""75"": 2.591225665951803e-16, ""76"": 3.8665710250041645e-17, ""77"": 5.4864394429984844e-18, ""78"": 6.114871660497594e-19, ""79"": 4.320377492840483e-20, ""80"": 7.585619362753973e-10, ""81"": 6.0987170376506605e-09, ""82"": 2.1706032707999784e-08, ""83"": 5.300842272371193e-08, ""84"": 1.3346594571228544e-07, ""85"": 3.4883160982544477e-07, ""86"": 8.034774510722765e-07, ""87"": 1.52976547146602e-06, ""88"": 2.4402803674047117e-06, ""89"": 3.2159850495023613e-06, ""90"": 3.4806738774921376e-06, ""91"": 3.1695783494496816e-06, ""92"": 2.5232894516487167e-06, ""93"": 1.8096826550732875e-06, ""94"": 1.160319467645317e-06, ""95"": 6.495011327130519e-07, ""96"": 3.1274367382314245e-07, ""97"": 1.3334775040419317e-07, ""98"": 5.4742103895368285e-08, ""99"": 2.152005763911621e-08, ""100"": 7.45716847200882e-09, ""101"": 2.0879390395546447e-09, ""102"": 5.097116313656768e-10, ""103"": 1.3463415984019995e-10, ""104"": 3.9064167985926124e-11, ""105"": 1.197899256579489e-11, ""106"": 3.574897595040593e-12, ""107"": 9.3895087746072e-13, ""108"": 2.268651990297055e-13, ""109"": 5.2073937523330947e-14, ""110"": 1.0187259218250718e-14, ""111"": 1.860160781766525e-15, ""112"": 3.8916847824777895e-16, ""113"": 7.310174651459173e-17, ""114"": 1.1130307872660557e-17, ""115"": 1.825854890340712e-18, ""116"": 2.307238215332016e-19, ""117"": 1.5839744819597003e-20, ""118"": 1.156825919223106e-21, ""119"": 1.1755481313072806e-22, ""120"": 8.51034494769032e-24, ""121"": 5.736146669071414e-25, ""122"": 3.200068348185991e-26, ""123"": 2.3361114170750138e-27, ""124"": 5.493322031368193e-29, ""125"": 1.4864093473654774e-30, ""126"": 3.476373097448341e-32}",25.0361,25.0361,25,25,0.0,1.0,1.0,1.0,1.0,1.0,0.9999,0.9998,0.9994,0.9987,0.9974,0.995,0.9911,0.9849,0.9755,0.962,0.9435,0.9193,0.8891,0.8525,0.8098,24dddfd7#phase10c,"stat_grid:component_convolution_mean_coherent_v1+components[pts:pmf_sim_v1+role_aware_pmf_cal_v1:starter+monotone_pit_cdf_v1,reb:pmf_sim_v1+role_aware_pmf_cal_v1:starter+monotone_pit_cdf_v1,ast:pmf_sim_v1+role_aware_pmf_cal_v1:starter+monotone_pit_cdf_v1]+prior_combo[joint_sampler_v1+joint_combo_pmf_v1+role_aware_pmf_cal_v1:starter+monotone_pit_cdf_v1]+stat_grid_final_component_convolution_mean_coherent_v1",phase8_role_aware_pmf_cal_v1+monotone_inactive_global_v1,starter,high,31.2984,34.5886,13.206,34.5886,39.7322,10.3214,0.05,0.9424,0.6605,starter,True,current_market_line,True,hardrockbet,hardrockbet,player_pra_over_under,27.5,27.5,0.3317,-125.0,-105.0,0.5203,0.4797,0.6683,202.0,-202.0,-0.1886,-0.1886,0.1886,2026-05-22T11:35:20.420208Z,full,provisional,"injury_very_stale,lineup_unconfirmed,role_bucket_missing",unknown,projected,missing,ok,finals_present,current_phase8,ok,0.0,projected,projected,bdl_lineup_freshness_manifest,2026-05-22T11:35:21Z,bdl_injuries_only,2026-05-22T11:35:42Z
