player_id,player_name,team_abbr,team_id,opponent,is_home,game_id,game,game_start_et,stat,role_bucket,role_source,mp_bucket,usage_bucket,minutes_mean,minutes_q50,p_inactive_used,support_min,support_max,line,market_fair_over_prob,market_source,market_offered_side,market_offered_odds,pmf_source,pmf_active
161,De'Aaron Fox,SAS,27,MIN,True,21707973,Minnesota Timberwolves @ San Antonio Spurs,,fg3m,starter,derived_from_projected_minutes,3.0,0.0,,2.0,,0,,1.5,0.4758,fanduel,OVER,106.0,predict.py:pmf_cal,"{""0"": 0.13820000000000002, ""1"": 0.28800000000000003, ""2"": 0.24830000000000002, ""3"": 0.16510000000000002, ""4"": 0.07900000000000001, ""5"": 0.029200000000000004, ""6"": 0.028900000000000002, ""15"": 0.023300000000000005}"
161,De'Aaron Fox,SAS,27,MIN,True,21707973,Minnesota Timberwolves @ San Antonio Spurs,,stl,starter,derived_from_projected_minutes,3.0,0.0,,1.0,,0,,1.5,0.3659,betparx,UNDER,-200.0,predict.py:raw,"{""0"": 0.4361, ""1"": 0.3413, ""2"": 0.1362, ""3"": 0.0378, ""4"": 0.0066, ""5"": 0.0078, ""6"": 0.0059, ""7"": 0.0058, ""8"": 0.0082, ""9"": 0.007, ""10"": 0.0073}"
387,Julius Randle,MIN,18,SAS,False,21707973,Minnesota Timberwolves @ San Antonio Spurs,,pts,starter,derived_from_projected_minutes,3.0,0.0,,20.0,,0,,18.5,0.4762,betparx,OVER,104.0,predict.py:pmf_cal,"{""0"": 0.011915490137178332, ""1"": 0.008010413537598878, ""2"": 0.00851106438369881, ""3"": 0.012816661660158206, ""4"": 0.011815359967958345, ""5"": 0.01371783318313808, ""6"": 0.016221087413637727, ""7"": 0.017122258936617604, ""8"": 0.019825773505557226, ""9"": 0.019825773505557226, ""10"": 0.019325122659457294, ""11"": 0.025433062981876437, ""12"": 0.029338139581455893, ""13"": 0.03063983178131571, ""14"": 0.03744868328827476, ""15"": 0.040052067687994394, ""16"": 0.041654150395514164, ""17"": 0.0364473815960749, ""18"": 0.051266646640632824, ""19"": 0.04746170021027335, ""20"": 0.052768599178932604, ""21"": 0.044057274456793825, ""22"": 0.05046560528687293, ""23"": 0.04455792530289376, ""24"": 0.042555321918494045, ""25"": 0.041954540903174124, ""26"": 0.02963853008911585, ""27"": 0.03204165415039551, ""28"": 0.03174126364273555, ""29"": 0.021027335536197057, ""30"": 0.02623410433563633, ""31"": 0.018023430459597475, ""32"": 0.01672173825973766, ""33"": 0.010013016921998599, ""34"": 0.009312105737458696, ""35"": 0.006908981676179033, ""36"": 0.006208070491639131, ""37"": 0.0037048162611394812, ""38"": 0.0029037749073795934, ""39"": 0.0021027335536197055, ""40"": 0.0022028637228396915, ""41"": 0.0021027335536197055, ""45"": 0.0011014318614198458, ""54"": 0.0014018223690798037, ""80"": 0.0014018223690798037}"
387,Julius Randle,MIN,18,SAS,False,21707973,Minnesota Timberwolves @ San Antonio Spurs,,ast,starter,derived_from_projected_minutes,3.0,0.0,,3.0,,0,,4.5,0.4167,fanduel,UNDER,-159.0,predict.py:pmf_cal,"{""0"": 0.07278734481377654, ""1"": 0.10832999599519424, ""2"": 0.16489787745294357, ""3"": 0.16850220264317184, ""4"": 0.17020424509411297, ""5"": 0.12575090108129755, ""6"": 0.08059671605927113, ""7"": 0.05676812174609532, ""8"": 0.028233880656788148, ""9"": 0.013416099319183021, ""10"": 0.006207448938726472, ""11"": 0.0025030036043251903, ""12"": 0.0018021625951141372}"
261,Luke Kornet,SAS,27,MIN,True,21707973,Minnesota Timberwolves @ San Antonio Spurs,,reb,bench,derived_from_projected_minutes,1.0,0.0,,3.0,,0,,3.5,0.4441,betmgm,UNDER,-132.0,predict.py:pmf_cal,"{""0"": 0.08476276457016753, ""1"": 0.15197111044237135, ""2"": 0.18136222289096196, ""3"": 0.17734978433142742, ""4"": 0.13782726452001204, ""5"": 0.10031096398836394, ""6"": 0.05767880429330926, ""7"": 0.04724646403851941, ""8"": 0.02096499147356806, ""9"": 0.014846022670277861, ""10"": 0.010031096398836392, ""11"": 0.006921456515197111, ""12"": 0.004313371451499649, ""13"": 0.0033102618116160097, ""14"": 0.0011034206038720033}"
3547238,Anthony Edwards,MIN,18,SAS,False,21707973,Minnesota Timberwolves @ San Antonio Spurs,,pts,rotation,derived_from_projected_minutes,2.0,0.0,,19.0,,0,,20.5,0.5193,betmgm,UNDER,-102.0,predict.py:pmf_cal,"{""0"": 0.01191668335669938, ""1"": 0.010214300020028039, ""2"": 0.010214300020028039, ""3"": 0.012817945123172442, ""4"": 0.014019627478469857, ""5"": 0.015321450030042058, ""6"": 0.021029441217704788, ""7"": 0.021029441217704788, ""8"": 0.02213098337672742, ""9"": 0.022531544161826556, ""10"": 0.02603645103144402, ""11"": 0.03144402163028239, ""12"": 0.027838974564390145, ""13"": 0.03655117164029641, ""14"": 0.04105748047266173, ""15"": 0.04185860204286, ""16"": 0.045363508912477465, ""17"": 0.0405567794912878, ""18"": 0.041257760865211296, ""19"": 0.04416182655718005, ""20"": 0.04946925695974364, ""21"": 0.04466252753855397, ""22"": 0.039455237332265164, ""23"": 0.040857200080112156, ""24"": 0.0366513118365712, ""25"": 0.038553975565792105, ""26"": 0.03605047065892249, ""27"": 0.026537152012817943, ""28"": 0.024233927498497895, ""29"": 0.022831964750650913, ""30"": 0.02032845984378129, ""31"": 0.016723412777889045, ""32"": 0.01131584217905067, ""33"": 0.01191668335669938, ""34"": 0.006709393150410575, ""35"": 0.0074103745243340674, ""36"": 0.006008411776487082, ""37"": 0.0053074304025635885, ""38"": 0.004205888243540957, ""39"": 0.003304626477067895, ""40"": 0.001902663729220909, ""41"": 0.002002803925495694, ""42"": 0.0021029441217704785, ""44"": 0.001301822551572201, ""59"": 0.0014019627478469858, ""80"": 0.0014019627478469858}"
3547238,Anthony Edwards,MIN,18,SAS,False,21707973,Minnesota Timberwolves @ San Antonio Spurs,,fg3m,rotation,derived_from_projected_minutes,2.0,0.0,,2.0,,0,,2.5,0.4758,betparx,UNDER,-115.0,predict.py:pmf_cal,"{""0"": 0.1587, ""1"": 0.3093, ""2"": 0.2498, ""3"": 0.1528, ""4"": 0.0645, ""5"": 0.0416, ""15"": 0.0233}"
104,Mike Conley,MIN,18,SAS,False,21707973,Minnesota Timberwolves @ San Antonio Spurs,,ast,bench,derived_from_projected_minutes,1.0,0.0,,2.0,,0,,3.5,0.4202,caesars,UNDER,-150.0,predict.py:pmf_cal,"{""0"": 0.19767325243205294, ""1"": 0.22043927389429344, ""2"": 0.21201484304482998, ""3"": 0.16999297964095877, ""4"": 0.10049142513288535, ""5"": 0.0544579279911744, ""6"": 0.027880854477986154, ""7"": 0.010229666031491325, ""8"": 0.004813960485407681, ""9"": 0.0020058168689198676}"
104,Mike Conley,MIN,18,SAS,False,21707973,Minnesota Timberwolves @ San Antonio Spurs,,fg3m,bench,derived_from_projected_minutes,1.0,0.0,,2.0,,0,,1.5,0.3839,caesars,OVER,145.0,predict.py:pmf_cal,"{""0"": 0.1304, ""1"": 0.293, ""2"": 0.2606, ""3"": 0.1698, ""4"": 0.0769, ""5"": 0.046, ""15"": 0.0233}"
1028025261,Stephon Castle,SAS,27,MIN,True,21707973,Minnesota Timberwolves @ San Antonio Spurs,,reb,starter,derived_from_projected_minutes,3.0,0.0,,4.0,,0,,5.5,0.4514,fanatics,UNDER,-130.0,predict.py:pmf_cal,"{""0"": 0.03155048076923077, ""1"": 0.06460336538461539, ""2"": 0.10106169871794872, ""3"": 0.14753605769230768, ""4"": 0.16766826923076922, ""5"": 0.15845352564102566, ""6"": 0.11548477564102565, ""7"": 0.07892628205128205, ""8"": 0.056991185897435896, ""9"": 0.037760416666666664, ""10"": 0.02123397435897436, ""11"": 0.010016025641025642, ""12"": 0.005709134615384616, ""13"": 0.0030048076923076925}"
1028025261,Stephon Castle,SAS,27,MIN,True,21707973,Minnesota Timberwolves @ San Antonio Spurs,,ast,starter,derived_from_projected_minutes,3.0,0.0,,5.0,,0,,6.5,0.5288,betrivers,UNDER,105.0,predict.py:pmf_cal,"{""0"": 0.029559118236472944, ""1"": 0.04549098196392786, ""2"": 0.07194388777555111, ""3"": 0.09478957915831664, ""4"": 0.12234468937875752, ""5"": 0.15150300601202404, ""6"": 0.13967935871743486, ""7"": 0.12935871743486974, ""8"": 0.08036072144288577, ""9"": 0.061923847695390784, ""10"": 0.03286573146292585, ""11"": 0.023046092184368736, ""12"": 0.009018036072144287, ""13"": 0.004208416833667334, ""14"": 0.0017034068136272545, ""15"": 0.002204408817635271}"
1028025261,Stephon Castle,SAS,27,MIN,True,21707973,Minnesota Timberwolves @ San Antonio Spurs,,stl,starter,derived_from_projected_minutes,3.0,0.0,,1.0,,0,,0.5,0.6047,betway,OVER,-180.0,predict.py:raw,"{""0"": 0.31000000000000005, ""1"": 0.43060000000000004, ""2"": 0.18560000000000001, ""3"": 0.015000000000000001, ""4"": 0.009100000000000002, ""5"": 0.009000000000000001, ""6"": 0.006900000000000001, ""7"": 0.007400000000000001, ""8"": 0.009300000000000001, ""9"": 0.008300000000000002, ""10"": 0.008800000000000002}"
3547246,Devin Vassell,SAS,27,MIN,True,21707973,Minnesota Timberwolves @ San Antonio Spurs,,pts,starter,derived_from_projected_minutes,3.0,0.0,,12.0,,0,,12.5,0.5169,betmgm,UNDER,100.0,predict.py:pmf_cal,"{""0"": 0.02131065532766383, ""1"": 0.022311155577788896, ""2"": 0.026013006503251626, ""3"": 0.03611805902951476, ""4"": 0.035317658829414705, ""5"": 0.03971985992996498, ""6"": 0.03811905952976489, ""7"": 0.039819909954977493, ""8"": 0.05412706353176589, ""9"": 0.0543271635817909, ""10"": 0.05512756378189095, ""11"": 0.05942971485742872, ""12"": 0.05192596298149075, ""13"": 0.054727363681840925, ""14"": 0.058229114557278645, ""15"": 0.04922461230615308, ""16"": 0.04502251125562781, ""17"": 0.047723861930965485, ""18"": 0.032916458229114556, ""19"": 0.031115557778889445, ""20"": 0.023711855927963984, ""21"": 0.02521260630315158, ""22"": 0.01630815407703852, ""23"": 0.01660830415207604, ""24"": 0.011305652826413206, ""25"": 0.012406203101550776, ""26"": 0.008704352176088044, ""27"": 0.007203601800900451, ""28"": 0.006303151575787895, ""29"": 0.004902451225612807, ""30"": 0.005002501250625313, ""31"": 0.00240120060030015, ""32"": 0.0013006503251625813, ""33"": 0.001900950475237619, ""34"": 0.0013006503251625813, ""42"": 0.0014007003501750877, ""80"": 0.0014007003501750877}"
3547246,Devin Vassell,SAS,27,MIN,True,21707973,Minnesota Timberwolves @ San Antonio Spurs,,fg3m,starter,derived_from_projected_minutes,3.0,0.0,,2.0,,0,,2.5,0.3822,fanduel,UNDER,-175.0,predict.py:pmf_cal,"{""0"": 0.17496500699860026, ""1"": 0.31693661267746454, ""2"": 0.2419516096780644, ""3"": 0.14457108578284344, ""4"": 0.0595880823835233, ""5"": 0.03869226154769046, ""15"": 0.023295340931813638}"
17895983,Ayo Dosunmu,MIN,18,SAS,False,21707973,Minnesota Timberwolves @ San Antonio Spurs,,pts,starter,derived_from_projected_minutes,3.0,0.0,,15.0,,0,,10.5,0.5198,betrivers,OVER,-118.0,predict.py:pmf_cal,"{""0"": 0.011919070512820512, ""1"": 0.015624999999999998, ""2"": 0.017728365384615384, ""3"": 0.019431089743589744, ""4"": 0.021935096153846152, ""5"": 0.024138621794871792, ""6"": 0.027544070512820512, ""7"": 0.035256410256410256, ""8"": 0.03615785256410256, ""9"": 0.036959134615384616, ""10"": 0.04016426282051282, ""11"": 0.04477163461538461, ""12"": 0.05108173076923076, ""13"": 0.04787660256410256, ""14"": 0.05769230769230769, ""15"": 0.05098157051282051, ""16"": 0.04977964743589743, ""17"": 0.05158253205128205, ""18"": 0.04377003205128205, ""19"": 0.03856169871794871, ""20"": 0.04447115384615385, ""21"": 0.03665865384615385, ""22"": 0.030649038461538457, ""23"": 0.02594150641025641, ""24"": 0.021534455128205125, ""25"": 0.025440705128205125, ""26"": 0.018129006410256412, ""27"": 0.020132211538461536, ""28"": 0.013421474358974358, ""29"": 0.00861378205128205, ""30"": 0.006009615384615384, ""31"": 0.005608974358974358, ""32"": 0.006109775641025641, ""33"": 0.004306891025641025, ""34"": 0.0036057692307692305, ""36"": 0.0024038461538461535, ""38"": 0.0012019230769230768, ""44"": 0.0014022435897435895, ""80"": 0.0014022435897435895}"
17895983,Ayo Dosunmu,MIN,18,SAS,False,21707973,Minnesota Timberwolves @ San Antonio Spurs,,reb,starter,derived_from_projected_minutes,3.0,0.0,,4.0,,0,,2.5,0.5534,fanduel,OVER,-136.0,predict.py:pmf_cal,"{""0"": 0.04376564847270907, ""1"": 0.08863294942413621, ""2"": 0.13630445668502755, ""3"": 0.1725588382573861, ""4"": 0.16895343014521785, ""5"": 0.13890836254381575, ""6"": 0.10435653480220332, ""7"": 0.061792689033550334, ""8"": 0.039659489233850785, ""9"": 0.019429143715573364, ""10"": 0.013620430645968955, ""11"": 0.008612919379068605, ""12"": 0.0022033049574361548, ""13"": 0.0012018027040560841}"
17895983,Ayo Dosunmu,MIN,18,SAS,False,21707973,Minnesota Timberwolves @ San Antonio Spurs,,fg3m,starter,derived_from_projected_minutes,3.0,0.0,,2.0,,0,,1.5,0.4278,betmgm,OVER,130.0,predict.py:pmf_cal,"{""0"": 0.1348, ""1"": 0.2954, ""2"": 0.2581, ""3"": 0.1681, ""4"": 0.0751, ""5"": 0.0452, ""15"": 0.0233}"
17895983,Ayo Dosunmu,MIN,18,SAS,False,21707973,Minnesota Timberwolves @ San Antonio Spurs,,stl,starter,derived_from_projected_minutes,3.0,0.0,,1.0,,0,,0.5,0.477,betparx,OVER,105.0,predict.py:raw,"{""0"": 0.3655365536553655, ""1"": 0.39303930393039305, ""2"": 0.155015501550155, ""3"": 0.0319031903190319, ""4"": 0.007300730073007301, ""5"": 0.0089008900890089, ""6"": 0.006700670067006701, ""7"": 0.0065006500650065, ""8"": 0.009000900090009, ""9"": 0.007900790079007902, ""10"": 0.008200820082008202}"
176,Rudy Gobert,MIN,18,SAS,False,21707973,Minnesota Timberwolves @ San Antonio Spurs,,stl,starter,derived_from_projected_minutes,3.0,0.0,,1.0,,0,,0.5,0.588,draftkings,OVER,-133.0,predict.py:raw,"{""0"": 0.39916008399160086, ""1"": 0.35666433356664334, ""2"": 0.16278372162783722, ""3"": 0.029597040295970406, ""4"": 0.006899310068993101, ""5"": 0.008899110088991101, ""6"": 0.0058994100589941, ""7"": 0.006199380061993801, ""8"": 0.0086991300869913, ""9"": 0.0073992600739926015, ""10"": 0.0077992200779922}"
176,Rudy Gobert,MIN,18,SAS,False,21707973,Minnesota Timberwolves @ San Antonio Spurs,,blk,starter,derived_from_projected_minutes,3.0,0.0,,1.0,,0,,1.5,0.4158,betmgm,UNDER,-157.0,predict.py:raw,"{""0"": 0.3625, ""1"": 0.3007, ""2"": 0.1928, ""3"": 0.0853, ""4"": 0.0088, ""5"": 0.0088, ""6"": 0.0072, ""7"": 0.0073, ""8"": 0.0092, ""9"": 0.0086, ""10"": 0.0088}"
38017649,Julian Champagnie,SAS,27,MIN,True,21707973,Minnesota Timberwolves @ San Antonio Spurs,,reb,rotation,derived_from_projected_minutes,2.0,0.0,,4.0,,0,,5.5,0.444,fanduel,UNDER,-135.0,predict.py:pmf_cal,"{""0"": 0.02954727564102564, ""1"": 0.06360176282051283, ""2"": 0.11678685897435898, ""3"": 0.1590544871794872, ""4"": 0.15885416666666666, ""5"": 0.1556490384615385, ""6"": 0.11598557692307693, ""7"": 0.08133012820512821, ""8"": 0.05298477564102565, ""9"": 0.029747596153846156, ""10"": 0.01842948717948718, ""11"": 0.01061698717948718, ""12"": 0.004607371794871795, ""13"": 0.0016025641025641027, ""14"": 0.0012019230769230768}"
38017649,Julian Champagnie,SAS,27,MIN,True,21707973,Minnesota Timberwolves @ San Antonio Spurs,,fg3m,rotation,derived_from_projected_minutes,2.0,0.0,,1.0,,0,,1.5,0.5971,draftkings,UNDER,142.0,predict.py:pmf_cal,"{""0"": 0.21352135213521353, ""1"": 0.33823382338233826, ""2"": 0.24022402240224025, ""3"": 0.12201220122012202, ""4"": 0.06270627062706272, ""15"": 0.023302330233023305}"
38017649,Julian Champagnie,SAS,27,MIN,True,21707973,Minnesota Timberwolves @ San Antonio Spurs,,stl,rotation,derived_from_projected_minutes,2.0,0.0,,0.0,,0,,0.5,0.5758,draftkings,UNDER,125.0,predict.py:raw,"{""0"": 0.6790320967903211, ""1"": 0.19468053194680535, ""2"": 0.0963903609639036, ""3"": 0.0038996100389961, ""4"": 0.0033996600339966003, ""5"": 0.0038996100389961, ""6"": 0.0031996800319968005, ""7"": 0.0034996500349965005, ""8"": 0.0040995900409959, ""9"": 0.0038996100389961, ""10"": 0.003999600039996}"
38017649,Julian Champagnie,SAS,27,MIN,True,21707973,Minnesota Timberwolves @ San Antonio Spurs,,blk,rotation,derived_from_projected_minutes,2.0,0.0,,1.0,,0,,0.5,0.3409,betmgm,OVER,185.0,predict.py:raw,"{""0"": 0.3304, ""1"": 0.386, ""2"": 0.2208, ""3"": 0.0074, ""4"": 0.0075, ""5"": 0.0087, ""6"": 0.0067, ""7"": 0.0072, ""8"": 0.0089, ""9"": 0.0079, ""10"": 0.0085}"
667378,Naz Reid,MIN,18,SAS,False,21707973,Minnesota Timberwolves @ San Antonio Spurs,,reb,rotation,derived_from_projected_minutes,2.0,0.0,,6.0,,0,,6.5,0.4557,betmgm,UNDER,-125.0,predict.py:pmf_cal,"{""0"": 0.020630946419629446, ""1"": 0.03575363044566851, ""2"": 0.06079118678017026, ""3"": 0.09624436654982475, ""4"": 0.11296945418127191, ""5"": 0.1358037055583375, ""6"": 0.14641962944416625, ""7"": 0.11066599899849776, ""8"": 0.09934902353530296, ""9"": 0.07060590886329494, ""10"": 0.04026039058587882, ""11"": 0.028943415122684026, ""12"": 0.01902854281422133, ""13"": 0.011116675012518779, ""14"": 0.004606910365548323, ""15"": 0.004006009013520281, ""16"": 0.0017025538307461191, ""17"": 0.0011016524787180772}"
1028028501,Terrence Shannon Jr.,MIN,18,SAS,False,21707973,Minnesota Timberwolves @ San Antonio Spurs,,reb,bench,derived_from_projected_minutes,1.0,0.0,,2.0,,0,,2.5,0.5147,betway,UNDER,-110.0,predict.py:pmf_cal,"{""0"": 0.195732745667635, ""1"": 0.21917259340879494, ""2"": 0.21857157167184216, ""3"": 0.14654913352699592, ""4"": 0.09996994891315236, ""5"": 0.05238906140438746, ""6"": 0.02945006511068817, ""7"": 0.020935590503856554, ""8"": 0.00951617750175298, ""9"": 0.004106981869177602, ""10"": 0.002203746368827006, ""11"": 0.001402384052889913}"
1028028501,Terrence Shannon Jr.,MIN,18,SAS,False,21707973,Minnesota Timberwolves @ San Antonio Spurs,,stl,bench,derived_from_projected_minutes,1.0,0.0,,0.0,,0,,0.5,0.3938,betway,UNDER,-190.0,predict.py:raw,"{""0"": 0.758024197580242, ""1"": 0.1666833316668333, ""2"": 0.0531946805319468, ""3"": 0.0030996900309969004, ""4"": 0.0027997200279972004, ""5"": 0.0024997500249975004, ""6"": 0.0023997600239976003, ""7"": 0.0023997600239976003, ""8"": 0.0031996800319968005, ""9"": 0.0026997300269973002, ""10"": 0.0029997000299970002}"
1057262518,Dylan Harper,SAS,27,MIN,True,21707973,Minnesota Timberwolves @ San Antonio Spurs,,ast,rotation,derived_from_projected_minutes,2.0,0.0,,2.0,,0,,3.5,0.4035,fanduel,UNDER,-157.0,predict.py:pmf_cal,"{""0"": 0.13448828359703585, ""1"": 0.17574604446224715, ""2"": 0.21229721610254357, ""3"": 0.1878630082114961, ""4"": 0.14249949929901864, ""5"": 0.0799118766272782, ""6"": 0.034748648107350295, ""7"": 0.018626076507109953, ""8"": 0.008612056879631484, ""9"": 0.003004205888243541, ""10"": 0.002203084318045264}"
666682,Keldon Johnson,SAS,27,MIN,True,21707973,Minnesota Timberwolves @ San Antonio Spurs,,pts,bench,derived_from_projected_minutes,1.0,0.0,,8.0,,0,,9.5,0.4661,caesars,UNDER,-120.0,predict.py:pmf_cal,"{""0"": 0.03873486137523771, ""1"": 0.042137924131718546, ""2"": 0.056851166049444506, ""3"": 0.057251526373736365, ""4"": 0.06085476929236313, ""5"": 0.06856170553498149, ""6"": 0.07226503853468122, ""7"": 0.06856170553498149, ""8"": 0.07276548894004604, ""9"": 0.05895305775197678, ""10"": 0.062456210589530575, ""11"": 0.052447202482234015, ""12"": 0.046041437293564205, ""13"": 0.04684215794214794, ""14"": 0.035531978780902806, ""15"": 0.027825042538284453, ""16"": 0.020618556701030927, ""17"": 0.022019817836052447, ""18"": 0.01921729556600941, ""19"": 0.014913422079871884, ""20"": 0.01181062956660995, ""21"": 0.00950855770193174, ""22"": 0.005404864377940147, ""23"": 0.005905314783304975, ""24"": 0.006205585026523871, ""25"": 0.005304774296867181, ""26"": 0.0017015313782404163, ""27"": 0.002101891702532279, ""28"": 0.001201080972875588, ""29"": 0.0020018016214593134, ""31"": 0.001201080972875588, ""44"": 0.0014012611350215194, ""80"": 0.0014012611350215194}"
666682,Keldon Johnson,SAS,27,MIN,True,21707973,Minnesota Timberwolves @ San Antonio Spurs,,stl,bench,derived_from_projected_minutes,1.0,0.0,,0.0,,0,,0.5,0.4496,betparx,UNDER,-143.0,predict.py:raw,"{""0"": 0.6582999999999999, ""1"": 0.27679999999999993, ""2"": 0.034499999999999996, ""3"": 0.003899999999999999, ""4"": 0.0040999999999999995, ""5"": 0.003299999999999999, ""6"": 0.003499999999999999, ""7"": 0.003099999999999999, ""8"": 0.004599999999999999, ""9"": 0.0036999999999999993, ""10"": 0.004199999999999999}"
3547259,Jaden McDaniels,MIN,18,SAS,False,21707973,Minnesota Timberwolves @ San Antonio Spurs,,pts,starter,derived_from_projected_minutes,3.0,0.0,,15.0,,0,,14.5,0.4951,draftkings,OVER,101.0,predict.py:pmf_cal,"{""0"": 0.014507253626813408, ""1"": 0.016208104052026013, ""2"": 0.015007503751875938, ""3"": 0.017508754377188598, ""4"": 0.023611805902951477, ""5"": 0.023711855927963984, ""6"": 0.02801400700350175, ""7"": 0.02751375687843922, ""8"": 0.028714357178589296, ""9"": 0.0352176088044022, ""10"": 0.0415207603801901, ""11"": 0.042821410705352676, ""12"": 0.04272136068034017, ""13"": 0.04912456228114057, ""14"": 0.04702351175587794, ""15"": 0.04742371185592797, ""16"": 0.0496248124062031, ""17"": 0.04402201100550275, ""18"": 0.055327663831915966, ""19"": 0.04442221110555278, ""20"": 0.04702351175587794, ""21"": 0.04042021010505253, ""22"": 0.036818409204602304, ""23"": 0.03171585792896448, ""24"": 0.026713356678339174, ""25"": 0.020010005002501254, ""26"": 0.020510255127563784, ""27"": 0.01680840420210105, ""28"": 0.013406703351675838, ""29"": 0.011905952976488245, ""30"": 0.007903951975987995, ""31"": 0.007503751875937969, ""32"": 0.005102551275637819, ""33"": 0.0032016008004002003, ""34"": 0.002701350675337669, ""35"": 0.004902451225612807, ""36"": 0.0022011005502751376, ""37"": 0.0011005502751375688, ""38"": 0.0020010005002501254, ""40"": 0.001200600300150075, ""48"": 0.0014007003501750877, ""80"": 0.0014007003501750877}"
3547259,Jaden McDaniels,MIN,18,SAS,False,21707973,Minnesota Timberwolves @ San Antonio Spurs,,reb,starter,derived_from_projected_minutes,3.0,0.0,,5.0,,0,,4.5,0.5148,betparx,OVER,-113.0,predict.py:pmf_cal,"{""0"": 0.02543560985379531, ""1"": 0.0431604245944322, ""2"": 0.0792108952533547, ""3"": 0.11405968355697976, ""4"": 0.13729220909272982, ""5"": 0.1381934708592029, ""6"": 0.1354896855597837, ""7"": 0.10444622471460044, ""8"": 0.08692169036651312, ""9"": 0.056679351091528135, ""10"": 0.03575005007009814, ""11"": 0.020829160825155214, ""12"": 0.01001401962747847, ""13"": 0.006408972561586221, ""14"": 0.003304626477067895, ""15"": 0.0017023833366713397, ""16"": 0.0011015421590226317}"
3547259,Jaden McDaniels,MIN,18,SAS,False,21707973,Minnesota Timberwolves @ San Antonio Spurs,,ast,starter,derived_from_projected_minutes,3.0,0.0,,2.0,,0,,2.5,0.4622,betway,UNDER,-118.0,predict.py:pmf_cal,"{""0"": 0.16249499399279135, ""1"": 0.21395674809771728, ""2"": 0.2326792150580697, ""3"": 0.17851421706047257, ""4"": 0.1091309571485783, ""5"": 0.061874249098918706, ""6"": 0.02482979575490589, ""7"": 0.010012014417300761, ""8"": 0.003203844613536244, ""9"": 0.0020024028834601526, ""10"": 0.001301561874249099}"
3547259,Jaden McDaniels,MIN,18,SAS,False,21707973,Minnesota Timberwolves @ San Antonio Spurs,,stl,starter,derived_from_projected_minutes,3.0,0.0,,1.0,,0,,0.5,0.666,draftkings,OVER,-220.0,predict.py:raw,"{""0"": 0.2743725627437256, ""1"": 0.4467553244675532, ""2"": 0.15978402159784022, ""3"": 0.05459454054594541, ""4"": 0.009099090090990901, ""5"": 0.009599040095990401, ""6"": 0.0081991800819918, ""7"": 0.0081991800819918, ""8"": 0.010298970102989701, ""9"": 0.0092990700929907, ""10"": 0.009799020097990201}"
56677822,Victor Wembanyama,SAS,27,MIN,True,21707973,Minnesota Timberwolves @ San Antonio Spurs,,pts,rotation,derived_from_projected_minutes,2.0,0.0,,21.0,,0,,26.5,0.5169,betway,UNDER,100.0,predict.py:pmf_cal,"{""0"": 0.009311173408089707, ""1"": 0.01131357629154986, ""2"": 0.009911894273127754, ""3"": 0.009010812975570683, ""4"": 0.011914297156587907, ""5"": 0.012214657589106928, ""6"": 0.012414897877452943, ""7"": 0.013516219463356027, ""8"": 0.015218261914297156, ""9"": 0.018221866239487385, ""10"": 0.02172607128554265, ""11"": 0.024829795754905886, ""12"": 0.02683219863836604, ""13"": 0.02392871445734882, ""14"": 0.03313976772126551, ""15"": 0.031838205847016424, ""16"": 0.03634361233480176, ""17"": 0.040348418101722065, ""18"": 0.042851421706047256, ""19"": 0.03874649579495394, ""20"": 0.04535442531037245, ""21"": 0.03854625550660793, ""22"": 0.04305166199439327, ""23"": 0.03974769723668402, ""24"": 0.03764517420905086, ""25"": 0.03874649579495394, ""26"": 0.034541449739687625, ""27"": 0.03404084901882259, ""28"": 0.03374048858630357, ""29"": 0.02492991589907889, ""30"": 0.026231477773327995, ""31"": 0.02342811373648378, ""32"": 0.014917901481778134, ""33"": 0.018622346816179414, ""34"": 0.01641970364437325, ""35"": 0.016219463356027232, ""36"": 0.014016820184221065, ""37"": 0.01171405686824189, ""38"": 0.007408890668802563, ""39"": 0.008410092110532638, ""40"": 0.004004805766920304, ""41"": 0.005106127352823388, ""42"": 0.005306367641169403, ""43"": 0.003504205046055266, ""44"": 0.002402883460152182, ""45"": 0.002302763315979175, ""47"": 0.002002402883460152, ""49"": 0.001201441730076091, ""61"": 0.0014016820184221065, ""80"": 0.0014016820184221065}"
56677822,Victor Wembanyama,SAS,27,MIN,True,21707973,Minnesota Timberwolves @ San Antonio Spurs,,reb,rotation,derived_from_projected_minutes,2.0,0.0,,10.0,,0,,12.5,0.4807,fanduel,UNDER,-120.0,predict.py:pmf_cal,"{""0"": 0.007417059236243361, ""1"": 0.010023053021950487, ""2"": 0.013029968928535633, ""3"": 0.020647489225218002, ""4"": 0.03067054224716849, ""5"": 0.04610604390097224, ""6"": 0.06765560789816578, ""7"": 0.07898165781296983, ""8"": 0.08770171394206676, ""9"": 0.10143329658213893, ""10"": 0.11005312218101634, ""11"": 0.08569710333767667, ""12"": 0.0885035581838228, ""13"": 0.0803848852360429, ""14"": 0.04580535231031372, ""15"": 0.03568206875814373, ""16"": 0.033677458153753635, ""17"": 0.02024656710433998, ""18"": 0.015836423774681772, ""19"": 0.010524205673048011, ""20"": 0.005211987571414253, ""21"": 0.0022050716648291074, ""22"": 0.0013029968928535633, ""24"": 0.0012027663626340583}"
56677822,Victor Wembanyama,SAS,27,MIN,True,21707973,Minnesota Timberwolves @ San Antonio Spurs,,ast,rotation,derived_from_projected_minutes,2.0,0.0,,3.0,,0,,3.5,0.4637,fanduel,UNDER,-120.0,predict.py:pmf_cal,"{""0"": 0.10634888844382134, ""1"": 0.16042459443220508, ""2"": 0.18886441017424394, ""3"": 0.16783496895653915, ""4"": 0.1511115561786501, ""5"": 0.09593430803124374, ""6"": 0.06639295013018225, ""7"": 0.030743040256358902, ""8"": 0.01732425395553775, ""9"": 0.009313038253554977, ""10"": 0.002904065691968756, ""11"": 0.0017023833366713397, ""12"": 0.0011015421590226317}"
56677822,Victor Wembanyama,SAS,27,MIN,True,21707973,Minnesota Timberwolves @ San Antonio Spurs,,stl,rotation,derived_from_projected_minutes,2.0,0.0,,1.0,,0,,1.5,0.3372,betparx,UNDER,-215.0,predict.py:raw,"{""0"": 0.3678, ""1"": 0.3626, ""2"": 0.1784, ""3"": 0.0368, ""4"": 0.0073, ""5"": 0.0093, ""6"": 0.0062, ""7"": 0.0065, ""8"": 0.0092, ""9"": 0.0077, ""10"": 0.0082}"
56677822,Victor Wembanyama,SAS,27,MIN,True,21707973,Minnesota Timberwolves @ San Antonio Spurs,,blk,rotation,derived_from_projected_minutes,2.0,0.0,,4.0,,0,,4.5,0.4868,betparx,UNDER,-115.0,predict.py:raw,"{""0"": 0.0469046904690469, ""1"": 0.1706170617061706, ""2"": 0.14151415141514148, ""3"": 0.1382138213821382, ""4"": 0.13411341134113408, ""5"": 0.1289128912891289, ""6"": 0.1315131513151315, ""7"": 0.0365036503650365, ""8"": 0.023102310231023097, ""9"": 0.0238023802380238, ""10"": 0.024802480248024797}"
17896033,Miles McBride,NYK,20,PHI,True,21708674,Philadelphia 76ers @ New York Knicks,,fg3m,bench,derived_from_projected_minutes,1.0,0.0,,2.0,,0,,1.5,0.5193,betway,OVER,-115.0,predict.py:pmf_cal,"{""0"": 0.09149085091490851, ""1"": 0.2526747325267473, ""2"": 0.2632736726327367, ""3"": 0.18888111188881113, ""4"": 0.1045895410458954, ""5"": 0.0423957604239576, ""6"": 0.033396660333966606, ""15"": 0.023297670232976703}"
360,Kelly Oubre Jr.,PHI,23,NYK,False,21708674,Philadelphia 76ers @ New York Knicks,,pts,starter,derived_from_projected_minutes,3.0,0.0,,10.0,,0,,12.5,0.5085,betway,UNDER,102.0,predict.py:pmf_cal,"{""0"": 0.029034841810172206, ""1"": 0.027032438926712053, ""2"": 0.0368442130556668, ""3"": 0.0420504605526632, ""4"": 0.04795754905887064, ""5"": 0.051261513816579896, ""6"": 0.0591710052062475, ""7"": 0.06097316780136164, ""8"": 0.06327593111734081, ""9"": 0.060372446936323584, ""10"": 0.06387665198237885, ""11"": 0.05897076491790148, ""12"": 0.062174609531437726, ""13"": 0.051461754104925914, ""14"": 0.04755706848217861, ""15"": 0.04195034040849019, ""16"": 0.03974769723668402, ""17"": 0.031237484981978373, ""18"": 0.02513015618742491, ""19"": 0.02222667200640769, ""20"": 0.017020424509411294, ""21"": 0.016119343211854223, ""22"": 0.01211453744493392, ""23"": 0.009711653984781738, ""24"": 0.006607929515418502, ""25"": 0.004705646776131358, ""26"": 0.0031037244693632358, ""27"": 0.004305166199439327, ""29"": 0.001201441730076091, ""37"": 0.0014016820184221065, ""80"": 0.0014016820184221065}"
360,Kelly Oubre Jr.,PHI,23,NYK,False,21708674,Philadelphia 76ers @ New York Knicks,,reb,starter,derived_from_projected_minutes,3.0,0.0,,5.0,,0,,5.5,0.4622,betway,UNDER,-118.0,predict.py:pmf_cal,"{""0"": 0.028751753155680227, ""1"": 0.05790422760969746, ""2"": 0.10328591464636347, ""3"": 0.1355439791624925, ""4"": 0.15948707673812867, ""5"": 0.16088960128230817, ""6"": 0.12242035664195554, ""7"": 0.08475255459827691, ""8"": 0.061109997996393516, ""9"": 0.037267080745341616, ""10"": 0.024443999198557408, ""11"": 0.009817671809256663, ""12"": 0.008114606291324385, ""13"": 0.004407934281707074, ""14"": 0.00180324584251653}"
360,Kelly Oubre Jr.,PHI,23,NYK,False,21708674,Philadelphia 76ers @ New York Knicks,,fg3m,starter,derived_from_projected_minutes,3.0,0.0,,1.0,,0,,1.5,0.4484,betway,UNDER,-115.0,predict.py:pmf_cal,"{""0"": 0.2943, ""1"": 0.3405, ""2"": 0.2066, ""3"": 0.0883, ""4"": 0.047, ""15"": 0.0233}"
73,Jalen Brunson,NYK,20,PHI,True,21708674,Philadelphia 76ers @ New York Knicks,,pts,starter,derived_from_projected_minutes,3.0,0.0,,25.0,,0,,26.5,0.5075,betparx,UNDER,-107.0,predict.py:pmf_cal,"{""0"": 0.004203362690152122, ""1"": 0.007606084867894315, ""2"": 0.010208166533226582, ""3"": 0.010908726981585268, ""4"": 0.008606885508406726, ""5"": 0.009607686148919135, ""6"": 0.007606084867894315, ""7"": 0.011809447558046438, ""8"": 0.00990792634107286, ""9"": 0.01321056845476381, ""10"": 0.017614091273018415, ""11"": 0.011909527622097679, ""12"": 0.01401120896717374, ""13"": 0.018214571657325863, ""14"": 0.020416333066453164, ""15"": 0.018514811849479583, ""16"": 0.022017614091273018, ""17"": 0.025920736589271416, ""18"": 0.0283226581265012, ""19"": 0.03292634107285829, ""20"": 0.03282626100880705, ""21"": 0.04123298638911129, ""22"": 0.03072457966373099, ""23"": 0.04643714971977582, ""24"": 0.03883106485188151, ""25"": 0.03893114491593275, ""26"": 0.046637309847878304, ""27"": 0.04983987189751801, ""28"": 0.04233386709367494, ""29"": 0.04603682946357086, ""30"": 0.03923138510808647, ""31"": 0.03422738190552442, ""32"": 0.03342674139311449, ""33"": 0.021617293835068056, ""34"": 0.022317854283426742, ""35"": 0.022718174539631708, ""36"": 0.02101681345076061, ""37"": 0.015312249799839871, ""38"": 0.014811849479583668, ""39"": 0.009607686148919135, ""40"": 0.009007205764611689, ""41"": 0.007405924739791834, ""42"": 0.006104883907125701, ""43"": 0.005804643714971977, ""44"": 0.005204163330664532, ""45"": 0.003903122497998399, ""46"": 0.002201761409127302, ""47"": 0.002802241793434748, ""48"": 0.001801441152922338, ""50"": 0.001301040832666133, ""60"": 0.001401120896717374, ""80"": 0.001401120896717374}"
73,Jalen Brunson,NYK,20,PHI,True,21708674,Philadelphia 76ers @ New York Knicks,,ast,starter,derived_from_projected_minutes,3.0,0.0,,6.0,,0,,6.5,0.4663,draftkings,UNDER,-125.0,predict.py:pmf_cal,"{""0"": 0.026263031275060144, ""1"": 0.029971932638331995, ""2"": 0.053929430633520445, ""3"": 0.08269847634322373, ""4"": 0.12159182036888533, ""5"": 0.14655172413793102, ""6"": 0.14635124298315957, ""7"": 0.13181635926222934, ""8"": 0.09633119486768243, ""9"": 0.06916599839615077, ""10"": 0.04510825982357658, ""11"": 0.023957497995188454, ""12"": 0.015938251804330394, ""13"": 0.005914194065757819, ""14"": 0.002706495589414595, ""15"": 0.0017040898155573374}"
73,Jalen Brunson,NYK,20,PHI,True,21708674,Philadelphia 76ers @ New York Knicks,,fg3m,starter,derived_from_projected_minutes,3.0,0.0,,2.0,,0,,2.5,0.4887,fanduel,UNDER,-112.0,predict.py:pmf_cal,"{""0"": 0.1045895410458954, ""1"": 0.2646735326467353, ""2"": 0.2606739326067393, ""3"": 0.18058194180581943, ""4"": 0.09609039096090391, ""5"": 0.0381961803819618, ""6"": 0.0318968103189681, ""15"": 0.023297670232976703}"
202,Josh Hart,NYK,20,PHI,True,21708674,Philadelphia 76ers @ New York Knicks,,reb,starter,derived_from_projected_minutes,3.0,0.0,,7.0,,0,,8.5,0.5158,fanduel,UNDER,107.0,predict.py:pmf_cal,"{""0"": 0.01212303376415189, ""1"": 0.018635407273820258, ""2"": 0.037170624185953315, ""3"": 0.05360184350265505, ""4"": 0.08135457369001102, ""5"": 0.09618274721971748, ""6"": 0.11872557859933876, ""7"": 0.12353471596032464, ""8"": 0.11191263400460877, ""9"": 0.09728484119827674, ""10"": 0.08516180743412485, ""11"": 0.05380222422602946, ""12"": 0.039875763951507874, ""13"": 0.029255585612664066, ""14"": 0.0210399759543132, ""15"": 0.009417893998597337, ""16"": 0.005510469892796313, ""17"": 0.0031059012123033766, ""18"": 0.002304378318805731}"
202,Josh Hart,NYK,20,PHI,True,21708674,Philadelphia 76ers @ New York Knicks,,ast,starter,derived_from_projected_minutes,3.0,0.0,,4.0,,0,,4.5,0.5783,fanduel,UNDER,125.0,predict.py:pmf_cal,"{""0"": 0.06249374061091638, ""1"": 0.09864797195793693, ""2"": 0.128092138207311, ""3"": 0.1610415623435153, ""4"": 0.16905358037055587, ""5"": 0.13720580871306964, ""6"": 0.09464196294441664, ""7"": 0.07000500751126691, ""8"": 0.04456685027541313, ""9"": 0.018127190786179272, ""10"": 0.00841261892839259, ""11"": 0.004306459689534302, ""12"": 0.0022033049574361548, ""13"": 0.0012018027040560841}"
202,Josh Hart,NYK,20,PHI,True,21708674,Philadelphia 76ers @ New York Knicks,,stl,starter,derived_from_projected_minutes,3.0,0.0,,0.0,,0,,1.5,0.3611,draftkings,UNDER,-186.0,predict.py:raw,"{""0"": 0.5321467853214679, ""1"": 0.29357064293570645, ""2"": 0.1303869613038696, ""3"": 0.004999500049995001, ""4"": 0.0053994600539946005, ""5"": 0.0059994000599940004, ""6"": 0.0047995200479952005, ""7"": 0.004999500049995001, ""8"": 0.006199380061993801, ""9"": 0.005499450054994501, ""10"": 0.0059994000599940004}"
137,Andre Drummond,PHI,23,NYK,False,21708674,Philadelphia 76ers @ New York Knicks,,stl,bench,derived_from_projected_minutes,1.0,0.0,,0.0,,0,,0.5,0.5111,draftkings,UNDER,-110.0,predict.py:raw,"{""0"": 0.693030696930307, ""1"": 0.25427457254274577, ""2"": 0.0254974502549745, ""3"": 0.0034996500349965005, ""4"": 0.0036996300369963007, ""5"": 0.0030996900309969004, ""6"": 0.0030996900309969004, ""7"": 0.0025997400259974, ""8"": 0.0040995900409959, ""9"": 0.0032996700329967, ""10"": 0.0037996200379962005}"
172,Paul George,PHI,23,NYK,False,21708674,Philadelphia 76ers @ New York Knicks,,pts,starter,derived_from_projected_minutes,3.0,0.0,,13.0,,0,,17.5,0.5169,betway,UNDER,100.0,predict.py:pmf_cal,"{""0"": 0.021619457511760587, ""1"": 0.020218196376739064, ""2"": 0.01991792613352017, ""3"": 0.025422880592533278, ""4"": 0.030927835051546393, ""5"": 0.02962666399759784, ""6"": 0.03373035732158943, ""7"": 0.03633269942948654, ""8"": 0.037733960564508055, ""9"": 0.04524071664498048, ""10"": 0.05514963467120409, ""11"": 0.04534080672605345, ""12"": 0.056350715644079674, ""13"": 0.04594134721249125, ""14"": 0.05154639175257732, ""15"": 0.05164648183365029, ""16"": 0.046742067861074967, ""17"": 0.047843058752877594, ""18"": 0.03613251926734061, ""19"": 0.03983585226704034, ""20"": 0.03533179861875688, ""21"": 0.022019817836052447, ""22"": 0.030227204484035635, ""23"": 0.022520268241417275, ""24"": 0.023821439295365832, ""25"": 0.021119007106395755, ""26"": 0.011610449404464016, ""27"": 0.011710539485536985, ""28"": 0.006405765188669804, ""29"": 0.009408467620858773, ""30"": 0.007706936242618357, ""31"": 0.004003603242918627, ""32"": 0.005104594134721249, ""33"": 0.0020018016214593134, ""34"": 0.0028025222700430387, ""35"": 0.002502252026824142, ""37"": 0.0013011710539485536, ""43"": 0.0017015313782404163, ""80"": 0.0014012611350215194}"
172,Paul George,PHI,23,NYK,False,21708674,Philadelphia 76ers @ New York Knicks,,ast,starter,derived_from_projected_minutes,3.0,0.0,,3.0,,0,,3.5,0.5116,betway,UNDER,100.0,predict.py:pmf_cal,"{""0"": 0.09947906231216189, ""1"": 0.15658184732518532, ""2"": 0.18743738729713483, ""3"": 0.1867361250250451, ""4"": 0.15547986375475858, ""5"": 0.10068122620717292, ""6"": 0.05489881787216991, ""7"": 0.03486275295531957, ""8"": 0.015227409336806252, ""9"": 0.005710278501302344, ""10"": 0.0015027048687637748, ""11"": 0.001402524544179523}"
172,Paul George,PHI,23,NYK,False,21708674,Philadelphia 76ers @ New York Knicks,,fg3m,starter,derived_from_projected_minutes,3.0,0.0,,2.0,,0,,2.5,0.55,betmgm,UNDER,120.0,predict.py:pmf_cal,"{""0"": 0.0702, ""1"": 0.2293, ""2"": 0.2698, ""3"": 0.1992, ""4"": 0.1201, ""5"": 0.051, ""6"": 0.0371, ""15"": 0.0233}"
172,Paul George,PHI,23,NYK,False,21708674,Philadelphia 76ers @ New York Knicks,,stl,starter,derived_from_projected_minutes,3.0,0.0,,1.0,,0,,1.5,0.4068,draftkings,UNDER,-160.0,predict.py:raw,"{""0"": 0.27817218278172184, ""1"": 0.39916008399160086, ""2"": 0.21837816218378164, ""3"": 0.0423957604239576, ""4"": 0.008499150084991502, ""5"": 0.010298970102989701, ""6"": 0.006999300069993001, ""7"": 0.0073992600739926015, ""8"": 0.010498950104989501, ""9"": 0.008799120087991202, ""10"": 0.0093990600939906}"
172,Paul George,PHI,23,NYK,False,21708674,Philadelphia 76ers @ New York Knicks,,blk,starter,derived_from_projected_minutes,3.0,0.0,,0.0,,0,,0.5,0.4152,betmgm,UNDER,-158.0,predict.py:raw,"{""0"": 0.6633999999999999, ""1"": 0.27349999999999997, ""2"": 0.03319999999999999, ""3"": 0.003799999999999999, ""4"": 0.0040999999999999995, ""5"": 0.003399999999999999, ""6"": 0.003399999999999999, ""7"": 0.002999999999999999, ""8"": 0.004499999999999999, ""9"": 0.003599999999999999, ""10"": 0.0040999999999999995}"
1057261935,VJ Edgecombe,PHI,23,NYK,False,21708674,Philadelphia 76ers @ New York Knicks,,pts,starter,derived_from_projected_minutes,3.0,0.0,,13.0,,0,,15.5,0.4764,fanduel,UNDER,-122.0,predict.py:pmf_cal,"{""0"": 0.017018720592651918, ""1"": 0.01581739913905296, ""2"": 0.01932125337871659, ""3"": 0.023425768345179697, ""4"": 0.02983281609770748, ""5"": 0.026228851736910603, ""6"": 0.033637000700770844, ""7"": 0.039243167484232656, ""8"": 0.043447792571829014, ""9"": 0.046851536690359394, ""10"": 0.04825307838622485, ""11"": 0.052157373110421464, ""12"": 0.055561117228951844, ""13"": 0.06306937631394534, ""14"": 0.05025528080888978, ""15"": 0.05526078686555211, ""16"": 0.051456602262488736, ""17"": 0.045349884873360696, ""18"": 0.044248673540894984, ""19"": 0.034037441185303836, ""20"": 0.03684052457703474, ""21"": 0.03293622985283812, ""22"": 0.026729402342576834, ""23"": 0.022224446891580738, ""24"": 0.019621583742116328, ""25"": 0.015517068775653219, ""26"": 0.011012113324657123, ""27"": 0.009210131144258685, ""28"": 0.00670737811592752, ""29"": 0.006106717389128041, ""30"": 0.005806387025728301, ""31"": 0.00350385423966363, ""32"": 0.002502753028331164, ""33"": 0.002803083391730904, ""35"": 0.0012013214535989587, ""50"": 0.001401541695865452, ""80"": 0.001401541695865452}"
1057261935,VJ Edgecombe,PHI,23,NYK,False,21708674,Philadelphia 76ers @ New York Knicks,,reb,starter,derived_from_projected_minutes,3.0,0.0,,5.0,,0,,5.5,0.4624,fanduel,UNDER,-110.0,predict.py:pmf_cal,"{""0"": 0.027944711538461543, ""1"": 0.0569911858974359, ""2"": 0.10426682692307694, ""3"": 0.12900641025641027, ""4"": 0.16145833333333337, ""5"": 0.1501402243589744, ""6"": 0.1374198717948718, ""7"": 0.0944511217948718, ""8"": 0.05849358974358975, ""9"": 0.03675881410256411, ""10"": 0.021634615384615388, ""11"": 0.013020833333333336, ""12"": 0.005308493589743591, ""13"": 0.0018028846153846157, ""14"": 0.0013020833333333335}"
1057261935,VJ Edgecombe,PHI,23,NYK,False,21708674,Philadelphia 76ers @ New York Knicks,,ast,starter,derived_from_projected_minutes,3.0,0.0,,3.0,,0,,3.5,0.5083,caesars,UNDER,100.0,predict.py:pmf_cal,"{""0"": 0.10049093277226731, ""1"": 0.15198877867949104, ""2"": 0.17833884380322612, ""3"": 0.17112513776174734, ""4"": 0.15279030157298867, ""5"": 0.10479911832481716, ""6"": 0.07303877366997295, ""7"": 0.036569482015830074, ""8"": 0.0193367398056307, ""9"": 0.006512373509668369, ""10"": 0.002805330127241759, ""11"": 0.0022041879571185253}"
1057261935,VJ Edgecombe,PHI,23,NYK,False,21708674,Philadelphia 76ers @ New York Knicks,,blk,starter,derived_from_projected_minutes,3.0,0.0,,0.0,,0,,0.5,0.3939,draftkings,UNDER,-160.0,predict.py:raw,"{""0"": 0.737752449510098, ""1"": 0.20785842831433715, ""2"": 0.03019396120775845, ""3"": 0.0033993201359728054, ""4"": 0.0030993801239752048, ""5"": 0.0027994401119776045, ""6"": 0.002599480103979204, ""7"": 0.002599480103979204, ""8"": 0.0034993001399720057, ""9"": 0.0028994201159768043, ""10"": 0.0032993401319736052}"
399,Mitchell Robinson,NYK,20,PHI,True,21708674,Philadelphia 76ers @ New York Knicks,,reb,bench,derived_from_projected_minutes,1.0,0.0,,5.0,,0,,6.5,0.5217,fanduel,UNDER,100.0,predict.py:pmf_cal,"{""0"": 0.025954504459364664, ""1"": 0.04699869726425493, ""2"": 0.0684437318368574, ""3"": 0.10361759695360256, ""4"": 0.13778935765106726, ""5"": 0.1327788355546648, ""6"": 0.13959314560577213, ""7"": 0.09900791662491232, ""8"": 0.07605972542338911, ""9"": 0.05631826836356348, ""10"": 0.03547449644252931, ""11"": 0.029061028159134184, ""12"": 0.018438721314760997, ""13"": 0.013227778334502454, ""14"": 0.007515783144603667, ""15"": 0.004609680328690249, ""16"": 0.002605471490129271, ""17"": 0.001002104419280489, ""18"": 0.0015031566289207335}"
18,OG Anunoby,NYK,20,PHI,True,21708674,Philadelphia 76ers @ New York Knicks,,pts,starter,derived_from_projected_minutes,3.0,0.0,,16.0,,0,,17.5,0.5023,fanduel,UNDER,-106.0,predict.py:pmf_cal,"{""0"": 0.014217060472567081, ""1"": 0.013716459751702043, ""2"": 0.015618742490989187, ""3"": 0.016219463356027232, ""4"": 0.018622346816179414, ""5"": 0.025931117340808968, ""6"": 0.023528233880656786, ""7"": 0.020624749699639566, ""8"": 0.02663195835002002, ""9"": 0.03043652382859431, ""10"": 0.03664397276732079, ""11"": 0.042551061273528236, ""12"": 0.04415298358029635, ""13"": 0.04775730877052463, ""14"": 0.04845814977973568, ""15"": 0.05816980376451742, ""16"": 0.05826992390869043, ""17"": 0.0499599519423308, ""18"": 0.056868241890268324, ""19"": 0.04775730877052463, ""20"": 0.04725670804965959, ""21"": 0.04154985983179816, ""22"": 0.03764517420905086, ""23"": 0.028434120945134162, ""24"": 0.030036043251902282, ""25"": 0.027933520224269124, ""26"": 0.017420905086103323, ""27"": 0.01641970364437325, ""28"": 0.010812975570684821, ""29"": 0.009611533840608729, ""30"": 0.0105126151381658, ""31"": 0.006607929515418502, ""32"": 0.005806968362034441, ""33"": 0.004405286343612335, ""34"": 0.0022026431718061676, ""35"": 0.0032038446135362435, ""38"": 0.001201441730076091, ""41"": 0.0014016820184221065, ""80"": 0.0014016820184221065}"
18,OG Anunoby,NYK,20,PHI,True,21708674,Philadelphia 76ers @ New York Knicks,,reb,starter,derived_from_projected_minutes,3.0,0.0,,6.0,,0,,5.5,0.521,fanduel,OVER,-113.0,predict.py:pmf_cal,"{""0"": 0.016925388082123183, ""1"": 0.028042063094641963, ""2"": 0.04156234351527291, ""3"": 0.06990485728592889, ""4"": 0.10375563345017526, ""5"": 0.12899349023535303, ""6"": 0.1259889834752128, ""7"": 0.12919379068602904, ""8"": 0.10425638457686529, ""9"": 0.08602904356534802, ""10"": 0.062293440160240354, ""11"": 0.04216324486730095, ""12"": 0.0257386079118678, ""13"": 0.014722083124687028, ""14"": 0.011917876815222835, ""15"": 0.004206309464196294, ""16"": 0.0022033049574361543, ""17"": 0.002103154732098147}"
18,OG Anunoby,NYK,20,PHI,True,21708674,Philadelphia 76ers @ New York Knicks,,fg3m,starter,derived_from_projected_minutes,3.0,0.0,,2.0,,0,,2.5,0.4702,betway,UNDER,-122.0,predict.py:pmf_cal,"{""0"": 0.0766, ""1"": 0.2384, ""2"": 0.2664, ""3"": 0.1954, ""4"": 0.1161, ""5"": 0.048, ""6"": 0.0358, ""15"": 0.0233}"
18,OG Anunoby,NYK,20,PHI,True,21708674,Philadelphia 76ers @ New York Knicks,,stl,starter,derived_from_projected_minutes,3.0,0.0,,0.0,,0,,1.5,0.4137,betway,UNDER,-152.0,predict.py:raw,"{""0"": 0.5322467753224679, ""1"": 0.2885711428857115, ""2"": 0.13528647135286476, ""3"": 0.005099490050994902, ""4"": 0.005399460053994602, ""5"": 0.005999400059994002, ""6"": 0.004699530046995302, ""7"": 0.004999500049995002, ""8"": 0.006199380061993802, ""9"": 0.0054994500549945015, ""10"": 0.005999400059994002}"
17895858,Quentin Grimes,PHI,23,NYK,False,21708674,Philadelphia 76ers @ New York Knicks,,pts,rotation,derived_from_projected_minutes,2.0,0.0,,7.0,,0,,8.5,0.4675,betway,UNDER,-125.0,predict.py:pmf_cal,"{""0"": 0.06441932579773933, ""1"": 0.06421926577973391, ""2"": 0.058017405221566475, ""3"": 0.06501950585175553, ""4"": 0.0728218465539662, ""5"": 0.08222466740022007, ""6"": 0.0840252075622687, ""7"": 0.07772331699509855, ""8"": 0.07082124637391218, ""9"": 0.0613183955186556, ""10"": 0.05131539461838552, ""11"": 0.05641692507752326, ""12"": 0.04331299389816945, ""13"": 0.02930879263779134, ""14"": 0.03230969290787237, ""15"": 0.020006001800540164, ""16"": 0.021306391917575274, ""17"": 0.008702610783234971, ""18"": 0.009202760828248476, ""19"": 0.009102730819245775, ""20"": 0.0071021306391917585, ""21"": 0.0025007502250675205, ""22"": 0.0029008702610783237, ""23"": 0.0016004801440432132, ""24"": 0.0013003901170351106, ""27"": 0.0016004801440432132, ""80"": 0.0014004201260378114}"
17895858,Quentin Grimes,PHI,23,NYK,False,21708674,Philadelphia 76ers @ New York Knicks,,reb,rotation,derived_from_projected_minutes,2.0,0.0,,2.0,,0,,2.5,0.5133,fanduel,UNDER,105.0,predict.py:pmf_cal,"{""0"": 0.10598016628268056, ""1"": 0.2037463688270059, ""2"": 0.24110988680757287, ""3"": 0.19152559350896523, ""4"": 0.12220775318040668, ""5"": 0.07011920264449564, ""6"": 0.03395772813783431, ""7"": 0.017730141240108185, ""8"": 0.007512771711910247, ""9"": 0.003906641290193328, ""10"": 0.0022037463688270057}"
17895858,Quentin Grimes,PHI,23,NYK,False,21708674,Philadelphia 76ers @ New York Knicks,,ast,rotation,derived_from_projected_minutes,2.0,0.0,,2.0,,0,,2.5,0.3875,betway,UNDER,-172.0,predict.py:pmf_cal,"{""0"": 0.2132264529058116, ""1"": 0.2702404809619238, ""2"": 0.22545090180360722, ""3"": 0.15200400801603206, ""4"": 0.07965931863727455, ""5"": 0.037374749498997994, ""6"": 0.0156312625250501, ""7"": 0.004208416833667334, ""8"": 0.002204408817635271}"
17895858,Quentin Grimes,PHI,23,NYK,False,21708674,Philadelphia 76ers @ New York Knicks,,stl,rotation,derived_from_projected_minutes,2.0,0.0,,0.0,,0,,0.5,0.4248,betparx,UNDER,-160.0,predict.py:raw,"{""0"": 0.6931306869313069, ""1"": 0.23887611238876114, ""2"": 0.0405959404059594, ""3"": 0.0035996400359964, ""4"": 0.0036996300369963007, ""5"": 0.0029997000299970002, ""6"": 0.0030996900309969004, ""7"": 0.0027997200279972004, ""8"": 0.0040995900409959, ""9"": 0.0032996700329967, ""10"": 0.0037996200379962005}"
17895858,Quentin Grimes,PHI,23,NYK,False,21708674,Philadelphia 76ers @ New York Knicks,,blk,rotation,derived_from_projected_minutes,2.0,0.0,,0.0,,0,,0.5,0.3077,betway,UNDER,-300.0,predict.py:raw,"{""0"": 0.8247175282471753, ""1"": 0.14008599140085992, ""2"": 0.019598040195980403, ""3"": 0.001999800019998, ""4"": 0.0020997900209979003, ""5"": 0.0016998300169983002, ""6"": 0.0017998200179982, ""7"": 0.0015998400159984002, ""8"": 0.0023997600239976003, ""9"": 0.0018998100189981002, ""10"": 0.0020997900209979003}"
3547254,Tyrese Maxey,PHI,23,NYK,False,21708674,Philadelphia 76ers @ New York Knicks,,pts,starter,derived_from_projected_minutes,3.0,0.0,,22.0,,0,,26.5,0.512,betway,UNDER,-104.0,predict.py:pmf_cal,"{""0"": 0.009012617664730622, ""1"": 0.008511916683356699, ""2"": 0.009313038253554977, ""3"": 0.010314440216302824, ""4"": 0.012317244141798517, ""5"": 0.008511916683356699, ""6"": 0.01191668335669938, ""7"": 0.011015421590226315, ""8"": 0.014219907871019427, ""9"": 0.014420188263568995, ""10"": 0.014520328459843782, ""11"": 0.017624674544362107, ""12"": 0.018525936310835166, ""13"": 0.02363308632084919, ""14"": 0.02413378730222311, ""15"": 0.029140797115962347, ""16"": 0.03745243340676948, ""17"": 0.030542759863809332, ""18"": 0.03544962948127378, ""19"": 0.04386140596835569, ""20"": 0.04025635890246344, ""21"": 0.04596435009012618, ""22"": 0.045663929501301825, ""23"": 0.04065691968756258, ""24"": 0.04105748047266173, ""25"": 0.04155818145403565, ""26"": 0.04035649909873824, ""27"": 0.04045663929501302, ""28"": 0.03845383536951732, ""29"": 0.028339675545764068, ""30"": 0.03124374123773282, ""31"": 0.025936310835169236, ""32"": 0.024834768676146604, ""33"": 0.023733226517123972, ""34"": 0.016122571600240335, ""35"": 0.017824954936911674, ""36"": 0.013318646104546363, ""37"": 0.01191668335669938, ""38"": 0.009513318646104546, ""39"": 0.010414580412577607, ""40"": 0.0071099539355097136, ""41"": 0.0053074304025635885, ""42"": 0.00490686961746445, ""43"": 0.0028039254956939716, ""44"": 0.001902663729220909, ""46"": 0.0018025235329461244, ""48"": 0.001301822551572201, ""63"": 0.0014019627478469858, ""80"": 0.0014019627478469858}"
3547254,Tyrese Maxey,PHI,23,NYK,False,21708674,Philadelphia 76ers @ New York Knicks,,reb,starter,derived_from_projected_minutes,3.0,0.0,,3.0,,0,,3.5,0.5497,betmgm,UNDER,116.0,predict.py:pmf_cal,"{""0"": 0.05057079911876628, ""1"": 0.11996795513719208, ""2"": 0.17133987582615665, ""3"": 0.19847786901662326, ""4"": 0.17905067093931504, ""5"": 0.11566192669737634, ""6"": 0.06929701582215102, ""7"": 0.046865611856599244, ""8"": 0.024834768676146608, ""9"": 0.011716402964149811, ""10"": 0.008411776487081914, ""11"": 0.002403364710594833, ""12"": 0.0014019627478469858}"
3547254,Tyrese Maxey,PHI,23,NYK,False,21708674,Philadelphia 76ers @ New York Knicks,,ast,starter,derived_from_projected_minutes,3.0,0.0,,4.0,,0,,5.5,0.5678,betway,UNDER,122.0,predict.py:pmf_cal,"{""0"": 0.04897346019028542, ""1"": 0.08082123184777165, ""2"": 0.11977966950425638, ""3"": 0.15142714071106658, ""4"": 0.1659489233850776, ""5"": 0.14912368552829244, ""6"": 0.10896344516775161, ""7"": 0.07691537305958937, ""8"": 0.04616925388082123, ""9"": 0.025938908362543815, ""10"": 0.0157235853780671, ""11"": 0.006009013520280421, ""12"": 0.002804206309464196, ""13"": 0.001402103154732098}"
3547254,Tyrese Maxey,PHI,23,NYK,False,21708674,Philadelphia 76ers @ New York Knicks,,fg3m,starter,derived_from_projected_minutes,3.0,0.0,,2.0,,0,,2.5,0.5439,fanatics,UNDER,111.0,predict.py:pmf_cal,"{""0"": 0.10381038103810382, ""1"": 0.26372637263726373, ""2"": 0.2613261326132613, ""3"": 0.18101810181018102, ""4"": 0.0965096509650965, ""5"": 0.038303830383038306, ""6"": 0.032003200320032, ""15"": 0.0233023302330233}"
3547254,Tyrese Maxey,PHI,23,NYK,False,21708674,Philadelphia 76ers @ New York Knicks,,stl,starter,derived_from_projected_minutes,3.0,0.0,,1.0,,0,,1.5,0.3642,betparx,UNDER,-183.0,predict.py:raw,"{""0"": 0.37963796379637965, ""1"": 0.3651365136513652, ""2"": 0.18431843184318433, ""3"": 0.018101810181018106, ""4"": 0.008100810081008101, ""5"": 0.008100810081008101, ""6"": 0.006000600060006001, ""7"": 0.006800680068006801, ""8"": 0.008500850085008503, ""9"": 0.007400740074007402, ""10"": 0.007900790079007902}"
3547254,Tyrese Maxey,PHI,23,NYK,False,21708674,Philadelphia 76ers @ New York Knicks,,blk,starter,derived_from_projected_minutes,3.0,0.0,,0.0,,0,,0.5,0.5188,betparx,UNDER,100.0,predict.py:raw,"{""0"": 0.6432356764323566, ""1"": 0.2857714228577142, ""2"": 0.039096090390960896, ""3"": 0.0041995800419958, ""4"": 0.0041995800419958, ""5"": 0.0035996400359963993, ""6"": 0.0035996400359963993, ""7"": 0.0032996700329966998, ""8"": 0.004799520047995199, ""9"": 0.0037996200379961996, ""10"": 0.0043995600439956}"
61,Mikal Bridges,NYK,20,PHI,True,21708674,Philadelphia 76ers @ New York Knicks,,pts,rotation,derived_from_projected_minutes,2.0,0.0,,11.0,,0,,11.5,0.5127,betmgm,UNDER,100.0,predict.py:pmf_cal,"{""0"": 0.03423080772695426, ""1"": 0.03433089780802722, ""2"": 0.03903513161845661, ""3"": 0.04043639275347813, ""4"": 0.041437293564207785, ""5"": 0.041237113402061855, ""6"": 0.04534080672605345, ""7"": 0.05294765288759884, ""8"": 0.05575017515764188, ""9"": 0.05404864377940146, ""10"": 0.05294765288759884, ""11"": 0.06565909318386548, ""12"": 0.06085476929236313, ""13"": 0.05464918426583926, ""14"": 0.050245220698628766, ""15"": 0.05194675207686918, ""16"": 0.04073666299669703, ""17"": 0.03653287959163247, ""18"": 0.026023421078971074, ""19"": 0.027124411970773695, ""20"": 0.01901711540386348, ""21"": 0.017916124512060854, ""22"": 0.015814232809528577, ""23"": 0.00950855770193174, ""24"": 0.009408467620858773, ""25"": 0.006205585026523871, ""26"": 0.002602342107897107, ""27"": 0.003603242918626764, ""28"": 0.003903513161845661, ""29"": 0.002502252026824142, ""32"": 0.001201080972875588, ""38"": 0.0014012611350215194, ""80"": 0.0014012611350215194}"
61,Mikal Bridges,NYK,20,PHI,True,21708674,Philadelphia 76ers @ New York Knicks,,ast,rotation,derived_from_projected_minutes,2.0,0.0,,2.0,,0,,2.5,0.489,betway,UNDER,-104.0,predict.py:pmf_cal,"{""0"": 0.1673175127665966, ""1"": 0.21768298788424956, ""2"": 0.22859717632922802, ""3"": 0.1651146490437569, ""4"": 0.10673876038850506, ""5"": 0.06248122559327125, ""6"": 0.030339441273655756, ""7"": 0.012616401321718235, ""8"": 0.005306898968659258, ""9"": 0.0024031240612796636, ""10"": 0.0014018223690798039}"
61,Mikal Bridges,NYK,20,PHI,True,21708674,Philadelphia 76ers @ New York Knicks,,fg3m,rotation,derived_from_projected_minutes,2.0,0.0,,1.0,,0,,1.5,0.4721,fanduel,UNDER,-124.0,predict.py:pmf_cal,"{""0"": 0.3544, ""1"": 0.347, ""2"": 0.1883, ""3"": 0.087, ""15"": 0.0233}"
61,Mikal Bridges,NYK,20,PHI,True,21708674,Philadelphia 76ers @ New York Knicks,,blk,rotation,derived_from_projected_minutes,2.0,0.0,,0.0,,0,,0.5,0.4295,betparx,UNDER,-130.0,predict.py:raw,"{""0"": 0.638, ""1"": 0.2936, ""2"": 0.0365, ""3"": 0.0041, ""4"": 0.0043, ""5"": 0.0036, ""6"": 0.0036, ""7"": 0.0032, ""8"": 0.0048, ""9"": 0.0039, ""10"": 0.0044}"
447,Karl-Anthony Towns,NYK,20,PHI,True,21708674,Philadelphia 76ers @ New York Knicks,,pts,rotation,derived_from_projected_minutes,2.0,0.0,,16.0,,0,,18.5,0.523,fanduel,UNDER,101.0,predict.py:pmf_cal,"{""0"": 0.013709596717702393, ""1"": 0.012308616031221856, ""2"": 0.014510157109976985, ""3"": 0.013509456619633743, ""4"": 0.017712398679075352, ""5"": 0.01961372961072751, ""6"": 0.022715901130791555, ""7"": 0.02261583108175723, ""8"": 0.027719403582507754, ""9"": 0.03102171520064045, ""10"": 0.03732612828980286, ""11"": 0.04132893025117583, ""12"": 0.04303012108475933, ""13"": 0.047433203242269587, ""14"": 0.04603222255578905, ""15"": 0.056339437606324434, ""16"": 0.05343740618432904, ""17"": 0.05443810667467227, ""18"": 0.048333833683578506, ""19"": 0.04523166216351446, ""20"": 0.04793355348744121, ""21"": 0.03772640848594016, ""22"": 0.03652556789752827, ""23"": 0.040028019613729614, ""24"": 0.022515761032722906, ""25"": 0.02731912338637046, ""26"": 0.020014009806864807, ""27"": 0.018713099169418594, ""28"": 0.013709596717702393, ""29"": 0.012208545982187532, ""30"": 0.013309316521565095, ""31"": 0.008005603922745923, ""32"": 0.008205744020814571, ""33"": 0.007104973481437006, ""34"": 0.003802661863304313, ""35"": 0.0049034324026818775, ""36"": 0.0016011207845491847, ""37"": 0.0018012608826178324, ""38"": 0.0010007004903432404, ""39"": 0.0013009106374462123, ""41"": 0.0011007705393775644, ""50"": 0.0014009806864805365, ""80"": 0.0014009806864805365}"
447,Karl-Anthony Towns,NYK,20,PHI,True,21708674,Philadelphia 76ers @ New York Knicks,,reb,rotation,derived_from_projected_minutes,2.0,0.0,,9.0,,0,,11.5,0.4525,fanduel,UNDER,-133.0,predict.py:pmf_cal,"{""0"": 0.00951617750175298, ""1"": 0.012020434739056396, ""2"": 0.014224181107883403, ""3"": 0.02313933687268356, ""4"": 0.030451768005609538, ""5"": 0.04768105779825704, ""6"": 0.0705198838024642, ""7"": 0.0899529199639387, ""8"": 0.09966943804467596, ""9"": 0.10838425323049185, ""10"": 0.10768306120404689, ""11"": 0.09446058299108484, ""12"": 0.07973555043574077, ""13"": 0.06270660122207754, ""14"": 0.048983271561654815, ""15"": 0.0363618150856456, ""16"": 0.02384052889912852, ""17"": 0.015025543423820495, ""18"": 0.010918561554642893, ""19"": 0.006511068816988881, ""20"": 0.003906641290193328, ""21"": 0.0020034057898427327, ""22"": 0.0023039166583191427}"
447,Karl-Anthony Towns,NYK,20,PHI,True,21708674,Philadelphia 76ers @ New York Knicks,,fg3m,rotation,derived_from_projected_minutes,2.0,0.0,,2.0,,0,,1.5,0.4885,draftkings,OVER,-101.0,predict.py:pmf_cal,"{""0"": 0.1405, ""1"": 0.3017, ""2"": 0.2555, ""3"": 0.1632, ""4"": 0.0716, ""5"": 0.0442, ""15"": 0.0233}"
18,OG Anunoby,NYK,20,PHI,True,21708674,Philadelphia 76ers @ New York Knicks,,tov,,phase12_stat_grid,,,,,,0,12.0,,,,MODEL_ONLY,,stat_grid:pmf_sim_v1+role_aware_pmf_cal_v1:starter,"{""0"": 0.36084592878095284, ""1"": 0.32913567068565514, ""2"": 0.18212083413164382, ""3"": 0.08341600726655464, ""4"": 0.029588104999028274, ""5"": 0.009939117172576131, ""6"": 0.003361597477260934, ""7"": 0.00116046384070476, ""8"": 6.88012038446713e-05, ""9"": 4.0284535616808104e-05, ""10"": 3.302881005909332e-05, ""11"": 8.649758797480991e-06, ""12"": 0.0002815113373055932}"
61,Mikal Bridges,NYK,20,PHI,True,21708674,Philadelphia 76ers @ New York Knicks,,tov,,phase12_stat_grid,,,,,,0,12.0,,,,MODEL_ONLY,,stat_grid:pmf_sim_v1+role_aware_pmf_cal_v1:core,"{""0"": 0.4013622348993815, ""1"": 0.32257158602365144, ""2"": 0.17880052217682443, ""3"": 0.06800943666766217, ""4"": 0.02121604234251121, ""5"": 0.005471359992173477, ""6"": 0.0017233006742508508, ""7"": 0.00039127830413844506, ""8"": 8.249570460302006e-05, ""9"": 0.00010727680692793213, ""10"": 0.0001374074756184403, ""12"": 0.00012705893225708976}"
73,Jalen Brunson,NYK,20,PHI,True,21708674,Philadelphia 76ers @ New York Knicks,,tov,,phase12_stat_grid,,,,,,0,12.0,,,,MODEL_ONLY,,stat_grid:pmf_sim_v1+role_aware_pmf_cal_v1:starter,"{""0"": 0.15235475363579276, ""1"": 0.1814999501564703, ""2"": 0.23000379064894916, ""3"": 0.20065096091497375, ""4"": 0.1118529322898936, ""5"": 0.0686179036835874, ""6"": 0.031776260738264506, ""7"": 0.013822646894567928, ""8"": 0.006662911867772301, ""9"": 0.0016392944118292954, ""10"": 0.0006085580829014064, ""11"": 0.00010672351673383984, ""12"": 0.0004033131582638041}"
104,Mike Conley,MIN,18,SAS,False,21707973,Minnesota Timberwolves @ San Antonio Spurs,,tov,,phase12_stat_grid,,,,,,0,12.0,,,,MODEL_ONLY,,stat_grid:pmf_sim_v1+role_aware_pmf_cal_v1:rotation,"{""0"": 0.46224620128111205, ""1"": 0.332943592701255, ""2"": 0.14576423480271927, ""3"": 0.04417958764583218, ""4"": 0.011454171838091111, ""5"": 0.002689001038618729, ""6"": 0.0004973240699633617, ""7"": 3.361040860946748e-05, ""8"": 1.6978949753546946e-05, ""9"": 1.9658542721686483e-06, ""11"": 5.5635516277920987e-05, ""12"": 0.00011769589349529102}"
137,Andre Drummond,PHI,23,NYK,False,21708674,Philadelphia 76ers @ New York Knicks,,tov,,phase12_stat_grid,,,,,,0,12.0,,,,MODEL_ONLY,,stat_grid:pmf_sim_v1+role_aware_pmf_cal_v1:fringe,"{""0"": 0.6328768441358629, ""1"": 0.23239372557508484, ""2"": 0.09091145997779075, ""3"": 0.03148142778009029, ""4"": 0.00841830939673447, ""5"": 0.002906730066992251, ""6"": 0.0003313894926587613, ""7"": 0.0001776984049275437, ""8"": 3.7890829994082664e-05, ""9"": 5.425005726782567e-05, ""10"": 1.8083352422689254e-05, ""12"": 0.0003921909301735924}"
161,De'Aaron Fox,SAS,27,MIN,True,21707973,Minnesota Timberwolves @ San Antonio Spurs,,tov,,phase12_stat_grid,,,,,,0,12.0,,,,MODEL_ONLY,,stat_grid:pmf_sim_v1+role_aware_pmf_cal_v1:starter,"{""0"": 0.12482171076382091, ""1"": 0.1614346677216463, ""2"": 0.20455485049704367, ""3"": 0.20660217311279305, ""4"": 0.145073664410007, ""5"": 0.08325740365524645, ""6"": 0.04226535843830467, ""7"": 0.020407624716568797, ""8"": 0.008613123381788075, ""9"": 0.001771875994356136, ""10"": 0.0007002176822604123, ""11"": 0.00012514909507608174, ""12"": 0.00037218053108852337}"
172,Paul George,PHI,23,NYK,False,21708674,Philadelphia 76ers @ New York Knicks,,tov,,phase12_stat_grid,,,,,,0,12.0,,,,MODEL_ONLY,,stat_grid:pmf_sim_v1+role_aware_pmf_cal_v1:starter,"{""0"": 0.2127547302697317, ""1"": 0.19444491519487192, ""2"": 0.24417416035078074, ""3"": 0.1696747937176075, ""4"": 0.09907370506067724, ""5"": 0.04705679941497063, ""6"": 0.021116342147332542, ""7"": 0.008136853717074973, ""8"": 0.002021373892848291, ""9"": 0.0009360132918154084, ""10"": 0.00021318013718618704, ""11"": 7.394289894082846e-05, ""12"": 0.00032318990616216753}"
176,Rudy Gobert,MIN,18,SAS,False,21707973,Minnesota Timberwolves @ San Antonio Spurs,,tov,,phase12_stat_grid,,,,,,0,12.0,,,,MODEL_ONLY,,stat_grid:pmf_sim_v1+role_aware_pmf_cal_v1:starter,"{""0"": 0.28769147097121095, ""1"": 0.2817536983546637, ""2"": 0.23659732495771735, ""3"": 0.12080023169623916, ""4"": 0.04752529175654348, ""5"": 0.015671221001734383, ""6"": 0.006850512995582983, ""7"": 0.0018791814314391096, ""8"": 0.0007880438967474442, ""9"": 6.437956173407695e-05, ""10"": 8.415740088558971e-05, ""11"": 4.3248793987099634e-06, ""12"": 0.00029016109610307416}"
202,Josh Hart,NYK,20,PHI,True,21708674,Philadelphia 76ers @ New York Knicks,,tov,,phase12_stat_grid,,,,,,0,12.0,,,,MODEL_ONLY,,stat_grid:pmf_sim_v1+role_aware_pmf_cal_v1:starter,"{""0"": 0.2409855096064559, ""1"": 0.26080933763380487, ""2"": 0.24203190730596408, ""3"": 0.13942480117106307, ""4"": 0.0719625693424077, ""5"": 0.02783171156216091, ""6"": 0.010566052348630976, ""7"": 0.004397106878924291, ""8"": 0.0011805132721142161, ""9"": 0.0004179804305497561, ""10"": 9.802447242230624e-05, ""11"": 8.649758797419925e-06, ""12"": 0.0002858362167043642}"
261,Luke Kornet,SAS,27,MIN,True,21707973,Minnesota Timberwolves @ San Antonio Spurs,,tov,,phase12_stat_grid,,,,,,0,12.0,,,,MODEL_ONLY,,stat_grid:pmf_sim_v1+role_aware_pmf_cal_v1:bench,"{""0"": 0.6138295339632114, ""1"": 0.26595933456609155, ""2"": 0.09409246973835168, ""3"": 0.017801040630231465, ""4"": 0.00598300900702788, ""5"": 0.0016482605392773371, ""6"": 0.0004535791397185162, ""7"": 2.9135728036958778e-05, ""8"": 8.865109549699414e-06, ""9"": 6.29073367087306e-06, ""11"": 4.4508413022336785e-05, ""12"": 0.00014397243181054497}"
360,Kelly Oubre Jr.,PHI,23,NYK,False,21708674,Philadelphia 76ers @ New York Knicks,,tov,,phase12_stat_grid,,,,,,0,12.0,,,,MODEL_ONLY,,stat_grid:pmf_sim_v1+role_aware_pmf_cal_v1:starter,"{""0"": 0.35218958664310496, ""1"": 0.26088905757982295, ""2"": 0.19898570874724036, ""3"": 0.11509943584726341, ""4"": 0.047204228918943124, ""5"": 0.01891750118651994, ""6"": 0.0048467496737284056, ""7"": 0.0012881037337187159, ""8"": 0.00020744713856972382, ""9"": 6.904479678925827e-05, ""10"": 1.297463819612989e-05, ""12"": 0.00029016109610307416}"
387,Julius Randle,MIN,18,SAS,False,21707973,Minnesota Timberwolves @ San Antonio Spurs,,tov,,phase12_stat_grid,,,,,,0,12.0,,,,MODEL_ONLY,,stat_grid:pmf_sim_v1+role_aware_pmf_cal_v1:starter,"{""0"": 0.09668121538086992, ""1"": 0.13386478498262197, ""2"": 0.19432585126751198, ""3"": 0.2183946616941556, ""4"": 0.17270369030138535, ""5"": 0.0960408982496615, ""6"": 0.055276226476820504, ""7"": 0.02171560845787953, ""8"": 0.007821438415317647, ""9"": 0.0016964591802613388, ""10"": 0.0009691289185171245, ""11"": 0.00012677094143136465, ""12"": 0.0003832657335662793}"
399,Mitchell Robinson,NYK,20,PHI,True,21708674,Philadelphia 76ers @ New York Knicks,,tov,,phase12_stat_grid,,,,,,0,12.0,,,,MODEL_ONLY,,stat_grid:pmf_sim_v1+role_aware_pmf_cal_v1:bench,"{""0"": 0.5601458984761234, ""1"": 0.2762717640847312, ""2"": 0.12962096002863788, ""3"": 0.026967446661615817, ""4"": 0.0058052911902434475, ""5"": 0.0009187471235554346, ""6"": 7.512085658920903e-05, ""7"": 6.29073367087306e-06, ""10"": 4.450841302233678e-05, ""12"": 0.00014397243181054495}"
447,Karl-Anthony Towns,NYK,20,PHI,True,21708674,Philadelphia 76ers @ New York Knicks,,tov,,phase12_stat_grid,,,,,,0,12.0,,,,MODEL_ONLY,,stat_grid:pmf_sim_v1+role_aware_pmf_cal_v1:core,"{""0"": 0.12882593295652178, ""1"": 0.15023043984690326, ""2"": 0.23299378266850881, ""3"": 0.2271626843496859, ""4"": 0.1528336983837621, ""5"": 0.06481972408362345, ""6"": 0.02556703690772659, ""7"": 0.012548895727056664, ""8"": 0.0035748007189918265, ""9"": 0.0005450134370765408, ""10"": 0.0003753394011280782, ""11"": 0.00015090830421150126, ""12"": 0.0003717432148034622}"
666682,Keldon Johnson,SAS,27,MIN,True,21707973,Minnesota Timberwolves @ San Antonio Spurs,,tov,,phase12_stat_grid,,,,,,0,12.0,,,,MODEL_ONLY,,stat_grid:pmf_sim_v1+role_aware_pmf_cal_v1:rotation,"{""0"": 0.43924913778388924, ""1"": 0.302557243462326, ""2"": 0.17058785193451992, ""3"": 0.05935621159625723, ""4"": 0.02091536207173373, ""5"": 0.006014235645421241, ""6"": 0.000924721253963162, ""7"": 0.00016934962948107654, ""8"": 3.3610408609467474e-05, ""9"": 1.304724120926516e-05, ""10"": 5.8975628164504325e-06, ""11"": 5.563551627786547e-05, ""12"": 0.00011769589349534652}"
667378,Naz Reid,MIN,18,SAS,False,21707973,Minnesota Timberwolves @ San Antonio Spurs,,tov,,phase12_stat_grid,,,,,,0,12.0,,,,MODEL_ONLY,,stat_grid:pmf_sim_v1+role_aware_pmf_cal_v1:core,"{""0"": 0.2552525599503784, ""1"": 0.2768455057102605, ""2"": 0.2357112445865694, ""3"": 0.12770611134510884, ""4"": 0.05771053633314881, ""5"": 0.03127021313311908, ""6"": 0.008687174635829964, ""7"": 0.004943682566442013, ""8"": 0.001058036051832161, ""9"": 0.00041246549098567604, ""10"": 7.173971687927927e-05, ""11"": 0.00020367154718880067, ""12"": 0.00012705893225708976}"
3547238,Anthony Edwards,MIN,18,SAS,False,21707973,Minnesota Timberwolves @ San Antonio Spurs,,tov,,phase12_stat_grid,,,,,,0,12.0,,,,MODEL_ONLY,,stat_grid:pmf_sim_v1+role_aware_pmf_cal_v1:core,"{""0"": 0.16204926721518428, ""1"": 0.18097354038004282, ""2"": 0.2551594732779013, ""3"": 0.21180618602336834, ""4"": 0.10123287805863737, ""5"": 0.05348938159876254, ""6"": 0.02109080764402739, ""7"": 0.007272814034012752, ""8"": 0.004218720438292684, ""9"": 0.0016419136840117468, ""10"": 0.0005216436979652959, ""11"": 7.801247532233923e-05, ""12"": 0.00046536147247116003}"
3547246,Devin Vassell,SAS,27,MIN,True,21707973,Minnesota Timberwolves @ San Antonio Spurs,,tov,,phase12_stat_grid,,,,,,0,12.0,,,,MODEL_ONLY,,stat_grid:pmf_sim_v1+role_aware_pmf_cal_v1:starter,"{""0"": 0.36450209381923354, ""1"": 0.26792640651268407, ""2"": 0.2037236867787584, ""3"": 0.09369560207984463, ""4"": 0.04640114776378796, ""5"": 0.016308099680784286, ""6"": 0.005348481062939436, ""7"": 0.0014841693596786341, ""8"": 0.0002871230361270155, ""9"": 3.302881005909332e-05, ""10"": 8.649758797480991e-06, ""11"": 0.00012239813581130406, ""12"": 0.00015911320149428917}"
3547254,Tyrese Maxey,PHI,23,NYK,False,21708674,Philadelphia 76ers @ New York Knicks,,tov,,phase12_stat_grid,,,,,,0,12.0,,,,MODEL_ONLY,,stat_grid:pmf_sim_v1+role_aware_pmf_cal_v1:starter,"{""0"": 0.1667520237279313, ""1"": 0.16424866669889193, ""2"": 0.2139784390942987, ""3"": 0.2236371869421118, ""4"": 0.11236574059792466, ""5"": 0.07010369449305982, ""6"": 0.030391394431542675, ""7"": 0.012901712477633378, ""8"": 0.003870287246019893, ""9"": 0.0012211627655172095, ""10"": 0.0001371810771445289, ""11"": 8.937471362488634e-05, ""12"": 0.0003031357342992041}"
3547259,Jaden McDaniels,MIN,18,SAS,False,21707973,Minnesota Timberwolves @ San Antonio Spurs,,tov,,phase12_stat_grid,,,,,,0,12.0,,,,MODEL_ONLY,,stat_grid:pmf_sim_v1+role_aware_pmf_cal_v1:starter,"{""0"": 0.20618340248262645, ""1"": 0.22959058290000692, ""2"": 0.26914203060264114, ""3"": 0.1689059029415944, ""4"": 0.07986347572916529, ""5"": 0.03070766713749106, ""6"": 0.01065260124288544, ""7"": 0.0034080107294848097, ""8"": 0.001048996607939986, ""9"": 0.00010944153541935917, ""10"": 8.90772358446908e-05, ""11"": 1.2974638196129891e-05, ""12"": 0.00028583621670436423}"
17895858,Quentin Grimes,PHI,23,NYK,False,21708674,Philadelphia 76ers @ New York Knicks,,tov,,phase12_stat_grid,,,,,,0,12.0,,,,MODEL_ONLY,,stat_grid:pmf_sim_v1+role_aware_pmf_cal_v1:rotation,"{""0"": 0.3764331798162152, ""1"": 0.295688479953606, ""2"": 0.2083397924255225, ""3"": 0.08251050954174145, ""4"": 0.02475100954096313, ""5"": 0.009308696339157601, ""6"": 0.0021676489794017705, ""7"": 0.0005635363067066784, ""8"": 4.4870882886895004e-05, ""9"": 1.6978949753546946e-05, ""10"": 5.7601370550089635e-05, ""12"": 0.00011769589349529102}"
17895983,Ayo Dosunmu,MIN,18,SAS,False,21707973,Minnesota Timberwolves @ San Antonio Spurs,,tov,,phase12_stat_grid,,,,,,0,12.0,,,,MODEL_ONLY,,stat_grid:pmf_sim_v1+role_aware_pmf_cal_v1:starter,"{""0"": 0.21696006843756693, ""1"": 0.23396799465375545, ""2"": 0.2553261388222626, ""3"": 0.15737026544907004, ""4"": 0.07642274613819822, ""5"": 0.036560523038412285, ""6"": 0.016016447173397175, ""7"": 0.0047874195447784595, ""8"": 0.0015747590112166053, ""9"": 0.0006165049262393122, ""10"": 7.394289894076738e-05, ""11"": 2.4379051261673388e-05, ""12"": 0.0002988108549004941}"
17896033,Miles McBride,NYK,20,PHI,True,21708674,Philadelphia 76ers @ New York Knicks,,tov,,phase12_stat_grid,,,,,,0,12.0,,,,MODEL_ONLY,,stat_grid:pmf_sim_v1+role_aware_pmf_cal_v1:rotation,"{""0"": 0.6371986962504917, ""1"": 0.2681872123214016, ""2"": 0.06989925388319473, ""3"": 0.017725234847122347, ""4"": 0.005809397559904245, ""5"": 0.0008962571670139716, ""6"": 6.940329119685443e-05, ""7"": 2.7032693973248907e-05, ""8"": 1.0248867383745706e-05, ""9"": 5.956722482223052e-05, ""12"": 0.00011769589349529101}"
38017649,Julian Champagnie,SAS,27,MIN,True,21707973,Minnesota Timberwolves @ San Antonio Spurs,,tov,,phase12_stat_grid,,,,,,0,12.0,,,,MODEL_ONLY,,stat_grid:pmf_sim_v1+role_aware_pmf_cal_v1:core,"{""0"": 0.45117486825054354, ""1"": 0.28998155892651956, ""2"": 0.15574033584857755, ""3"": 0.07337318500688497, ""4"": 0.019914437780540507, ""5"": 0.007450846028374564, ""6"": 0.001534541703131467, ""7"": 0.00037598753602134877, ""8"": 0.00016400450332641162, ""9"": 2.576800820454057e-05, ""11"": 0.0001374074756184403, ""12"": 0.00012705893225708976}"
56677822,Victor Wembanyama,SAS,27,MIN,True,21707973,Minnesota Timberwolves @ San Antonio Spurs,,tov,,phase12_stat_grid,,,,,,0,12.0,,,,MODEL_ONLY,,stat_grid:pmf_sim_v1+role_aware_pmf_cal_v1:core,"{""0"": 0.13988238107555184, ""1"": 0.12743841505010714, ""2"": 0.18901232621557235, ""3"": 0.20227594116511194, ""4"": 0.1470386723226909, ""5"": 0.09984447498465782, ""6"": 0.05359516373913239, ""7"": 0.02166453519754969, ""8"": 0.010118015400519063, ""9"": 0.005990991896776727, ""10"": 0.002124146565376607, ""11"": 0.0005273298083530347, ""12"": 0.00048760657860051566}"
1028025261,Stephon Castle,SAS,27,MIN,True,21707973,Minnesota Timberwolves @ San Antonio Spurs,,tov,,phase12_stat_grid,,,,,,0,12.0,,,,MODEL_ONLY,,stat_grid:pmf_sim_v1+role_aware_pmf_cal_v1:core,"{""0"": 0.0962121228705945, ""1"": 0.12033882207998936, ""2"": 0.16296707144669972, ""3"": 0.2052775490703566, ""4"": 0.18220155071942676, ""5"": 0.12341968061809605, ""6"": 0.05877080382198262, ""7"": 0.03251551492428299, ""8"": 0.010537821155201329, ""9"": 0.004899377535113388, ""10"": 0.0018569655640628582, ""11"": 0.0005596038278521468, ""12"": 0.00044311636634180457}"
1028028501,Terrence Shannon Jr.,MIN,18,SAS,False,21707973,Minnesota Timberwolves @ San Antonio Spurs,,tov,,phase12_stat_grid,,,,,,0,12.0,,,,MODEL_ONLY,,stat_grid:pmf_sim_v1+role_aware_pmf_cal_v1:rotation,"{""0"": 0.4326174521416829, ""1"": 0.2853188757632773, ""2"": 0.17764045725739958, ""3"": 0.06855965326188188, ""4"": 0.023066422209538456, ""5"": 0.010345342195276837, ""6"": 0.0018021368234422078, ""7"": 0.00042096447365574507, ""8"": 1.4151194170609906e-05, ""9"": 3.531570708485372e-05, ""10"": 3.931708544281785e-06, ""11"": 5.760137055008963e-05, ""12"": 0.00011769589349529101}"
1057261935,VJ Edgecombe,PHI,23,NYK,False,21708674,Philadelphia 76ers @ New York Knicks,,tov,,phase12_stat_grid,,,,,,0,12.0,,,,MODEL_ONLY,,stat_grid:pmf_sim_v1+role_aware_pmf_cal_v1:starter,"{""0"": 0.2246003118575, ""1"": 0.24299443911583127, ""2"": 0.2511336840845854, ""3"": 0.15561681297856794, ""4"": 0.07850562719964957, ""5"": 0.028899743124592606, ""6"": 0.01215296060967808, ""7"": 0.004038830114064806, ""8"": 0.0014472779732410757, ""9"": 0.0002381324112007206, ""10"": 7.336967618796822e-05, ""11"": 0.00013969765340632708, ""12"": 0.000159113201494167}"
1057262518,Dylan Harper,SAS,27,MIN,True,21707973,Minnesota Timberwolves @ San Antonio Spurs,,tov,,phase12_stat_grid,,,,,,0,12.0,,,,MODEL_ONLY,,stat_grid:pmf_sim_v1+role_aware_pmf_cal_v1:core,"{""0"": 0.27355460752601674, ""1"": 0.2727214287241671, ""2"": 0.2368440349083116, ""3"": 0.1310801472111339, ""4"": 0.0548212583643876, ""5"": 0.019033098469212074, ""6"": 0.007928333227908544, ""7"": 0.0027162496050044723, ""8"": 0.0007359648949328148, ""9"": 0.0001342217924625369, ""10"": 0.0001404208603825728, ""11"": 5.1536016409192164e-05, ""12"": 0.00023869839967087845}"
