pmf_json,player_name,player_id,team,opponent,is_home,game_id,game_start_time,stat,line,book,market_over_odds,market_under_odds,market_no_vig_over_prob,pmf_source,calibration_source,role_bucket,mean,median,mode,p0,p_ge_1,p_ge_2,p_ge_3,p_ge_4,p_ge_5,p_ge_6,p_ge_7,p_ge_8,p_ge_9,p_ge_10,p_ge_11,p_ge_12,p_ge_13,p_ge_14,p_ge_15,p_ge_16,p_ge_17,p_ge_18,p_ge_19,p_ge_20,model_p_over,fair_over_odds_american,fair_under_odds_american,edge,snapshot_type,snapshot_time_utc,model_version,pipeline_run_id,pmf_valid,pmf_sum_error,calibration_confidence,market_coverage_status,tov_status,injury_freshness_status,lineup_freshness_status,role_freshness_status
"{""0"": 0.026547786014826685, ""1"": 0.037467441394510116, ""2"": 0.05660188339010218, ""3"": 0.08775796433580443, ""4"": 0.12001602885193348, ""5"": 0.1563814866760168, ""6"": 0.14756561811260266, ""7"": 0.13143658585453816, ""8"": 0.09036265277499499, ""9"": 0.05900621118012422, ""10"": 0.03917050691244239, ""11"": 0.02614706471648968, ""12"": 0.011520737327188939, ""13"": 0.005610098176718092, ""14"": 0.002504508114606291, ""15"": 0.0019034261671007813}",James Harden,192,CLE,TOR,True,21682000,,ast,,,,,,predict.py:pmf_cal,phase8_role_aware_pmf_cal_v2,starter,5.689441,6,5,0.026547786015,0.973452213985,0.935984772591,0.879382889201,0.791624924865,0.671608896013,0.515227409337,0.367661791224,0.23622520537,0.145862552595,0.086856341415,0.047685834502,0.021538769786,0.010018032458,0.004407934282,0.001903426167,0.0,0.0,0.0,0.0,0.0,,,,,pre_close,2026-05-03T20:34:19Z,002b537#phase10c,6116825e-18b5-4836-8ffc-d3503d32ff9e,ok,0.0,high,full,current_phase8,fresh,projected,derived_from_projected_minutes
"{""0"": 0.10141014101410141, ""1"": 0.26102610261026105, ""2"": 0.2619261926192619, ""3"": 0.18191819181918192, ""4"": 0.0991099109910991, ""5"": 0.039003900390039, ""6"": 0.032303230323032305, ""15"": 0.0233023302330233}",James Harden,192,CLE,TOR,True,21682000,,fg3m,,,,,,predict.py:pmf_cal,phase8_role_aware_pmf_cal_v2,starter,2.465447,2,2,0.101410141014,0.898589858986,0.637563756376,0.375637563756,0.193719371937,0.094609460946,0.055605560556,0.023302330233,0.023302330233,0.023302330233,0.023302330233,0.023302330233,0.023302330233,0.023302330233,0.023302330233,0.023302330233,0.0,0.0,0.0,0.0,0.0,,,,,pre_close,2026-05-03T20:34:19Z,002b537#phase10c,6116825e-18b5-4836-8ffc-d3503d32ff9e,ok,0.0,high,full,current_phase8,fresh,projected,derived_from_projected_minutes
"{""0"": 0.5312000000000001, ""1"": 0.25880000000000003, ""2"": 0.12360000000000002, ""3"": 0.04460000000000001, ""4"": 0.006000000000000001, ""5"": 0.005900000000000001, ""6"": 0.0055000000000000005, ""7"": 0.005200000000000001, ""8"": 0.006900000000000001, ""9"": 0.006000000000000001, ""10"": 0.006300000000000001}",James Harden,192,CLE,TOR,True,21682000,,stl,,,,,,predict.py:raw,phase8_role_aware_pmf_cal_v2,starter,0.9349,0,0,0.5312,0.4688,0.21,0.0864,0.0418,0.0358,0.0299,0.0244,0.0192,0.0123,0.0063,0.0,0.0,0.0,0.0,0.0,0.0,0.0,0.0,0.0,0.0,,,,,pre_close,2026-05-03T20:34:19Z,002b537#phase10c,6116825e-18b5-4836-8ffc-d3503d32ff9e,ok,0.0,high,full,current_phase8,fresh,projected,derived_from_projected_minutes
"{""0"": 0.7553, ""1"": 0.1916, ""2"": 0.0307, ""3"": 0.0032, ""4"": 0.0028, ""5"": 0.0026, ""6"": 0.0024, ""7"": 0.0024, ""8"": 0.0032, ""9"": 0.0027, ""10"": 0.0031}",James Harden,192,CLE,TOR,True,21682000,,blk,,,,,,predict.py:raw,phase8_role_aware_pmf_cal_v2,starter,0.3989,0,0,0.7553,0.2447,0.0531,0.0224,0.0192,0.0164,0.0138,0.0114,0.009,0.0058,0.0031,0.0,0.0,0.0,0.0,0.0,0.0,0.0,0.0,0.0,0.0,,,,,pre_close,2026-05-03T20:34:19Z,002b537#phase10c,6116825e-18b5-4836-8ffc-d3503d32ff9e,ok,0.0,high,full,current_phase8,fresh,projected,derived_from_projected_minutes
"{""0"": 0.007405183628539979, ""1"": 0.010407285099569698, ""2"": 0.008105673971780246, ""3"": 0.00920644451115781, ""4"": 0.007004903432402682, ""5"": 0.011808265786050235, ""6"": 0.010007004903432403, ""7"": 0.01390973681577104, ""8"": 0.013509456619633743, ""9"": 0.011708195737015911, ""10"": 0.01491043730611428, ""11"": 0.01841288902231562, ""12"": 0.01961372961072751, ""13"": 0.02531772240568398, ""14"": 0.02671870309216452, ""15"": 0.028620034023816673, ""16"": 0.03242269588712098, ""17"": 0.03422395676973882, ""18"": 0.04182928049634744, ""19"": 0.044230961673171226, ""20"": 0.05223656559591715, ""21"": 0.04753327329130391, ""22"": 0.04673271289902932, ""23"": 0.04393075152606825, ""24"": 0.05063544481136796, ""25"": 0.0462323626538577, ""26"": 0.03642549784849395, ""27"": 0.03832682878014611, ""28"": 0.035825077554288, ""29"": 0.03682577804463124, ""30"": 0.026918843190233164, ""31"": 0.026918843190233164, ""32"": 0.02181527068948264, ""33"": 0.017812468728109678, ""34"": 0.016311417992594817, ""35"": 0.013709596717702393, ""36"": 0.011808265786050235, ""37"": 0.007505253677574302, ""38"": 0.007805463824677274, ""39"": 0.004603222255578905, ""40"": 0.004603222255578905, ""41"": 0.003002101471029721, ""42"": 0.0031021715200640447, ""43"": 0.0023016111277894525, ""44"": 0.0019013309316521566, ""45"": 0.0018012608826178324, ""49"": 0.0012008405884118883, ""59"": 0.0014009806864805365, ""80"": 0.0014009806864805365}",Donovan Mitchell,322,CLE,TOR,True,21682000,,pts,,,,,,predict.py:pmf_cal,phase8_role_aware_pmf_cal_v2,starter,21.527069,22,20,0.007405183629,0.992594816371,0.982187531272,0.9740818573,0.964875412789,0.957870509357,0.94606224357,0.936055238667,0.922145501851,0.908636045232,0.896927849495,0.882017412189,0.863604523166,0.843990793555,0.81867307115,0.791954368058,0.763334334034,0.730911638147,0.696687681377,0.654858400881,0.610627439207,,,,,pre_close,2026-05-03T20:34:19Z,002b537#phase10c,6116825e-18b5-4836-8ffc-d3503d32ff9e,ok,0.0,high,full,current_phase8,fresh,projected,derived_from_projected_minutes
"{""0"": 0.03224837255883826, ""1"": 0.06119178768152229, ""2"": 0.08933400100150227, ""3"": 0.11927891837756635, ""4"": 0.142914371557336, ""5"": 0.15092638958437657, ""6"": 0.12498748122183274, ""7"": 0.10585878818227341, ""8"": 0.07100650976464698, ""9"": 0.04306459689534301, ""10"": 0.03154732098147221, ""11"": 0.01442163244867301, ""12"": 0.0078117175763645465, ""13"": 0.0034051076614922383, ""14"": 0.0020030045067601404}",Donovan Mitchell,322,CLE,TOR,True,21682000,,reb,,,,,,predict.py:pmf_cal,phase8_role_aware_pmf_cal_v2,starter,5.010716,5,5,0.032248372559,0.967751627441,0.90655983976,0.817225838758,0.697946920381,0.555032548823,0.404106159239,0.279118678017,0.173259889835,0.10225338007,0.059188783175,0.027641462193,0.013219829745,0.005408112168,0.002003004507,0.0,0.0,0.0,0.0,0.0,0.0,,,,,pre_close,2026-05-03T20:34:19Z,002b537#phase10c,6116825e-18b5-4836-8ffc-d3503d32ff9e,ok,0.0,high,full,current_phase8,fresh,projected,derived_from_projected_minutes
"{""0"": 0.1766, ""1"": 0.3162, ""2"": 0.2423, ""3"": 0.1439, ""4"": 0.0592, ""5"": 0.0385, ""15"": 0.0233}",Donovan Mitchell,322,CLE,TOR,True,21682000,,fg3m,,,,,,predict.py:pmf_cal,phase8_role_aware_pmf_cal_v2,starter,2.0113,2,1,0.1766,0.8234,0.5072,0.2649,0.121,0.0618,0.0233,0.0233,0.0233,0.0233,0.0233,0.0233,0.0233,0.0233,0.0233,0.0233,0.0,0.0,0.0,0.0,0.0,,,,,pre_close,2026-05-03T20:34:19Z,002b537#phase10c,6116825e-18b5-4836-8ffc-d3503d32ff9e,ok,0.0,high,full,current_phase8,fresh,projected,derived_from_projected_minutes
"{""0"": 0.5132, ""1"": 0.2762, ""2"": 0.121, ""3"": 0.0453, ""4"": 0.0069, ""5"": 0.0063, ""6"": 0.0057, ""7"": 0.0054, ""8"": 0.0071, ""9"": 0.0062, ""10"": 0.0067}",Donovan Mitchell,322,CLE,TOR,True,21682000,,stl,,,,,,predict.py:raw,phase8_role_aware_pmf_cal_v2,starter,0.9648,0,0,0.5132,0.4868,0.2106,0.0896,0.0443,0.0374,0.0311,0.0254,0.02,0.0129,0.0067,0.0,0.0,0.0,0.0,0.0,0.0,0.0,0.0,0.0,0.0,,,,,pre_close,2026-05-03T20:34:19Z,002b537#phase10c,6116825e-18b5-4836-8ffc-d3503d32ff9e,ok,0.0,high,full,current_phase8,fresh,projected,derived_from_projected_minutes
"{""0"": 0.701, ""1"": 0.1921, ""2"": 0.0792, ""3"": 0.0037, ""4"": 0.0033, ""5"": 0.0033, ""6"": 0.0032, ""7"": 0.0031, ""8"": 0.0039, ""9"": 0.0035, ""10"": 0.0037}",Sam Merrill,3547299,CLE,TOR,True,21682000,,stl,,,,,,predict.py:raw,phase8_role_aware_pmf_cal_v2,rotation,0.5319,0,0,0.701,0.299,0.1069,0.0277,0.024,0.0207,0.0174,0.0142,0.0111,0.0072,0.0037,0.0,0.0,0.0,0.0,0.0,0.0,0.0,0.0,0.0,0.0,,,,,pre_close,2026-05-03T20:34:19Z,002b537#phase10c,6116825e-18b5-4836-8ffc-d3503d32ff9e,ok,0.0,high,full,current_phase8,fresh,projected,derived_from_projected_minutes
"{""0"": 0.03165381147951518, ""1"": 0.05299008314134028, ""2"": 0.09886807572873886, ""3"": 0.11890213362716619, ""4"": 0.1487528798958229, ""5"": 0.14815185815887008, ""6"": 0.1260142241811079, ""7"": 0.10297505759791646, ""8"": 0.06731443453871581, ""9"": 0.0445757788240008, ""10"": 0.026444956425924072, ""11"": 0.01692877892417109, ""12"": 0.007813282580386657, ""13"": 0.004808173895622558, ""14"": 0.0027045978162876893, ""15"": 0.001101873184413503}",Brandon Ingram,227,TOR,CLE,False,21682000,,reb,,,,,,predict.py:pmf_cal,phase8_role_aware_pmf_cal_v2,starter,5.021136,5,4,0.03165381148,0.96834618852,0.915356105379,0.81648802965,0.697585896023,0.548833016127,0.400681157969,0.274666933787,0.17169187619,0.104377441651,0.059801662827,0.033356706401,0.016427927477,0.008614644896,0.003806471001,0.001101873184,0.0,0.0,0.0,0.0,0.0,,,,,pre_close,2026-05-03T20:34:19Z,002b537#phase10c,6116825e-18b5-4836-8ffc-d3503d32ff9e,ok,0.0,high,full,current_phase8,fresh,projected,derived_from_projected_minutes
"{""0"": 0.1146062913243839, ""1"": 0.16599879783610497, ""2"": 0.19715487878180726, ""3"": 0.17701863354037267, ""4"": 0.1313364055299539, ""5"": 0.08685634141454618, ""6"": 0.05630134241634943, ""7"": 0.03185734321779203, ""8"": 0.01873372069725506, ""9"": 0.010418753756762171, ""10"": 0.006611901422560609, ""11"": 0.0018032458425165298, ""12"": 0.0013023442195952714}",Ja'Kobe Walter,1028029111,TOR,CLE,False,21682000,,reb,,,,,,predict.py:pmf_cal,phase8_role_aware_pmf_cal_v2,rotation,2.957023,3,2,0.114606291324,0.885393708676,0.71939491084,0.522240032058,0.345221398517,0.213884992987,0.127028651573,0.070727309156,0.038869965939,0.020136245241,0.009717491485,0.003105590062,0.00130234422,0.0,0.0,0.0,0.0,0.0,0.0,0.0,0.0,,,,,pre_close,2026-05-03T20:34:19Z,002b537#phase10c,6116825e-18b5-4836-8ffc-d3503d32ff9e,ok,0.0,high,full,current_phase8,fresh,projected,derived_from_projected_minutes
"{""0"": 0.1145885411458854, ""1"": 0.27417258274172585, ""2"": 0.25687431256874316, ""3"": 0.17508249175082494, ""4"": 0.08979102089791022, ""5"": 0.0352964703529647, ""6"": 0.030896910308969103, ""15"": 0.023297670232976703}",Ja'Kobe Walter,1028029111,TOR,CLE,False,21682000,,fg3m,,,,,,predict.py:pmf_cal,phase8_role_aware_pmf_cal_v2,rotation,2.383662,2,1,0.114588541146,0.885411458854,0.611238876112,0.354364563544,0.179282071793,0.089491050895,0.054194580542,0.023297670233,0.023297670233,0.023297670233,0.023297670233,0.023297670233,0.023297670233,0.023297670233,0.023297670233,0.023297670233,0.0,0.0,0.0,0.0,0.0,,,,,pre_close,2026-05-03T20:34:19Z,002b537#phase10c,6116825e-18b5-4836-8ffc-d3503d32ff9e,ok,0.0,high,full,current_phase8,fresh,projected,derived_from_projected_minutes
"{""0"": 0.3755375537553755, ""1"": 0.35563556355635567, ""2"": 0.1608160816081608, ""3"": 0.05340534053405341, ""4"": 0.007300730073007301, ""5"": 0.008600860086008601, ""6"": 0.006700670067006701, ""7"": 0.006700670067006701, ""8"": 0.009100910091009102, ""9"": 0.0078007800780078, ""10"": 0.0084008400840084}",Ja'Kobe Walter,1028029111,TOR,CLE,False,21682000,,stl,,,,,,predict.py:raw,phase8_role_aware_pmf_cal_v2,rotation,1.223822,1,0,0.375537553755,0.624462446245,0.268826882688,0.10801080108,0.054605460546,0.047304730473,0.038703870387,0.03200320032,0.025302530253,0.016201620162,0.008400840084,0.0,0.0,0.0,0.0,0.0,0.0,0.0,0.0,0.0,0.0,,,,,pre_close,2026-05-03T20:34:19Z,002b537#phase10c,6116825e-18b5-4836-8ffc-d3503d32ff9e,ok,0.0,high,full,current_phase8,fresh,projected,derived_from_projected_minutes
"{""0"": 0.026226226226226227, ""1"": 0.02842842842842843, ""2"": 0.026226226226226227, ""3"": 0.03993993993993994, ""4"": 0.04214214214214214, ""5"": 0.04754754754754755, ""6"": 0.05445445445445445, ""7"": 0.05905905905905905, ""8"": 0.05925925925925926, ""9"": 0.05905905905905905, ""10"": 0.06816816816816816, ""11"": 0.05905905905905905, ""12"": 0.06656656656656657, ""13"": 0.051451451451451455, ""14"": 0.05045045045045045, ""15"": 0.042942942942942944, ""16"": 0.03863863863863864, ""17"": 0.02972972972972973, ""18"": 0.02872872872872873, ""19"": 0.027427427427427428, ""20"": 0.02062062062062062, ""21"": 0.016716716716716717, ""22"": 0.012612612612612612, ""23"": 0.007707707707707708, ""24"": 0.00820820820820821, ""25"": 0.006806806806806807, ""26"": 0.007407407407407408, ""27"": 0.004004004004004004, ""28"": 0.0016016016016016017, ""29"": 0.0022022022022022024, ""31"": 0.0025025025025025025, ""32"": 0.0013013013013013013, ""44"": 0.0014014014014014013, ""80"": 0.0014014014014014013}",Jarrett Allen,9,CLE,TOR,True,21682000,,pts,,,,,,predict.py:pmf_cal,phase8_role_aware_pmf_cal_v2,rotation,10.951852,10,10,0.026226226226,0.973773773774,0.945345345345,0.919119119119,0.879179179179,0.837037037037,0.789489489489,0.735035035035,0.675975975976,0.616716716717,0.557657657658,0.489489489489,0.43043043043,0.363863863864,0.312412412412,0.261961961962,0.219019019019,0.18038038038,0.150650650651,0.121921921922,0.094494494494,,,,,pre_close,2026-05-03T20:34:19Z,002b537#phase10c,6116825e-18b5-4836-8ffc-d3503d32ff9e,ok,0.0,high,full,current_phase8,fresh,projected,derived_from_projected_minutes
"{""0"": 0.30333933213357334, ""1"": 0.4358128374325136, ""2"": 0.1796640671865627, ""3"": 0.021395720855828835, ""4"": 0.009098180363927217, ""5"": 0.009098180363927217, ""6"": 0.006998600279944012, ""7"": 0.007498500299940013, ""8"": 0.009598080383923216, ""9"": 0.008398320335932815, ""10"": 0.009098180363927217}",Jarrett Allen,9,CLE,TOR,True,21682000,,blk,,,,,,predict.py:raw,phase8_role_aware_pmf_cal_v2,rotation,1.279044,1,1,0.303339332134,0.696660667866,0.260847830434,0.081183763247,0.059788042392,0.050689862028,0.041591681664,0.034593081384,0.027094581084,0.0174965007,0.009098180364,0.0,0.0,0.0,0.0,0.0,0.0,0.0,0.0,0.0,0.0,,,,,pre_close,2026-05-03T20:34:19Z,002b537#phase10c,6116825e-18b5-4836-8ffc-d3503d32ff9e,ok,0.0,high,full,current_phase8,fresh,projected,derived_from_projected_minutes
"{""0"": 0.018229166666666668, ""1"": 0.017427884615384616, ""2"": 0.017127403846153848, ""3"": 0.01953125, ""4"": 0.024138621794871796, ""5"": 0.025941506410256412, ""6"": 0.03335336538461539, ""7"": 0.037259615384615384, ""8"": 0.038161057692307696, ""9"": 0.045072115384615384, ""10"": 0.04607371794871795, ""11"": 0.05168269230769231, ""12"": 0.045572916666666664, ""13"": 0.05859375000000001, ""14"": 0.052283653846153855, ""15"": 0.05889423076923077, ""16"": 0.05108173076923077, ""17"": 0.04857772435897436, ""18"": 0.04226762820512821, ""19"": 0.050580929487179495, ""20"": 0.03415464743589743, ""21"": 0.031350160256410256, ""22"": 0.03145032051282051, ""23"": 0.02483974358974359, ""24"": 0.022636217948717948, ""25"": 0.014923878205128206, ""26"": 0.01201923076923077, ""27"": 0.011418269230769232, ""28"": 0.010116185897435898, ""29"": 0.007211538461538462, ""30"": 0.005208333333333333, ""31"": 0.004106570512820513, ""33"": 0.0024038461538461535, ""34"": 0.0022035256410256414, ""36"": 0.0013020833333333333, ""42"": 0.0014022435897435897, ""80"": 0.0014022435897435897}",Evan Mobley,17896076,CLE,TOR,True,21682000,,pts,,,,,,predict.py:pmf_cal,phase8_role_aware_pmf_cal_v2,rotation,14.116587,14,15,0.018229166667,0.981770833333,0.964342948718,0.947215544872,0.927684294872,0.903545673077,0.877604166667,0.844250801282,0.806991185897,0.768830128205,0.723758012821,0.677684294872,0.626001602564,0.580428685897,0.521834935897,0.469551282051,0.410657051282,0.359575320513,0.310997596154,0.268729967949,0.218149038462,,,,,pre_close,2026-05-03T20:34:19Z,002b537#phase10c,6116825e-18b5-4836-8ffc-d3503d32ff9e,ok,0.0,high,full,current_phase8,fresh,projected,derived_from_projected_minutes
"{""0"": 0.01162208195571586, ""1"": 0.016130648231640118, ""2"": 0.028253681995792004, ""3"": 0.04448452058911933, ""4"": 0.06332030858631402, ""5"": 0.07895000500951808, ""6"": 0.08395952309387837, ""7"": 0.11351567979160405, ""8"": 0.1195271014928364, ""9"": 0.11281434725979361, ""10"": 0.07895000500951808, ""11"": 0.07093477607454164, ""12"": 0.055705841098086364, ""13"": 0.04248071335537522, ""14"": 0.030057108506161705, ""15"": 0.02023845306081555, ""16"": 0.010620178338843805, ""17"": 0.008516180743412486, ""18"": 0.005209898807734696, ""19"": 0.002905520488928965, ""20"": 0.0018034265103697023}",Evan Mobley,17896076,CLE,TOR,True,21682000,,reb,,,,,,predict.py:pmf_cal,phase8_role_aware_pmf_cal_v2,rotation,8.138663,8,8,0.011622081956,0.988377918044,0.972247269813,0.943993587817,0.899509067228,0.836188758641,0.757238753632,0.673279230538,0.559763550746,0.440236449254,0.327422101994,0.248472096984,0.17753732091,0.121831479812,0.079350766456,0.04929365795,0.029055204889,0.01843502655,0.009918845807,0.004708946999,0.00180342651,,,,,pre_close,2026-05-03T20:34:19Z,002b537#phase10c,6116825e-18b5-4836-8ffc-d3503d32ff9e,ok,0.0,high,full,current_phase8,fresh,projected,derived_from_projected_minutes
"{""0"": 0.389622075584883, ""1"": 0.39892021595680865, ""2"": 0.15406918616276744, ""3"": 0.0065986802639472104, ""4"": 0.006998600279944011, ""5"": 0.007798440311937612, ""6"": 0.00629874025194961, ""7"": 0.0065986802639472104, ""8"": 0.008098380323935212, ""9"": 0.007198560287942411, ""10"": 0.007798440311937612}",Evan Mobley,17896076,CLE,TOR,True,21682000,,blk,,,,,,predict.py:raw,phase8_role_aware_pmf_cal_v2,rotation,1.085383,1,1,0.389622075585,0.610377924415,0.211457708458,0.057388522296,0.050789842032,0.043791241752,0.03599280144,0.029694061188,0.023095380924,0.0149970006,0.007798440312,0.0,0.0,0.0,0.0,0.0,0.0,0.0,0.0,0.0,0.0,,,,,pre_close,2026-05-03T20:34:19Z,002b537#phase10c,6116825e-18b5-4836-8ffc-d3503d32ff9e,ok,0.0,high,full,current_phase8,fresh,projected,derived_from_projected_minutes
"{""0"": 0.011106663998399042, ""1"": 0.010506303782269364, ""2"": 0.009005403241945169, ""3"": 0.00970582349409646, ""4"": 0.009205523313988394, ""5"": 0.011306784070442267, ""6"": 0.015609365619371625, ""7"": 0.019211526916149694, ""8"": 0.016810086051630983, ""9"": 0.014708825295177108, ""10"": 0.022013207924754856, ""11"": 0.025415249149489696, ""12"": 0.024514708825295183, ""13"": 0.03692215329197519, ""14"": 0.041624974984991, ""15"": 0.03962377426455875, ""16"": 0.04882929757854714, ""17"": 0.05303181909145488, ""18"": 0.04972983790274166, ""19"": 0.04992995797478488, ""20"": 0.05253151891134682, ""21"": 0.05333199919951972, ""22"": 0.042325395237142294, ""23"": 0.0408244946968181, ""24"": 0.038022813688212934, ""25"": 0.03432059235541325, ""26"": 0.0346207724634781, ""27"": 0.027716629977986795, ""28"": 0.02551530918551131, ""29"": 0.02011206724034421, ""30"": 0.0208124874924955, ""31"": 0.016409845907544532, ""32"": 0.018210926555933565, ""33"": 0.009105463277966783, ""34"": 0.007204322593556135, ""35"": 0.0067040224134480705, ""36"": 0.008405043025815491, ""37"": 0.005503301981188714, ""38"": 0.003802281368821293, ""39"": 0.003402041224734841, ""40"": 0.0027016209725835507, ""41"": 0.0024014408645187117, ""42"": 0.001100660396237743, ""43"": 0.0020012007204322597, ""46"": 0.0013007804682809688, ""54"": 0.0014008405043025819, ""80"": 0.0014008405043025819}",RJ Barrett,666423,TOR,CLE,False,21682000,,pts,,,,,,predict.py:pmf_cal,phase8_role_aware_pmf_cal_v2,starter,19.246648,19,21,0.011106663998,0.988893336002,0.978387032219,0.969381628977,0.959675805483,0.950470282169,0.939163498099,0.923554132479,0.904342605563,0.887532519512,0.872823694217,0.850810486292,0.825395237142,0.800880528317,0.763958375025,0.72233340004,0.682709625775,0.633880328197,0.580848509105,0.531118671203,0.481188713228,,,,,pre_close,2026-05-03T20:34:19Z,002b537#phase10c,6116825e-18b5-4836-8ffc-d3503d32ff9e,ok,0.0,high,full,current_phase8,fresh,projected,derived_from_projected_minutes
"{""0"": 0.030348557692307696, ""1"": 0.059695512820512824, ""2"": 0.08143028846153846, ""3"": 0.10817307692307693, ""4"": 0.13070913461538464, ""5"": 0.1443309294871795, ""6"": 0.13020833333333334, ""7"": 0.11047676282051282, ""8"": 0.07912660256410257, ""9"": 0.04947916666666667, ""10"": 0.03275240384615385, ""11"": 0.023737980769230768, ""12"": 0.009114583333333334, ""13"": 0.006810897435897436, ""14"": 0.0024038461538461535, ""15"": 0.0012019230769230768}",RJ Barrett,666423,TOR,CLE,False,21682000,,reb,,,,,,predict.py:pmf_cal,phase8_role_aware_pmf_cal_v2,starter,5.26272,5,5,0.030348557692,0.969651442308,0.909955929487,0.828525641026,0.720352564103,0.589643429487,0.4453125,0.315104166667,0.204627403846,0.125500801282,0.076021634615,0.043269230769,0.01953125,0.010416666667,0.003605769231,0.001201923077,0.0,0.0,0.0,0.0,0.0,,,,,pre_close,2026-05-03T20:34:19Z,002b537#phase10c,6116825e-18b5-4836-8ffc-d3503d32ff9e,ok,0.0,high,full,current_phase8,fresh,projected,derived_from_projected_minutes
"{""0"": 0.09700670737811593, ""1"": 0.1558714586044649, ""2"": 0.20983081389528482, ""3"": 0.19311242366603262, ""4"": 0.15647211933126437, ""5"": 0.08619481429572529, ""6"": 0.053859245169686654, ""7"": 0.028431274401842028, ""8"": 0.01051156271899089, ""9"": 0.004805285814395835, ""10"": 0.0021023125437981778, ""11"": 0.0018019821803984383}",RJ Barrett,666423,TOR,CLE,False,21682000,,ast,,,,,,predict.py:pmf_cal,phase8_role_aware_pmf_cal_v2,starter,2.902092,3,2,0.097006707378,0.902993292622,0.747121834017,0.537291020122,0.344178596456,0.187706477125,0.101511662829,0.047652417659,0.019221143258,0.008709580539,0.003904294724,0.00180198218,0.0,0.0,0.0,0.0,0.0,0.0,0.0,0.0,0.0,,,,,pre_close,2026-05-03T20:34:19Z,002b537#phase10c,6116825e-18b5-4836-8ffc-d3503d32ff9e,ok,0.0,high,full,current_phase8,fresh,projected,derived_from_projected_minutes
"{""0"": 0.3258, ""1"": 0.3819, ""2"": 0.161, ""3"": 0.0715, ""4"": 0.0084, ""5"": 0.0089, ""6"": 0.0076, ""7"": 0.0076, ""8"": 0.0096, ""9"": 0.0086, ""10"": 0.0091}",RJ Barrett,666423,TOR,CLE,False,21682000,,stl,,,,,,predict.py:raw,phase8_role_aware_pmf_cal_v2,starter,1.3405,1,1,0.3258,0.6742,0.2923,0.1313,0.0598,0.0514,0.0425,0.0349,0.0273,0.0177,0.0091,0.0,0.0,0.0,0.0,0.0,0.0,0.0,0.0,0.0,0.0,,,,,pre_close,2026-05-03T20:34:19Z,002b537#phase10c,6116825e-18b5-4836-8ffc-d3503d32ff9e,ok,0.0,high,full,current_phase8,fresh,projected,derived_from_projected_minutes
"{""0"": 0.030521364955468828, ""1"": 0.029420594416091263, ""2"": 0.03802661863304313, ""3"": 0.04172921044731312, ""4"": 0.0462323626538577, ""5"": 0.05563894726308416, ""6"": 0.06254378064645252, ""7"": 0.07074952466726708, ""8"": 0.07084959471630141, ""9"": 0.07094966476533575, ""10"": 0.059441609126388475, ""11"": 0.06604623236265386, ""12"": 0.05153607525267687, ""13"": 0.04753327329130391, ""14"": 0.051736215350745525, ""15"": 0.040328229760832585, ""16"": 0.03252276593615531, ""17"": 0.02932052436705694, ""18"": 0.02191534073851696, ""19"": 0.016611628139697788, ""20"": 0.012608826178324827, ""21"": 0.012108475933153208, ""22"": 0.009106374462123487, ""23"": 0.009806864805363755, ""24"": 0.007905533873711599, ""25"": 0.0032022415690983693, ""26"": 0.0026018212748924246, ""27"": 0.0015010507355148605, ""28"": 0.0018012608826178324, ""29"": 0.0018012608826178324, ""31"": 0.0011007705393775644, ""44"": 0.0014009806864805365, ""80"": 0.0014009806864805365}",Collin Murray-Boyles,1057268940,TOR,CLE,False,21682000,,pts,,,,,,predict.py:pmf_cal,phase8_role_aware_pmf_cal_v2,rotation,10.005904,9,9,0.030521364955,0.969478635045,0.940058040628,0.902031421995,0.860302211548,0.814069848894,0.758430901631,0.695887120985,0.625137596317,0.554288001601,0.483338336836,0.423896727709,0.357850495347,0.306314420094,0.258781146803,0.207044931452,0.166716701691,0.134193935755,0.104873411388,0.082958070649,0.06634644251,,,,,pre_close,2026-05-03T20:34:19Z,002b537#phase10c,6116825e-18b5-4836-8ffc-d3503d32ff9e,ok,0.0,high,full,current_phase8,fresh,projected,derived_from_projected_minutes
"{""0"": 0.26599999999999996, ""1"": 0.4508999999999999, ""2"": 0.17729999999999999, ""3"": 0.04259999999999999, ""4"": 0.008599999999999998, ""5"": 0.010099999999999998, ""6"": 0.0076999999999999985, ""7"": 0.007499999999999998, ""8"": 0.010599999999999998, ""9"": 0.009199999999999998, ""10"": 0.009499999999999998}",Collin Murray-Boyles,1057268940,TOR,CLE,False,21682000,,blk,,,,,,predict.py:raw,phase8_role_aware_pmf_cal_v2,rotation,1.3795,1,1,0.266,0.734,0.2831,0.1058,0.0632,0.0546,0.0445,0.0368,0.0293,0.0187,0.0095,0.0,0.0,0.0,0.0,0.0,0.0,0.0,0.0,0.0,0.0,,,,,pre_close,2026-05-03T20:34:19Z,002b537#phase10c,6116825e-18b5-4836-8ffc-d3503d32ff9e,ok,0.0,high,full,current_phase8,fresh,projected,derived_from_projected_minutes
"{""0"": 0.03739348370927318, ""1"": 0.06436090225563908, ""2"": 0.10375939849624058, ""3"": 0.11819548872180449, ""4"": 0.13804511278195486, ""5"": 0.12912280701754383, ""6"": 0.11659147869674183, ""7"": 0.09082706766917292, ""8"": 0.07047619047619047, ""9"": 0.040802005012531326, ""10"": 0.031378446115288214, ""11"": 0.02195488721804511, ""12"": 0.0156390977443609, ""13"": 0.008020050125313281, ""14"": 0.005814536340852129, ""15"": 0.004010025062656641, ""16"": 0.0021052631578947364, ""17"": 0.0015037593984962403}",Jakob Poeltl,373,TOR,CLE,False,21682000,,reb,,,,,,predict.py:pmf_cal,phase8_role_aware_pmf_cal_v2,bench,5.138647,5,4,0.037393483709,0.962606516291,0.898245614035,0.794486215539,0.676290726817,0.538245614035,0.409122807018,0.292531328321,0.201704260652,0.131228070175,0.090426065163,0.059047619048,0.03709273183,0.021453634085,0.01343358396,0.007619047619,0.003609022556,0.001503759398,0.0,0.0,0.0,,,,,pre_close,2026-05-03T20:34:19Z,002b537#phase10c,6116825e-18b5-4836-8ffc-d3503d32ff9e,ok,0.0,medium,full,current_phase8,fresh,projected,derived_from_projected_minutes
"{""0"": 0.01181062956660995, ""1"": 0.010009008107296567, ""2"": 0.01131017916124512, ""3"": 0.010709638674807327, ""4"": 0.012110899809828846, ""5"": 0.01131017916124512, ""6"": 0.01571414272845561, ""7"": 0.0201181062956661, ""8"": 0.025322790511460313, ""9"": 0.02131918726854169, ""10"": 0.01991792613352017, ""11"": 0.0300270243218897, ""12"": 0.03613251926734061, ""13"": 0.03212891602442198, ""14"": 0.04433990591532379, ""15"": 0.04794314883395055, ""16"": 0.04634170753678311, ""17"": 0.050645581022920626, ""18"": 0.045641076969272346, ""19"": 0.04534080672605345, ""20"": 0.04754278850965869, ""21"": 0.047642878590731665, ""22"": 0.04203783405064558, ""23"": 0.03853468121309178, ""24"": 0.033430087078370536, ""25"": 0.03603242918626764, ""26"": 0.0303272945651086, ""27"": 0.02802522270043039, ""28"": 0.026223601241117007, ""29"": 0.020818736863176857, ""30"": 0.016514863377039335, ""31"": 0.016114503052747472, ""32"": 0.014713241917725953, ""33"": 0.01131017916124512, ""34"": 0.008007206485837253, ""35"": 0.007106395756180563, ""36"": 0.0067060354318887, ""37"": 0.004303873486137524, ""38"": 0.0017015313782404163, ""39"": 0.004003603242918627, ""40"": 0.0031027925132619356, ""41"": 0.001201080972875588, ""42"": 0.0023020718646782103, ""44"": 0.0013011710539485536, ""50"": 0.0014012611350215194, ""80"": 0.0014012611350215194}",Scottie Barnes,17896055,TOR,CLE,False,21682000,,pts,,,,,,predict.py:pmf_cal,phase8_role_aware_pmf_cal_v2,starter,18.645181,18,17,0.011810629567,0.988189370433,0.978180362326,0.966870183165,0.95616054449,0.94404964468,0.932739465519,0.917025322791,0.896907216495,0.871584425983,0.850265238715,0.830347312581,0.800320288259,0.764187768992,0.732058852968,0.687718947052,0.639775798218,0.593434090682,0.542788509659,0.497147432689,0.451806625963,,,,,pre_close,2026-05-03T20:34:19Z,002b537#phase10c,6116825e-18b5-4836-8ffc-d3503d32ff9e,ok,0.0,high,full,current_phase8,fresh,projected,derived_from_projected_minutes
"{""0"": 0.02773883436811536, ""1"": 0.04085720008011216, ""2"": 0.06879631484077708, ""3"": 0.09333066292809936, ""4"": 0.12457440416583217, ""5"": 0.14159823753254558, ""6"": 0.12787903064290007, ""7"": 0.1210694972962147, ""8"": 0.09543360704986982, ""9"": 0.06569196875625877, ""10"": 0.042459443220508715, ""11"": 0.023032245143200483, ""12"": 0.013719206889645504, ""13"": 0.007911075505707993, ""14"": 0.003104346084518326, ""15"": 0.0016022431403965554, ""16"": 0.0012016823552974164}",Scottie Barnes,17896055,TOR,CLE,False,21682000,,reb,,,,,,predict.py:pmf_cal,phase8_role_aware_pmf_cal_v2,starter,5.666333,6,5,0.027738834368,0.972261165632,0.931403965552,0.862607650711,0.769276987783,0.644702583617,0.503104346085,0.375225315442,0.254155818145,0.158722211096,0.093030242339,0.050570799119,0.027538553976,0.013819347086,0.00590827158,0.002803925496,0.001201682355,0.0,0.0,0.0,0.0,,,,,pre_close,2026-05-03T20:34:19Z,002b537#phase10c,6116825e-18b5-4836-8ffc-d3503d32ff9e,ok,0.0,high,full,current_phase8,fresh,projected,derived_from_projected_minutes
"{""0"": 0.028161956303868512, ""1"": 0.034074964922830235, ""2"": 0.04880737622770095, ""3"": 0.07396271797955503, ""4"": 0.09841651633593908, ""5"": 0.12968530767688916, ""6"": 0.13299258368410508, ""7"": 0.12307075566245743, ""8"": 0.11395069152134697, ""9"": 0.08408498697133696, ""10"": 0.05712567648827421, ""11"": 0.03166967328121869, ""12"": 0.023251152535578273, ""13"": 0.010422930446983364, ""14"": 0.006013229104028865, ""15"": 0.002906394066947284, ""16"": 0.0014030867909400682}",Scottie Barnes,17896055,TOR,CLE,False,21682000,,ast,,,,,,predict.py:pmf_cal,phase8_role_aware_pmf_cal_v2,starter,6.207857,6,6,0.028161956304,0.971838043696,0.937763078773,0.888955702546,0.814992984566,0.71657646823,0.586891160553,0.453898576869,0.330827821207,0.216877129685,0.132792142714,0.075666466226,0.043996792944,0.020745640409,0.010322709962,0.004309480858,0.001403086791,0.0,0.0,0.0,0.0,,,,,pre_close,2026-05-03T20:34:19Z,002b537#phase10c,6116825e-18b5-4836-8ffc-d3503d32ff9e,ok,0.0,high,full,current_phase8,fresh,projected,derived_from_projected_minutes
"{""0"": 0.5033503350335033, ""1"": 0.32563256325632567, ""2"": 0.14771477147714773, ""15"": 0.023302330233023305}",Scottie Barnes,17896055,TOR,CLE,False,21682000,,fg3m,,,,,,predict.py:pmf_cal,phase8_role_aware_pmf_cal_v2,starter,0.970597,0,0,0.503350335034,0.496649664966,0.17101710171,0.023302330233,0.023302330233,0.023302330233,0.023302330233,0.023302330233,0.023302330233,0.023302330233,0.023302330233,0.023302330233,0.023302330233,0.023302330233,0.023302330233,0.023302330233,0.0,0.0,0.0,0.0,0.0,,,,,pre_close,2026-05-03T20:34:19Z,002b537#phase10c,6116825e-18b5-4836-8ffc-d3503d32ff9e,ok,0.0,high,full,current_phase8,fresh,projected,derived_from_projected_minutes
"{""0"": 0.32, ""1"": 0.4127, ""2"": 0.1945, ""3"": 0.0148, ""4"": 0.009, ""5"": 0.0088, ""6"": 0.0068, ""7"": 0.0073, ""8"": 0.0092, ""9"": 0.0082, ""10"": 0.0087}",Scottie Barnes,17896055,TOR,CLE,False,21682000,,blk,,,,,,predict.py:raw,phase8_role_aware_pmf_cal_v2,starter,1.2524,1,1,0.32,0.68,0.2673,0.0728,0.058,0.049,0.0402,0.0334,0.0261,0.0169,0.0087,0.0,0.0,0.0,0.0,0.0,0.0,0.0,0.0,0.0,0.0,,,,,pre_close,2026-05-03T20:34:19Z,002b537#phase10c,6116825e-18b5-4836-8ffc-d3503d32ff9e,ok,0.0,high,full,current_phase8,fresh,projected,derived_from_projected_minutes
"{""0"": 0.3764, ""1"": 0.3431, ""2"": 0.1772, ""3"": 0.08, ""15"": 0.0233}",Dennis Schroder,409,CLE,TOR,True,21682000,,fg3m,,,,,,predict.py:pmf_cal,phase8_role_aware_pmf_cal_v2,bench,1.287,1,0,0.3764,0.6236,0.2805,0.1033,0.0233,0.0233,0.0233,0.0233,0.0233,0.0233,0.0233,0.0233,0.0233,0.0233,0.0233,0.0233,0.0,0.0,0.0,0.0,0.0,,,,,pre_close,2026-05-03T20:34:19Z,002b537#phase10c,6116825e-18b5-4836-8ffc-d3503d32ff9e,ok,0.0,medium,full,current_phase8,fresh,projected,derived_from_projected_minutes
"{""0"": 0.11500350315283754, ""1"": 0.06856170553498148, ""2"": 0.0667600840756681, ""3"": 0.06986287658893003, ""4"": 0.07766990291262135, ""5"": 0.07496747072365127, ""6"": 0.06605945350815734, ""7"": 0.069962966670003, ""8"": 0.06826143529176258, ""9"": 0.05765188669802822, ""10"": 0.05394855369832849, ""11"": 0.04063657291562406, ""12"": 0.037033329996997294, ""13"": 0.02992693424081673, ""14"": 0.027524772295065555, ""15"": 0.019717745971374233, ""16"": 0.013211890701631467, ""17"": 0.012511260134120707, ""18"": 0.00600540486437794, ""19"": 0.008107296566910218, ""20"": 0.00620558502652387, ""21"": 0.002602342107897107, ""22"": 0.0018016214593133818, ""23"": 0.0019017115403863476, ""25"": 0.0013011710539485536, ""30"": 0.0014012611350215194, ""80"": 0.0014012611350215194}",Jamal Shead,1028038426,TOR,CLE,False,21682000,,pts,,,,,,predict.py:pmf_cal,phase8_role_aware_pmf_cal_v2,rotation,6.684316,6,0,0.115003503153,0.884996496847,0.816434791312,0.749674707237,0.679811830648,0.602141927735,0.527174457011,0.461115003503,0.391152036833,0.322890601541,0.265238714843,0.211290161145,0.170653588229,0.133620258232,0.103693323992,0.076168551697,0.056450805725,0.043238915024,0.030727654889,0.024722250025,0.016614953458,,,,,pre_close,2026-05-03T20:34:19Z,002b537#phase10c,6116825e-18b5-4836-8ffc-d3503d32ff9e,ok,0.0,high,full,current_phase8,fresh,projected,derived_from_projected_minutes
"{""0"": 0.05039070326587858, ""1"": 0.07433380084151472, ""2"": 0.11150070126227209, ""3"": 0.14265678220797437, ""4"": 0.14946904427970348, ""5"": 0.14105389701462634, ""6"": 0.121418553396113, ""7"": 0.07453416149068323, ""8"": 0.05119214586255259, ""9"": 0.03586455620116209, ""10"": 0.021438589461029854, ""11"": 0.012622720897615708, ""12"": 0.007613704668403126, ""13"": 0.0030054097375275496, ""14"": 0.0017030655179322781, ""15"": 0.0012021638950110197}",Jamal Shead,1028038426,TOR,CLE,False,21682000,,ast,,,,,,predict.py:pmf_cal,phase8_role_aware_pmf_cal_v2,rotation,4.536566,4,4,0.050390703266,0.949609296734,0.875275495893,0.76377479463,0.621118012422,0.471648968143,0.330595071128,0.209176517732,0.134642356241,0.083450210379,0.047585654178,0.026147064716,0.013524343819,0.00591063915,0.002905229413,0.001202163895,0.0,0.0,0.0,0.0,0.0,,,,,pre_close,2026-05-03T20:34:19Z,002b537#phase10c,6116825e-18b5-4836-8ffc-d3503d32ff9e,ok,0.0,high,full,current_phase8,fresh,projected,derived_from_projected_minutes
"{""0"": 0.2608260826082608, ""1"": 0.34033403340334034, ""2"": 0.2226222622262226, ""3"": 0.10001000100010002, ""4"": 0.052905290529052906, ""15"": 0.0233023302330233}",Jamal Shead,1028038426,TOR,CLE,False,21682000,,fg3m,,,,,,predict.py:pmf_cal,phase8_role_aware_pmf_cal_v2,rotation,1.646765,1,1,0.260826082608,0.739173917392,0.398839883988,0.176217621762,0.076207620762,0.023302330233,0.023302330233,0.023302330233,0.023302330233,0.023302330233,0.023302330233,0.023302330233,0.023302330233,0.023302330233,0.023302330233,0.023302330233,0.0,0.0,0.0,0.0,0.0,,,,,pre_close,2026-05-03T20:34:19Z,002b537#phase10c,6116825e-18b5-4836-8ffc-d3503d32ff9e,ok,0.0,high,full,current_phase8,fresh,projected,derived_from_projected_minutes
"{""0"": 0.35266473352664734, ""1"": 0.3608639136086391, ""2"": 0.17748225177482252, ""3"": 0.052094790520947905, ""4"": 0.0077992200779922, ""5"": 0.008899110088991101, ""6"": 0.006999300069993001, ""7"": 0.006999300069993001, ""8"": 0.0093990600939906, ""9"": 0.0080991900809919, ""10"": 0.0086991300869913}",Jamal Shead,1028038426,TOR,CLE,False,21682000,,stl,,,,,,predict.py:raw,phase8_role_aware_pmf_cal_v2,rotation,1.273873,1,1,0.352664733527,0.647335266473,0.286471352865,0.10898910109,0.056894310569,0.049095090491,0.040195980402,0.033196680332,0.026197380262,0.016798320168,0.008699130087,0.0,0.0,0.0,0.0,0.0,0.0,0.0,0.0,0.0,0.0,,,,,pre_close,2026-05-03T20:34:19Z,002b537#phase10c,6116825e-18b5-4836-8ffc-d3503d32ff9e,ok,0.0,high,full,current_phase8,fresh,projected,derived_from_projected_minutes
"{""0"": 0.04239326518340348, ""1"": 0.07837241932250952, ""2"": 0.11605532170775704, ""3"": 0.13730206454199237, ""4"": 0.14070956103427537, ""5"": 0.12998596913209057, ""6"": 0.11064341551413105, ""7"": 0.07997594708358387, ""8"": 0.06063339346562436, ""9"": 0.03768290238524754, ""10"": 0.02445379835638404, ""11"": 0.01914211264782521, ""12"": 0.009019843656043292, ""13"": 0.005812788133894567, ""14"": 0.0032070555221487265, ""15"": 0.0021046301864101015, ""16"": 0.0011024253357386248, ""17"": 0.0014030867909400678}",Sandro Mamukelashvili,17896059,TOR,CLE,False,21682000,,reb,,,,,,predict.py:pmf_cal,phase8_role_aware_pmf_cal_v2,bench,4.739928,4,4,0.042393265183,0.957606734817,0.879234315494,0.763178993786,0.625876929244,0.48516736821,0.355181399078,0.244537983564,0.16456203648,0.103928643015,0.066245740629,0.041791942273,0.022649829625,0.013629985969,0.007817197835,0.004610142313,0.002505512127,0.001403086791,0.0,0.0,0.0,,,,,pre_close,2026-05-03T20:34:19Z,002b537#phase10c,6116825e-18b5-4836-8ffc-d3503d32ff9e,ok,0.0,medium,full,current_phase8,fresh,projected,derived_from_projected_minutes
"{""0"": 0.21102204408817637, ""1"": 0.28046092184368737, ""2"": 0.24258517034068136, ""3"": 0.14288577154308618, ""4"": 0.06983967935871743, ""5"": 0.031663326653306616, ""6"": 0.012625250501002005, ""7"": 0.0052104208416833666, ""8"": 0.0016032064128256513, ""9"": 0.002104208416833667}",Daniss Jenkins,1028240128,DET,ORL,True,21684819,,ast,,,,,,predict.py:pmf_cal,phase8_role_aware_pmf_cal_v2,bench,1.775952,2,1,0.211022044088,0.788977955912,0.508517034068,0.265931863727,0.123046092184,0.053206412826,0.021543086172,0.008917835671,0.00370741483,0.002104208417,0.0,0.0,0.0,0.0,0.0,0.0,0.0,0.0,0.0,0.0,0.0,,,,,pre_close,2026-05-03T20:34:19Z,002b537#phase10c,6116825e-18b5-4836-8ffc-d3503d32ff9e,ok,0.0,medium,full,current_phase8,fresh,projected,derived_from_projected_minutes
"{""0"": 0.3883611638836116, ""1"": 0.33936606339366054, ""2"": 0.1717828217178282, ""3"": 0.0771922807719228, ""15"": 0.0232976702329767}",Daniss Jenkins,1028240128,DET,ORL,True,21684819,,fg3m,,,,,,predict.py:pmf_cal,phase8_role_aware_pmf_cal_v2,bench,1.263974,1,0,0.388361163884,0.611638836116,0.272272772723,0.100489951005,0.023297670233,0.023297670233,0.023297670233,0.023297670233,0.023297670233,0.023297670233,0.023297670233,0.023297670233,0.023297670233,0.023297670233,0.023297670233,0.023297670233,0.0,0.0,0.0,0.0,0.0,,,,,pre_close,2026-05-03T20:34:19Z,002b537#phase10c,6116825e-18b5-4836-8ffc-d3503d32ff9e,ok,0.0,medium,full,current_phase8,fresh,projected,derived_from_projected_minutes
"{""0"": 0.6475, ""1"": 0.2185, ""2"": 0.1015, ""3"": 0.0046, ""4"": 0.004, ""5"": 0.0038, ""6"": 0.0037, ""7"": 0.0033, ""8"": 0.0046, ""9"": 0.0041, ""10"": 0.0044}",Daniss Jenkins,1028240128,DET,ORL,True,21684819,,stl,,,,,,predict.py:raw,phase8_role_aware_pmf_cal_v2,bench,0.6333,0,0,0.6475,0.3525,0.134,0.0325,0.0279,0.0239,0.0201,0.0164,0.0131,0.0085,0.0044,0.0,0.0,0.0,0.0,0.0,0.0,0.0,0.0,0.0,0.0,,,,,pre_close,2026-05-03T20:34:19Z,002b537#phase10c,6116825e-18b5-4836-8ffc-d3503d32ff9e,ok,0.0,medium,full,current_phase8,fresh,projected,derived_from_projected_minutes
"{""0"": 0.10148985101489852, ""1"": 0.27377262273772623, ""2"": 0.17768223177682232, ""3"": 0.19408059194080593, ""4"": 0.1686831316868313, ""5"": 0.013898610138986101, ""6"": 0.014198580141985802, ""7"": 0.012598740125987402, ""8"": 0.012998700129987, ""9"": 0.0163983601639836, ""10"": 0.014198580141985802}",Ausar Thompson,56677826,DET,ORL,True,21684819,,blk,,,,,,predict.py:raw,phase8_role_aware_pmf_cal_v2,rotation,2.522548,2,1,0.101489851015,0.898510148985,0.624737526247,0.447055294471,0.25297470253,0.084291570843,0.070392960704,0.056194380562,0.043595640436,0.030596940306,0.014198580142,0.0,0.0,0.0,0.0,0.0,0.0,0.0,0.0,0.0,0.0,,,,,pre_close,2026-05-03T20:34:19Z,002b537#phase10c,6116825e-18b5-4836-8ffc-d3503d32ff9e,ok,0.0,high,full,current_phase8,fresh,projected,derived_from_projected_minutes
"{""0"": 0.040836753077769995, ""1"": 0.041637473726353715, ""2"": 0.056951256130517464, ""3"": 0.05665098588729857, ""4"": 0.062456210589530575, ""5"": 0.06916224602141928, ""6"": 0.06325693123811431, ""7"": 0.062256030427384645, ""8"": 0.06435792212991692, ""9"": 0.058152337103393056, ""10"": 0.05915323791412271, ""11"": 0.055449904914422976, ""12"": 0.0501451306175558, ""13"": 0.03843459113201882, ""14"": 0.04133720348313483, ""15"": 0.025623060754679215, ""16"": 0.032529276348713845, ""17"": 0.023921529376438797, ""18"": 0.02242017816034431, ""19"": 0.01411270143128816, ""20"": 0.009908918026223602, ""21"": 0.013712341106996297, ""22"": 0.00740666599939946, ""23"": 0.005504954459013112, ""24"": 0.0067060354318887, ""25"": 0.004203783405064558, ""26"": 0.004504053648283455, ""27"": 0.0027024321889700734, ""28"": 0.0023020718646782103, ""30"": 0.0014012611350215194, ""41"": 0.0014012611350215194, ""80"": 0.0014012611350215194}",Anthony Black,56677827,ORL,DET,False,21684819,,pts,,,,,,predict.py:pmf_cal,phase8_role_aware_pmf_cal_v2,rotation,9.147333,8,5,0.040836753078,0.959163246922,0.917525773196,0.860574517065,0.803923531178,0.741467320589,0.672305074567,0.609048143329,0.546792112902,0.482434190772,0.424281853668,0.365128615754,0.30967871084,0.259533580222,0.22109898909,0.179761785607,0.154138724852,0.121609448504,0.097687919127,0.075267740967,0.061155039536,,,,,pre_close,2026-05-03T20:34:19Z,002b537#phase10c,6116825e-18b5-4836-8ffc-d3503d32ff9e,ok,0.0,high,full,current_phase8,fresh,projected,derived_from_projected_minutes
"{""0"": 0.6348, ""1"": 0.228, ""2"": 0.0895, ""3"": 0.0164, ""4"": 0.0041, ""5"": 0.0054, ""6"": 0.0036, ""7"": 0.0037, ""8"": 0.0053, ""9"": 0.0045, ""10"": 0.0047}",Anthony Black,56677827,ORL,DET,False,21684819,,blk,,,,,,predict.py:raw,phase8_role_aware_pmf_cal_v2,rotation,0.677,0,0,0.6348,0.3652,0.1372,0.0477,0.0313,0.0272,0.0218,0.0182,0.0145,0.0092,0.0047,0.0,0.0,0.0,0.0,0.0,0.0,0.0,0.0,0.0,0.0,,,,,pre_close,2026-05-03T20:34:19Z,002b537#phase10c,6116825e-18b5-4836-8ffc-d3503d32ff9e,ok,0.0,high,full,current_phase8,fresh,projected,derived_from_projected_minutes
"{""0"": 0.04755693789505367, ""1"": 0.08277315139961874, ""2"": 0.12029698003411257, ""3"": 0.13404233972107957, ""4"": 0.14728604394501857, ""5"": 0.11969499347847898, ""6"": 0.09320758503060098, ""7"": 0.0861844085482091, ""8"": 0.058493026989063904, ""9"": 0.040232768134844984, ""10"": 0.027892043744356373, ""11"": 0.01585231263168456, ""12"": 0.010835758001404636, ""13"": 0.0065215210193639, ""14"": 0.004013243704223939, ""15"": 0.0029096016855623555, ""16"": 0.0022072840373231666}",Isaiah Stewart,3547267,DET,ORL,True,21684819,,reb,,,,,,predict.py:pmf_cal,phase8_role_aware_pmf_cal_v2,bench,4.70894,4,4,0.047556937895,0.952443062105,0.869669910705,0.749372930671,0.61533059095,0.468044547005,0.348349553527,0.255141968496,0.168957559948,0.110464532959,0.070231764824,0.04233972108,0.026487408448,0.015651650446,0.009130129427,0.005116885723,0.002207284037,0.0,0.0,0.0,0.0,,,,,pre_close,2026-05-03T20:34:19Z,002b537#phase10c,6116825e-18b5-4836-8ffc-d3503d32ff9e,ok,0.0,medium,full,current_phase8,fresh,projected,derived_from_projected_minutes
"{""0"": 0.16137433637183213, ""1"": 0.2306921767003907, ""2"": 0.2042472202744666, ""3"": 0.15917059000300512, ""4"": 0.10187318441350296, ""5"": 0.05930081137934489, ""6"": 0.03676249624361415, ""7"": 0.020534909345888013, ""8"": 0.01161975358108785, ""9"": 0.005809876790543925, ""10"": 0.004708003606130422, ""11"": 0.0027045978162876893, ""12"": 0.0012020434739056396}",Jamal Cain,38017734,ORL,DET,False,21684819,,reb,,,,,,predict.py:pmf_cal,phase8_role_aware_pmf_cal_v2,bench,2.421517,2,1,0.161374336372,0.838625663628,0.607933486928,0.403686266653,0.24451567665,0.142642492237,0.083341680857,0.046579184614,0.026044275268,0.014424521687,0.008614644896,0.00390664129,0.001202043474,0.0,0.0,0.0,0.0,0.0,0.0,0.0,0.0,,,,,pre_close,2026-05-03T20:34:19Z,002b537#phase10c,6116825e-18b5-4836-8ffc-d3503d32ff9e,ok,0.0,medium,full,current_phase8,fresh,projected,derived_from_projected_minutes
"{""0"": 0.014217060472567083, ""1"": 0.013516219463356028, ""2"": 0.014817781337605128, ""3"": 0.014016820184221067, ""4"": 0.021625951141369646, ""5"": 0.027533039647577095, ""6"": 0.026631958350020024, ""7"": 0.03654385262314778, ""8"": 0.03764517420905087, ""9"": 0.041349619543452155, ""10"": 0.047156587905486595, ""11"": 0.051361633960752905, ""12"": 0.05416499799759712, ""13"": 0.05756908289947938, ""14"": 0.06247496996395675, ""15"": 0.051061273528233884, ""16"": 0.05536643972767322, ""17"": 0.04675610732879456, ""18"": 0.051161393672406894, ""19"": 0.03283940728874651, ""20"": 0.037044453344012816, ""21"": 0.030436523828594315, ""22"": 0.03203844613536244, ""23"": 0.03013616339607529, ""24"": 0.020824989987985584, ""25"": 0.015618742490989188, ""26"": 0.01892270724869844, ""27"": 0.015118141770124152, ""28"": 0.009211053263916701, ""29"": 0.009311173408089709, ""30"": 0.005706848217861435, ""31"": 0.003704445334401282, ""32"": 0.003904685622747297, ""33"": 0.0023027633159791753, ""34"": 0.0018021625951141372, ""35"": 0.0019022827392871447, ""37"": 0.0014016820184221067, ""45"": 0.0014016820184221067, ""80"": 0.0014016820184221067}",Tobias Harris,200,DET,ORL,True,21684819,,pts,,,,,,predict.py:pmf_cal,phase8_role_aware_pmf_cal_v2,rotation,14.637665,14,14,0.014217060473,0.985782939527,0.972266720064,0.957448938726,0.943432118542,0.921806167401,0.894273127753,0.867641169403,0.83109731678,0.793452142571,0.752102523028,0.704945935122,0.653584301161,0.599419303164,0.541850220264,0.4793752503,0.428313976772,0.372947537044,0.326191429716,0.275030036043,0.242190628755,,,,,pre_close,2026-05-03T20:34:19Z,002b537#phase10c,6116825e-18b5-4836-8ffc-d3503d32ff9e,ok,0.0,high,full,current_phase8,fresh,projected,derived_from_projected_minutes
"{""0"": 0.36, ""1"": 0.3466, ""2"": 0.1849, ""3"": 0.0852, ""15"": 0.0233}",Tobias Harris,200,DET,ORL,True,21684819,,fg3m,,,,,,predict.py:pmf_cal,phase8_role_aware_pmf_cal_v2,rotation,1.3215,1,0,0.36,0.64,0.2934,0.1085,0.0233,0.0233,0.0233,0.0233,0.0233,0.0233,0.0233,0.0233,0.0233,0.0233,0.0233,0.0233,0.0,0.0,0.0,0.0,0.0,,,,,pre_close,2026-05-03T20:34:19Z,002b537#phase10c,6116825e-18b5-4836-8ffc-d3503d32ff9e,ok,0.0,high,full,current_phase8,fresh,projected,derived_from_projected_minutes
"{""0"": 0.49865013498650135, ""1"": 0.28747125287471254, ""2"": 0.13698630136986303, ""3"": 0.033596640335966405, ""4"": 0.0058994100589941, ""5"": 0.006799320067993201, ""6"": 0.0053994600539946005, ""7"": 0.005099490050994901, ""8"": 0.0072992700729927005, ""9"": 0.006299370062993701, ""10"": 0.0064993500649935}",Tobias Harris,200,DET,ORL,True,21684819,,stl,,,,,,predict.py:raw,phase8_role_aware_pmf_cal_v2,rotation,0.968003,1,0,0.498650134987,0.501349865013,0.213878612139,0.076892310769,0.043295670433,0.037396260374,0.030596940306,0.025197480252,0.020097990201,0.012798720128,0.006499350065,0.0,0.0,0.0,0.0,0.0,0.0,0.0,0.0,0.0,0.0,,,,,pre_close,2026-05-03T20:34:19Z,002b537#phase10c,6116825e-18b5-4836-8ffc-d3503d32ff9e,ok,0.0,high,full,current_phase8,fresh,projected,derived_from_projected_minutes
"{""0"": 0.35256474352564743, ""1"": 0.3340665933406659, ""2"": 0.1556844315568443, ""3"": 0.09839016098390159, ""4"": 0.0090990900909909, ""5"": 0.0085991400859914, ""6"": 0.007799220077992199, ""7"": 0.006999300069992999, ""8"": 0.009499050094990498, ""9"": 0.0083991600839916, ""10"": 0.0088991100889911}",Tobias Harris,200,DET,ORL,True,21684819,,blk,,,,,,predict.py:raw,phase8_role_aware_pmf_cal_v2,rotation,1.356364,1,0,0.352564743526,0.647435256474,0.313368663134,0.157684231577,0.059294070593,0.050194980502,0.041595840416,0.033796620338,0.026797320268,0.017298270173,0.008899110089,0.0,0.0,0.0,0.0,0.0,0.0,0.0,0.0,0.0,0.0,,,,,pre_close,2026-05-03T20:34:19Z,002b537#phase10c,6116825e-18b5-4836-8ffc-d3503d32ff9e,ok,0.0,high,full,current_phase8,fresh,projected,derived_from_projected_minutes
"{""0"": 0.052288891114895326, ""1"": 0.08274065912050488, ""2"": 0.11629770610037063, ""3"": 0.15265952118601625, ""4"": 0.172292897926475, ""5"": 0.15225884002804768, ""6"": 0.10928578583592108, ""7"": 0.0754282279875789, ""8"": 0.043574075929079435, ""9"": 0.023039166583191426, ""10"": 0.01192026444956426, ""11"": 0.0048081738956225585, ""12"": 0.0017028949213663228, ""13"": 0.0017028949213663228}",Jalen Suggs,17896073,ORL,DET,False,21684819,,ast,,,,,,predict.py:pmf_cal,phase8_role_aware_pmf_cal_v2,starter,4.178103,4,4,0.052288891115,0.947711108885,0.864970449765,0.748672743664,0.596013222478,0.423720324552,0.271461484524,0.162175698688,0.0867474707,0.043173394771,0.020134228188,0.008213963738,0.003405789843,0.001702894921,0.0,0.0,0.0,0.0,0.0,0.0,0.0,,,,,pre_close,2026-05-03T20:34:19Z,002b537#phase10c,6116825e-18b5-4836-8ffc-d3503d32ff9e,ok,0.0,high,full,current_phase8,fresh,projected,derived_from_projected_minutes
"{""0"": 0.1334133413341334, ""1"": 0.2838283828382838, ""2"": 0.24972497249724973, ""3"": 0.1687168716871687, ""4"": 0.0809080908090809, ""5"": 0.0306030603060306, ""6"": 0.0295029502950295, ""15"": 0.0233023302330233}",Jalen Suggs,17896073,ORL,DET,False,21684819,,fg3m,,,,,,predict.py:pmf_cal,phase8_role_aware_pmf_cal_v2,starter,2.292629,2,1,0.133413341334,0.866586658666,0.582758275828,0.33303330333,0.164316431643,0.083408340834,0.052805280528,0.023302330233,0.023302330233,0.023302330233,0.023302330233,0.023302330233,0.023302330233,0.023302330233,0.023302330233,0.023302330233,0.0,0.0,0.0,0.0,0.0,,,,,pre_close,2026-05-03T20:34:19Z,002b537#phase10c,6116825e-18b5-4836-8ffc-d3503d32ff9e,ok,0.0,high,full,current_phase8,fresh,projected,derived_from_projected_minutes
"{""0"": 0.6208, ""1"": 0.2475, ""2"": 0.0964, ""3"": 0.0046, ""4"": 0.0039, ""5"": 0.0047, ""6"": 0.0038, ""7"": 0.0041, ""8"": 0.0049, ""9"": 0.0046, ""10"": 0.0047}",Jalen Suggs,17896073,ORL,DET,False,21684819,,blk,,,,,,predict.py:raw,phase8_role_aware_pmf_cal_v2,starter,0.6723,0,0,0.6208,0.3792,0.1317,0.0353,0.0307,0.0268,0.0221,0.0183,0.0142,0.0093,0.0047,0.0,0.0,0.0,0.0,0.0,0.0,0.0,0.0,0.0,0.0,,,,,pre_close,2026-05-03T20:34:19Z,002b537#phase10c,6116825e-18b5-4836-8ffc-d3503d32ff9e,ok,0.0,high,full,current_phase8,fresh,projected,derived_from_projected_minutes
"{""0"": 0.009310241265391931, ""1"": 0.006807488237060766, ""2"": 0.007207928721593753, ""3"": 0.006607267994794274, ""4"": 0.009310241265391931, ""5"": 0.0069075983581940135, ""6"": 0.009810791871058164, ""7"": 0.007508259084993493, ""8"": 0.00961057162879167, ""9"": 0.010111122234457903, ""10"": 0.012413655020522574, ""11"": 0.012413655020522574, ""12"": 0.015917509260186206, ""13"": 0.01571728901791971, ""14"": 0.020522574832315548, ""15"": 0.02242466713384723, ""16"": 0.022224446891580738, ""17"": 0.027630393432776054, ""18"": 0.03413755130643708, ""19"": 0.02803083391730904, ""20"": 0.041645810391430574, ""21"": 0.03413755130643708, ""22"": 0.03714085494043448, ""23"": 0.047151867053759136, ""24"": 0.04565021523676044, ""25"": 0.0466513164480929, ""26"": 0.04304735208729602, ""27"": 0.04404845329862849, ""28"": 0.04124536990689759, ""29"": 0.034938432275503056, ""30"": 0.03423766142757033, ""31"": 0.03423766142757033, ""32"": 0.03263589948943838, ""33"": 0.02592852137351086, ""34"": 0.026128741615777357, ""35"": 0.023425768345179697, ""36"": 0.02422664931424567, ""37"": 0.018220042046250877, ""38"": 0.013815196716388027, ""39"": 0.010611672840124136, ""40"": 0.008108919811792972, ""41"": 0.008809690659725698, ""42"": 0.006206827510261287, ""43"": 0.006106717389128041, ""44"": 0.0037040744819301233, ""45"": 0.0029031935128641505, ""46"": 0.0021023125437981778, ""47"": 0.0018019821803984383, ""48"": 0.002502753028331164, ""52"": 0.0012013214535989587, ""63"": 0.001401541695865452, ""80"": 0.001401541695865452}",Cade Cunningham,17896075,DET,ORL,True,21684819,,pts,,,,,,predict.py:pmf_cal,phase8_role_aware_pmf_cal_v2,starter,24.082891,24,23,0.009310241265,0.990689758735,0.983882270498,0.976674341776,0.970067073781,0.960756832516,0.953849234158,0.944038442287,0.936530183202,0.926919611573,0.916808489338,0.904394834318,0.891981179297,0.876063670037,0.860346381019,0.839823806187,0.817399139053,0.795174692161,0.767544298729,0.733406747422,0.705375913505,,,,,pre_close,2026-05-03T20:34:19Z,002b537#phase10c,6116825e-18b5-4836-8ffc-d3503d32ff9e,ok,0.0,high,full,current_phase8,fresh,projected,derived_from_projected_minutes
"{""0"": 0.016735143801984168, ""1"": 0.03016334302034272, ""2"": 0.03868123058422688, ""3"": 0.059023950295620804, ""4"": 0.08046898486822326, ""5"": 0.1098306443531416, ""6"": 0.10802685639843672, ""7"": 0.09870728529912817, ""8"": 0.1098306443531416, ""9"": 0.08427698166148911, ""10"": 0.07365467481711593, ""11"": 0.06052710692454154, ""12"": 0.04539533019340615, ""13"": 0.03417176069746467, ""14"": 0.02114440324681832, ""15"": 0.011023148612085379, ""16"": 0.007816414470387814, ""17"": 0.0034071550255536623, ""18"": 0.003908207235193907, ""19"": 0.001903998396632929, ""20"": 0.0013027357450646356}",Cade Cunningham,17896075,DET,ORL,True,21684819,,reb,,,,,,predict.py:pmf_cal,phase8_role_aware_pmf_cal_v2,starter,7.30013,7,5,0.016735143802,0.983264856198,0.953101513178,0.914420282593,0.855396332298,0.77492734743,0.665096703076,0.557069846678,0.458362561379,0.348531917026,0.264254935364,0.190600260547,0.130073153623,0.084677823429,0.050506062732,0.029361659485,0.018338510873,0.010522096402,0.007114941377,0.003206734142,0.001302735745,,,,,pre_close,2026-05-03T20:34:19Z,002b537#phase10c,6116825e-18b5-4836-8ffc-d3503d32ff9e,ok,0.0,high,full,current_phase8,fresh,projected,derived_from_projected_minutes
"{""0"": 0.019845644983461964, ""1"": 0.02245163876916909, ""2"": 0.03026962012629047, ""3"": 0.0433998195850456, ""4"": 0.06324546456850758, ""5"": 0.08559687280745716, ""6"": 0.11045404430189437, ""7"": 0.12639069860679564, ""8"": 0.12067755838428386, ""9"": 0.10534228726069962, ""10"": 0.09171093515084695, ""11"": 0.06555076676355619, ""12"": 0.05282148942567907, ""13"": 0.025258093615315228, ""14"": 0.01603688483512078, ""15"": 0.010624436203267515, ""16"": 0.0050115265109752435, ""17"": 0.0027062243159266313, ""18"": 0.002605993785707126}",Cade Cunningham,17896075,DET,ORL,True,21684819,,ast,,,,,,predict.py:pmf_cal,phase8_role_aware_pmf_cal_v2,starter,7.512479,7,7,0.019845644983,0.980154355017,0.957702716247,0.927433096121,0.884033276536,0.820787811968,0.73519093916,0.624736894858,0.498346196251,0.377668637867,0.272326350606,0.180615415456,0.115064648692,0.062243159266,0.036985065651,0.020948180816,0.010323744613,0.005312218102,0.002605993786,0.0,0.0,,,,,pre_close,2026-05-03T20:34:19Z,002b537#phase10c,6116825e-18b5-4836-8ffc-d3503d32ff9e,ok,0.0,high,full,current_phase8,fresh,projected,derived_from_projected_minutes
"{""0"": 0.23667633236676333, ""1"": 0.44385561443855615, ""2"": 0.17798220177982202, ""3"": 0.0715928407159284, ""4"": 0.0106989301069893, ""5"": 0.010298970102989701, ""6"": 0.008999100089991, ""7"": 0.0081991800819918, ""8"": 0.0112988701129887, ""9"": 0.009899010098990102, ""10"": 0.010498950104989501}",Cade Cunningham,17896075,DET,ORL,True,21684819,,stl,,,,,,predict.py:raw,phase8_role_aware_pmf_cal_v2,starter,1.50475,1,1,0.236676332367,0.763323667633,0.319468053195,0.141485851415,0.069893010699,0.059194080592,0.048895110489,0.039896010399,0.031696830317,0.020397960204,0.010498950105,0.0,0.0,0.0,0.0,0.0,0.0,0.0,0.0,0.0,0.0,,,,,pre_close,2026-05-03T20:34:19Z,002b537#phase10c,6116825e-18b5-4836-8ffc-d3503d32ff9e,ok,0.0,high,full,current_phase8,fresh,projected,derived_from_projected_minutes
"{""0"": 0.3438656134386561, ""1"": 0.37546245375462456, ""2"": 0.1508849115088491, ""3"": 0.072992700729927, ""4"": 0.007699230076992301, ""5"": 0.0086991300869913, ""6"": 0.0071992800719928, ""7"": 0.006699330066993301, ""8"": 0.009699030096990302, ""9"": 0.007899210078992101, ""10"": 0.008899110088991101}",Cade Cunningham,17896075,DET,ORL,True,21684819,,blk,,,,,,predict.py:raw,phase8_role_aware_pmf_cal_v2,starter,1.29827,1,1,0.343865613439,0.656134386561,0.280671932807,0.129787021298,0.056794320568,0.049095090491,0.040395960404,0.033196680332,0.026497350265,0.016798320168,0.008899110089,0.0,0.0,0.0,0.0,0.0,0.0,0.0,0.0,0.0,0.0,,,,,pre_close,2026-05-03T20:34:19Z,002b537#phase10c,6116825e-18b5-4836-8ffc-d3503d32ff9e,ok,0.0,high,full,current_phase8,fresh,projected,derived_from_projected_minutes
"{""0"": 0.037133420078070266, ""1"": 0.03523170853768392, ""2"": 0.043238915023521174, ""3"": 0.0498448603743369, ""4"": 0.04794314883395055, ""5"": 0.05875287758983085, ""6"": 0.05945350815734161, ""7"": 0.06485837253528175, ""8"": 0.0629566609948954, ""9"": 0.06686017415674107, ""10"": 0.06926233610249224, ""11"": 0.061755580022019814, ""12"": 0.05915323791412271, ""13"": 0.04734260834751276, ""14"": 0.04594134721249125, ""15"": 0.03443098788910019, ""16"": 0.031027925132619358, ""17"": 0.027724952457211488, ""18"": 0.021719547592833552, ""19"": 0.017415674106696026, ""20"": 0.013912521269142226, ""21"": 0.007306575918326494, ""22"": 0.009908918026223602, ""23"": 0.009608647783004704, ""24"": 0.004203783405064558, ""25"": 0.0038034230807726956, ""26"": 0.0030027024321889703, ""27"": 0.002101891702532279, ""30"": 0.0013011710539485536, ""44"": 0.0014012611350215194, ""80"": 0.0014012611350215194}",Duncan Robinson,397,DET,ORL,True,21684819,,pts,,,,,,predict.py:pmf_cal,phase8_role_aware_pmf_cal_v2,rotation,9.63367,9,10,0.037133420078,0.962866579922,0.927634871384,0.884395956361,0.834551095986,0.786607947152,0.727855069563,0.668401561405,0.60354318887,0.540586527875,0.473726353718,0.404464017616,0.342708437594,0.28355519968,0.236212591332,0.19027124412,0.155840256231,0.124812331098,0.097087378641,0.075367831048,0.057952156941,,,,,pre_close,2026-05-03T20:34:19Z,002b537#phase10c,6116825e-18b5-4836-8ffc-d3503d32ff9e,ok,0.0,high,full,current_phase8,fresh,projected,derived_from_projected_minutes
"{""0"": 0.1323867613238676, ""1"": 0.29417058294170584, ""2"": 0.2592740725927407, ""3"": 0.1690830916908309, ""4"": 0.0761923807619238, ""5"": 0.04559544045595441, ""15"": 0.023297670232976703}",Duncan Robinson,397,DET,ORL,True,21684819,,fg3m,,,,,,predict.py:pmf_cal,phase8_role_aware_pmf_cal_v2,rotation,2.20218,2,1,0.132386761324,0.867613238676,0.573442655734,0.314168583142,0.145085491451,0.068893110689,0.023297670233,0.023297670233,0.023297670233,0.023297670233,0.023297670233,0.023297670233,0.023297670233,0.023297670233,0.023297670233,0.023297670233,0.0,0.0,0.0,0.0,0.0,,,,,pre_close,2026-05-03T20:34:19Z,002b537#phase10c,6116825e-18b5-4836-8ffc-d3503d32ff9e,ok,0.0,high,full,current_phase8,fresh,projected,derived_from_projected_minutes
"{""0"": 0.013119679519278919, ""1"": 0.019328993490235355, ""2"": 0.031947921882824235, ""3"": 0.042864296444667, ""4"": 0.06950425638457687, ""5"": 0.08743114672008012, ""6"": 0.1157736604907361, ""7"": 0.11256885327991989, ""8"": 0.11657486229344018, ""9"": 0.09574361542313471, ""10"": 0.08262393590385579, ""11"": 0.06880320480721082, ""12"": 0.048272408612919385, ""13"": 0.03825738607911868, ""14"": 0.023935903855783678, ""15"": 0.012618928392588885, ""16"": 0.008012018027040562, ""17"": 0.006109163745618428, ""18"": 0.0033049574361542315, ""19"": 0.0018027040560841263, ""20"": 0.0014021031547320983}",Paolo Banchero,38017683,ORL,DET,False,21684819,,reb,,,,,,predict.py:pmf_cal,phase8_role_aware_pmf_cal_v2,starter,7.741813,8,8,0.013119679519,0.986880320481,0.96755132699,0.935603405108,0.892739108663,0.823234852278,0.735803705558,0.620030045068,0.507461191788,0.390886329494,0.295142714071,0.212518778167,0.14371557336,0.095443164747,0.057185778668,0.033249874812,0.02063094642,0.012618928393,0.006509764647,0.003204807211,0.001402103155,,,,,pre_close,2026-05-03T20:34:19Z,002b537#phase10c,6116825e-18b5-4836-8ffc-d3503d32ff9e,ok,0.0,high,full,current_phase8,fresh,projected,derived_from_projected_minutes
"{""0"": 0.0374749498997996, ""1"": 0.06282565130260521, ""2"": 0.08877755511022044, ""3"": 0.1066132264529058, ""4"": 0.15801603206412826, ""5"": 0.15591182364729458, ""6"": 0.13507014028056114, ""7"": 0.10150300601202406, ""8"": 0.0658316633266533, ""9"": 0.038176352705410824, ""10"": 0.02525050100200401, ""11"": 0.014128256513026051, ""12"": 0.006312625250501002, ""13"": 0.002104208416833667, ""14"": 0.002004008016032064}",Paolo Banchero,38017683,ORL,DET,False,21684819,,ast,,,,,,predict.py:pmf_cal,phase8_role_aware_pmf_cal_v2,starter,4.902104,5,4,0.0374749499,0.9625250501,0.899699398798,0.810921843687,0.704308617234,0.54629258517,0.390380761523,0.255310621242,0.15380761523,0.087975951904,0.049799599198,0.024549098196,0.010420841683,0.004108216433,0.002004008016,0.0,0.0,0.0,0.0,0.0,0.0,,,,,pre_close,2026-05-03T20:34:19Z,002b537#phase10c,6116825e-18b5-4836-8ffc-d3503d32ff9e,ok,0.0,high,full,current_phase8,fresh,projected,derived_from_projected_minutes
"{""0"": 0.2791279127912792, ""1"": 0.34113411341134114, ""2"": 0.21352135213521353, ""3"": 0.093009300930093, ""4"": 0.049904990499049916, ""15"": 0.023302330233023305}",Paolo Banchero,38017683,ORL,DET,False,21684819,,fg3m,,,,,,predict.py:pmf_cal,phase8_role_aware_pmf_cal_v2,starter,1.59636,1,1,0.279127912791,0.720872087209,0.379737973797,0.166216621662,0.073207320732,0.023302330233,0.023302330233,0.023302330233,0.023302330233,0.023302330233,0.023302330233,0.023302330233,0.023302330233,0.023302330233,0.023302330233,0.023302330233,0.0,0.0,0.0,0.0,0.0,,,,,pre_close,2026-05-03T20:34:19Z,002b537#phase10c,6116825e-18b5-4836-8ffc-d3503d32ff9e,ok,0.0,high,full,current_phase8,fresh,projected,derived_from_projected_minutes
"{""0"": 0.364, ""1"": 0.2695, ""2"": 0.2207, ""3"": 0.0873, ""4"": 0.0086, ""5"": 0.0086, ""6"": 0.0073, ""7"": 0.0075, ""8"": 0.0092, ""9"": 0.0086, ""10"": 0.0087}",Paolo Banchero,38017683,ORL,DET,False,21684819,,stl,,,,,,predict.py:raw,phase8_role_aware_pmf_cal_v2,starter,1.3845,1,0,0.364,0.636,0.3665,0.1458,0.0585,0.0499,0.0413,0.034,0.0265,0.0173,0.0087,0.0,0.0,0.0,0.0,0.0,0.0,0.0,0.0,0.0,0.0,,,,,pre_close,2026-05-03T20:34:19Z,002b537#phase10c,6116825e-18b5-4836-8ffc-d3503d32ff9e,ok,0.0,high,full,current_phase8,fresh,projected,derived_from_projected_minutes
"{""0"": 0.016041708441949066, ""1"": 0.022458391818728694, ""2"": 0.034890715861239215, ""3"": 0.0475235612592741, ""4"": 0.06536996190094244, ""5"": 0.07639863645478243, ""6"": 0.09574894726288348, ""7"": 0.10988570282735109, ""8"": 0.10006015640665729, ""9"": 0.09965911369560856, ""10"": 0.08903148185281731, ""11"": 0.0710848205333868, ""12"": 0.055043112091437724, ""13"": 0.038901142971726484, ""14"": 0.02797272909564868, ""15"": 0.018447964708241425, ""16"": 0.013936234208943249, ""17"": 0.007619811509925805, ""18"": 0.005013033888109083, ""19"": 0.003408863043914176, ""20"": 0.0015039101664327248}",Wendell Carter Jr.,85,ORL,DET,False,21684819,,reb,,,,,,predict.py:pmf_cal,phase8_role_aware_pmf_cal_v2,rotation,7.963806,8,7,0.016041708442,0.983958291558,0.961499899739,0.926609183878,0.879085622619,0.813715660718,0.737317024263,0.641568077,0.531682374173,0.431622217766,0.331963104071,0.242931622218,0.171846801684,0.116803689593,0.077902546621,0.049929817526,0.031481852817,0.017545618608,0.009925807098,0.00491277321,0.001503910166,,,,,pre_close,2026-05-03T20:34:19Z,002b537#phase10c,6116825e-18b5-4836-8ffc-d3503d32ff9e,ok,0.0,high,full,current_phase8,fresh,projected,derived_from_projected_minutes
"{""0"": 0.013528409660286601, ""1"": 0.014831145405351237, ""2"": 0.01192504258943782, ""3"": 0.009419781541236598, ""4"": 0.01443030363763904, ""5"": 0.01563282894077563, ""6"": 0.022547349433811002, ""7"": 0.025954504459364664, ""8"": 0.027858502855997593, ""9"": 0.026555767110932958, ""10"": 0.0362761799779537, ""11"": 0.03296923539432809, ""12"": 0.039182282793867124, ""13"": 0.04068543942278785, ""14"": 0.04559575107726225, ""15"": 0.04198817516785249, ""16"": 0.04359154223870127, ""17"": 0.045896382403046394, ""18"": 0.04990480008016835, ""19"": 0.05030564184788055, ""20"": 0.03838059925844273, ""21"": 0.04158733340014029, ""22"": 0.04499448842569396, ""23"": 0.03898186191001102, ""24"": 0.029862711694558574, ""25"": 0.03637639041988175, ""26"": 0.02886060727527808, ""27"": 0.02004208838560978, ""28"": 0.024852189598156126, ""29"": 0.017035775127768313, ""30"": 0.016033670708487824, ""31"": 0.013127567892574406, ""32"": 0.008417677121956107, ""33"": 0.006814310051107325, ""34"": 0.007415572702675619, ""35"": 0.0045094698867622005, ""36"": 0.004208838560978053, ""37"": 0.0034071550255536623, ""39"": 0.002004208838560978, ""41"": 0.0012025253031365867, ""51"": 0.0014029461869926845, ""80"": 0.0014029461869926845}",Desmond Bane,3547287,ORL,DET,False,21684819,,pts,,,,,,predict.py:pmf_cal,phase8_role_aware_pmf_cal_v2,starter,17.322076,17,19,0.01352840966,0.98647159034,0.971640444934,0.959715402345,0.950295620804,0.935865317166,0.920232488225,0.897685138791,0.871730634332,0.843872131476,0.817316364365,0.781040184387,0.748070948993,0.708888666199,0.668203226776,0.622607475699,0.580619300531,0.537027758292,0.491131375889,0.441226575809,0.390920933961,,,,,pre_close,2026-05-03T20:34:19Z,002b537#phase10c,6116825e-18b5-4836-8ffc-d3503d32ff9e,ok,0.0,high,full,current_phase8,fresh,projected,derived_from_projected_minutes
"{""0"": 0.1416, ""1"": 0.3022, ""2"": 0.255, ""3"": 0.1626, ""4"": 0.0712, ""5"": 0.0441, ""15"": 0.0233}",Desmond Bane,3547287,ORL,DET,False,21684819,,fg3m,,,,,,predict.py:pmf_cal,phase8_role_aware_pmf_cal_v2,starter,2.1548,2,1,0.1416,0.8584,0.5562,0.3012,0.1386,0.0674,0.0233,0.0233,0.0233,0.0233,0.0233,0.0233,0.0233,0.0233,0.0233,0.0233,0.0,0.0,0.0,0.0,0.0,,,,,pre_close,2026-05-03T20:34:19Z,002b537#phase10c,6116825e-18b5-4836-8ffc-d3503d32ff9e,ok,0.0,high,full,current_phase8,fresh,projected,derived_from_projected_minutes
"{""0"": 0.6933, ""1"": 0.2045, ""2"": 0.0743, ""3"": 0.004, ""4"": 0.0037, ""5"": 0.0031, ""6"": 0.003, ""7"": 0.0028, ""8"": 0.0042, ""9"": 0.0033, ""10"": 0.0038}",Desmond Bane,3547287,ORL,DET,False,21684819,,blk,,,,,,predict.py:raw,phase8_role_aware_pmf_cal_v2,starter,0.5343,0,0,0.6933,0.3067,0.1022,0.0279,0.0239,0.0202,0.0171,0.0141,0.0113,0.0071,0.0038,0.0,0.0,0.0,0.0,0.0,0.0,0.0,0.0,0.0,0.0,,,,,pre_close,2026-05-03T20:34:19Z,002b537#phase10c,6116825e-18b5-4836-8ffc-d3503d32ff9e,ok,0.0,high,full,current_phase8,fresh,projected,derived_from_projected_minutes
"{""0"": 0.1672177136559463, ""1"": 0.21080052098988078, ""2"": 0.20739404869251576, ""3"": 0.1639114317202685, ""4"": 0.1111111111111111, ""5"": 0.06482316401162208, ""6"": 0.036268910930768464, ""7"": 0.01923654944394349, ""8"": 0.009317703636910129, ""9"": 0.005410279531109108, ""10"": 0.002705139765554554, ""11"": 0.0018034265103697023}",Tristan Da Silva,1028025497,ORL,DET,False,21684819,,reb,,,,,,predict.py:pmf_cal,phase8_role_aware_pmf_cal_v2,bench,2.408276,2,1,0.167217713656,0.832782286344,0.621981765354,0.414587716662,0.250676284941,0.13956517383,0.074742009819,0.038473098888,0.019236549444,0.009918845807,0.004508566276,0.00180342651,0.0,0.0,0.0,0.0,0.0,0.0,0.0,0.0,0.0,,,,,pre_close,2026-05-03T20:34:19Z,002b537#phase10c,6116825e-18b5-4836-8ffc-d3503d32ff9e,ok,0.0,medium,full,current_phase8,fresh,projected,derived_from_projected_minutes
"{""0"": 0.020804160832166435, ""1"": 0.015703140628125625, ""2"": 0.01660332066413283, ""3"": 0.01720344068813763, ""4"": 0.024804960992198442, ""5"": 0.026505301060212046, ""6"": 0.02840568113622725, ""7"": 0.03340668133626726, ""8"": 0.03560712142428486, ""9"": 0.037507501500300064, ""10"": 0.040108021604320865, ""11"": 0.04680936187237448, ""12"": 0.049709941988397684, ""13"": 0.049609921984396885, ""14"": 0.05291058211642329, ""15"": 0.057211442288457696, ""16"": 0.0587117423484697, ""17"": 0.05191038207641529, ""18"": 0.05221044208841769, ""19"": 0.04330866173234647, ""20"": 0.03650730146029206, ""21"": 0.03790758151630327, ""22"": 0.030206041208241653, ""23"": 0.027005401080216044, ""24"": 0.025605121024204845, ""25"": 0.020304060812162433, ""26"": 0.012702540508101622, ""27"": 0.012402480496099221, ""28"": 0.009301860372074415, ""29"": 0.00630126025205041, ""30"": 0.006101220244048811, ""31"": 0.005301060212042409, ""32"": 0.0016003200640128028, ""33"": 0.0029005801160232048, ""34"": 0.0022004400880176037, ""35"": 0.0016003200640128028, ""41"": 0.0016003200640128028, ""80"": 0.0014002800560112022}",Jalen Duren,38017694,DET,ORL,True,21684819,,pts,,,,,,predict.py:pmf_cal,phase8_role_aware_pmf_cal_v2,rotation,14.544909,15,16,0.020804160832,0.979195839168,0.96349269854,0.946889377876,0.929685937187,0.904880976195,0.878375675135,0.849969993999,0.816563312663,0.780956191238,0.743448689738,0.703340668134,0.656531306261,0.606821364273,0.557211442288,0.504300860172,0.447089417884,0.388377675535,0.336467293459,0.28425685137,0.240948189638,,,,,pre_close,2026-05-03T20:34:19Z,002b537#phase10c,6116825e-18b5-4836-8ffc-d3503d32ff9e,ok,0.0,high,full,current_phase8,fresh,projected,derived_from_projected_minutes
"{""0"": 0.6289, ""1"": 0.271, ""2"": 0.0662, ""3"": 0.0048, ""4"": 0.0043, ""5"": 0.0039, ""6"": 0.0037, ""7"": 0.0036, ""8"": 0.0049, ""9"": 0.0041, ""10"": 0.0046}",Jalen Duren,38017694,DET,ORL,True,21684819,,stl,,,,,,predict.py:raw,phase8_role_aware_pmf_cal_v2,rotation,0.624,0,0,0.6289,0.3711,0.1001,0.0339,0.0291,0.0248,0.0209,0.0172,0.0136,0.0087,0.0046,0.0,0.0,0.0,0.0,0.0,0.0,0.0,0.0,0.0,0.0,,,,,pre_close,2026-05-03T20:34:19Z,002b537#phase10c,6116825e-18b5-4836-8ffc-d3503d32ff9e,ok,0.0,high,full,current_phase8,fresh,projected,derived_from_projected_minutes
