game_date,run_date,run_id,run_mode,generated_at_utc,pipeline_version,model_version,model_artifact_hash,source_data_asof_utc,player_id,player_name,team,opponent,game_id,event_id,stat,line,role_bucket,hard_role_bucket,role_mixture_enabled,role_mixture_weights_json,role_entropy,role_bucket_confidence,projected_minutes,minutes_q10,minutes_q50,minutes_q90,inactive_risk,expected_lineup_status,official_lineup_status,injury_status,injury_source,injury_last_updated_utc,lineup_source,lineup_last_updated_utc,stale_injury_flag,stale_lineup_flag,market_line,p_over,model_prob_under_active,fair_over_odds,fair_under_odds,pmf_mean,pmf_variance,pmf_p10,pmf_p50,pmf_p90,market_prob_over,no_vig_market_prob_over,edge,market_status,delivery_status,unavailable_reason,calculation_source,calculation_status
2026-05-20,2026-05-20,960d8566-e93f-4257-adbb-7ee85c2becee,t25,2026-05-20T16:57:06Z,a5495614,a5495614#phase10c,challenger-2026-04-30,2026-05-20T16:57:02Z,1057262518,Dylan Harper,SAS,OKC,21713529,,reb,3.5,core,core,True,,,,25.69232395972869,,27.99162482292961,,0.05,projected,not_available_yet,fallback_used,bdl_plus_nba_official,2026-05-20T16:56:20Z,bdl_lineup_freshness_manifest,2026-05-20T16:56:01Z,False,False,3.5,0.8727166134052964,0.1272833865947036,-686.0,686.0,5.802962680865518,4.6184305515351625,3.0,6.0,9.0,0.5751633986928104,0.5751633986928104,0.2975532147124862,full,ready,Upstream wizard_of_odds package contains projected (not BDL-confirmed) lineup data; snapshot labelled near_tip to keep Derek's archive honest.,build_derek_forward_feed:v1_model_only_plus_market_reference,ok
2026-05-20,2026-05-20,960d8566-e93f-4257-adbb-7ee85c2becee,t25,2026-05-20T16:57:06Z,a5495614,a5495614#phase10c,challenger-2026-04-30,2026-05-20T16:57:02Z,1057262518,Dylan Harper,SAS,OKC,21713529,,reb,4.5,core,core,True,,,,25.69232395972869,,27.99162482292961,,0.05,projected,not_available_yet,fallback_used,bdl_plus_nba_official,2026-05-20T16:56:20Z,bdl_lineup_freshness_manifest,2026-05-20T16:56:01Z,False,False,4.5,0.7291357534108619,0.2708642465891381,-269.0,269.0,5.802962680865518,4.6184305515351625,3.0,6.0,9.0,0.4186744608578877,0.4186744608578877,0.3104612925529743,full,ready,Upstream wizard_of_odds package contains projected (not BDL-confirmed) lineup data; snapshot labelled near_tip to keep Derek's archive honest.,build_derek_forward_feed:v1_model_only_plus_market_reference,ok
2026-05-20,2026-05-20,960d8566-e93f-4257-adbb-7ee85c2becee,t25,2026-05-20T16:57:06Z,a5495614,a5495614#phase10c,challenger-2026-04-30,2026-05-20T16:57:02Z,1057262518,Dylan Harper,SAS,OKC,21713529,,reb,4.5,core,core,True,,,,25.69232395972869,,27.99162482292961,,0.05,projected,not_available_yet,fallback_used,bdl_plus_nba_official,2026-05-20T16:56:20Z,bdl_lineup_freshness_manifest,2026-05-20T16:56:01Z,False,False,4.5,0.7291357534108619,0.2708642465891381,-269.0,269.0,5.802962680865518,4.6184305515351625,3.0,6.0,9.0,0.4366812227074235,0.4366812227074235,0.2924545307034384,full,ready,Upstream wizard_of_odds package contains projected (not BDL-confirmed) lineup data; snapshot labelled near_tip to keep Derek's archive honest.,build_derek_forward_feed:v1_model_only_plus_market_reference,ok
2026-05-20,2026-05-20,960d8566-e93f-4257-adbb-7ee85c2becee,t25,2026-05-20T16:57:06Z,a5495614,a5495614#phase10c,challenger-2026-04-30,2026-05-20T16:57:02Z,1057262518,Dylan Harper,SAS,OKC,21713529,,reb,4.5,core,core,True,,,,25.69232395972869,,27.99162482292961,,0.05,projected,not_available_yet,fallback_used,bdl_plus_nba_official,2026-05-20T16:56:20Z,bdl_lineup_freshness_manifest,2026-05-20T16:56:01Z,False,False,4.5,0.7291357534108619,0.2708642465891381,-269.0,269.0,5.802962680865518,4.6184305515351625,3.0,6.0,9.0,0.4366812227074235,0.4366812227074235,0.2924545307034384,full,ready,Upstream wizard_of_odds package contains projected (not BDL-confirmed) lineup data; snapshot labelled near_tip to keep Derek's archive honest.,build_derek_forward_feed:v1_model_only_plus_market_reference,ok
2026-05-20,2026-05-20,960d8566-e93f-4257-adbb-7ee85c2becee,t25,2026-05-20T16:57:06Z,a5495614,a5495614#phase10c,challenger-2026-04-30,2026-05-20T16:57:02Z,1057262518,Dylan Harper,SAS,OKC,21713529,,reb,4.5,core,core,True,,,,25.69232395972869,,27.99162482292961,,0.05,projected,not_available_yet,fallback_used,bdl_plus_nba_official,2026-05-20T16:56:20Z,bdl_lineup_freshness_manifest,2026-05-20T16:56:01Z,False,False,4.5,0.7291357534108619,0.2708642465891381,-269.0,269.0,5.802962680865518,4.6184305515351625,3.0,6.0,9.0,0.4362416107382549,0.4362416107382549,0.292894142672607,full,ready,Upstream wizard_of_odds package contains projected (not BDL-confirmed) lineup data; snapshot labelled near_tip to keep Derek's archive honest.,build_derek_forward_feed:v1_model_only_plus_market_reference,ok
2026-05-20,2026-05-20,960d8566-e93f-4257-adbb-7ee85c2becee,t25,2026-05-20T16:57:06Z,a5495614,a5495614#phase10c,challenger-2026-04-30,2026-05-20T16:57:02Z,1057262518,Dylan Harper,SAS,OKC,21713529,,ast,3.5,core,core,True,,,,25.69232395972869,,27.99162482292961,,0.05,projected,not_available_yet,fallback_used,bdl_plus_nba_official,2026-05-20T16:56:20Z,bdl_lineup_freshness_manifest,2026-05-20T16:56:01Z,False,False,3.5,0.3319042408542837,0.6680957591457163,201.0,-201.0,2.923211339735312,2.128873652311928,1.0,3.0,5.0,0.4482629809488233,0.4482629809488233,-0.1163587400945395,full,ready,Upstream wizard_of_odds package contains projected (not BDL-confirmed) lineup data; snapshot labelled near_tip to keep Derek's archive honest.,build_derek_forward_feed:v1_model_only_plus_market_reference,ok
2026-05-20,2026-05-20,960d8566-e93f-4257-adbb-7ee85c2becee,t25,2026-05-20T16:57:06Z,a5495614,a5495614#phase10c,challenger-2026-04-30,2026-05-20T16:57:02Z,1057262518,Dylan Harper,SAS,OKC,21713529,,ast,3.5,core,core,True,,,,25.69232395972869,,27.99162482292961,,0.05,projected,not_available_yet,fallback_used,bdl_plus_nba_official,2026-05-20T16:56:20Z,bdl_lineup_freshness_manifest,2026-05-20T16:56:01Z,False,False,3.5,0.3319042408542837,0.6680957591457163,201.0,-201.0,2.923211339735312,2.128873652311928,1.0,3.0,5.0,0.4272363150867823,0.4272363150867823,-0.0953320742324985,full,ready,Upstream wizard_of_odds package contains projected (not BDL-confirmed) lineup data; snapshot labelled near_tip to keep Derek's archive honest.,build_derek_forward_feed:v1_model_only_plus_market_reference,ok
2026-05-20,2026-05-20,960d8566-e93f-4257-adbb-7ee85c2becee,t25,2026-05-20T16:57:06Z,a5495614,a5495614#phase10c,challenger-2026-04-30,2026-05-20T16:57:02Z,1057262518,Dylan Harper,SAS,OKC,21713529,,ast,3.5,core,core,True,,,,25.69232395972869,,27.99162482292961,,0.05,projected,not_available_yet,fallback_used,bdl_plus_nba_official,2026-05-20T16:56:20Z,bdl_lineup_freshness_manifest,2026-05-20T16:56:01Z,False,False,3.5,0.3319042408542837,0.6680957591457163,201.0,-201.0,2.923211339735312,2.128873652311928,1.0,3.0,5.0,0.4165029469548134,0.4165029469548134,-0.0845987061005296,full,ready,Upstream wizard_of_odds package contains projected (not BDL-confirmed) lineup data; snapshot labelled near_tip to keep Derek's archive honest.,build_derek_forward_feed:v1_model_only_plus_market_reference,ok
2026-05-20,2026-05-20,960d8566-e93f-4257-adbb-7ee85c2becee,t25,2026-05-20T16:57:06Z,a5495614,a5495614#phase10c,challenger-2026-04-30,2026-05-20T16:57:02Z,1057262518,Dylan Harper,SAS,OKC,21713529,,ast,3.5,core,core,True,,,,25.69232395972869,,27.99162482292961,,0.05,projected,not_available_yet,fallback_used,bdl_plus_nba_official,2026-05-20T16:56:20Z,bdl_lineup_freshness_manifest,2026-05-20T16:56:01Z,False,False,3.5,0.3319042408542837,0.6680957591457163,201.0,-201.0,2.923211339735312,2.128873652311928,1.0,3.0,5.0,0.4165029469548134,0.4165029469548134,-0.0845987061005296,full,ready,Upstream wizard_of_odds package contains projected (not BDL-confirmed) lineup data; snapshot labelled near_tip to keep Derek's archive honest.,build_derek_forward_feed:v1_model_only_plus_market_reference,ok
2026-05-20,2026-05-20,960d8566-e93f-4257-adbb-7ee85c2becee,t25,2026-05-20T16:57:06Z,a5495614,a5495614#phase10c,challenger-2026-04-30,2026-05-20T16:57:02Z,1057262518,Dylan Harper,SAS,OKC,21713529,,ast,2.5,core,core,True,,,,25.69232395972869,,27.99162482292961,,0.05,projected,not_available_yet,fallback_used,bdl_plus_nba_official,2026-05-20T16:56:20Z,bdl_lineup_freshness_manifest,2026-05-20T16:56:01Z,False,False,2.5,0.6145879026563176,0.3854120973436824,-159.0,159.0,2.923211339735312,2.128873652311928,1.0,3.0,5.0,0.6161482461945731,0.6161482461945731,-0.0015603435382555,full,ready,Upstream wizard_of_odds package contains projected (not BDL-confirmed) lineup data; snapshot labelled near_tip to keep Derek's archive honest.,build_derek_forward_feed:v1_model_only_plus_market_reference,ok
2026-05-20,2026-05-20,960d8566-e93f-4257-adbb-7ee85c2becee,t25,2026-05-20T16:57:06Z,a5495614,a5495614#phase10c,challenger-2026-04-30,2026-05-20T16:57:02Z,1057262518,Dylan Harper,SAS,OKC,21713529,,ast,3.5,core,core,True,,,,25.69232395972869,,27.99162482292961,,0.05,projected,not_available_yet,fallback_used,bdl_plus_nba_official,2026-05-20T16:56:20Z,bdl_lineup_freshness_manifest,2026-05-20T16:56:01Z,False,False,3.5,0.3319042408542837,0.6680957591457163,201.0,-201.0,2.923211339735312,2.128873652311928,1.0,3.0,5.0,0.4353835521769177,0.4353835521769177,-0.103479311322634,full,ready,Upstream wizard_of_odds package contains projected (not BDL-confirmed) lineup data; snapshot labelled near_tip to keep Derek's archive honest.,build_derek_forward_feed:v1_model_only_plus_market_reference,ok
2026-05-20,2026-05-20,960d8566-e93f-4257-adbb-7ee85c2becee,t25,2026-05-20T16:57:06Z,a5495614,a5495614#phase10c,challenger-2026-04-30,2026-05-20T16:57:02Z,1057262518,Dylan Harper,SAS,OKC,21713529,,ast,3.5,core,core,True,,,,25.69232395972869,,27.99162482292961,,0.05,projected,not_available_yet,fallback_used,bdl_plus_nba_official,2026-05-20T16:56:20Z,bdl_lineup_freshness_manifest,2026-05-20T16:56:01Z,False,False,3.5,0.3319042408542837,0.6680957591457163,201.0,-201.0,2.923211339735312,2.128873652311928,1.0,3.0,5.0,0.4542013626040878,0.4542013626040878,-0.122297121749804,full,ready,Upstream wizard_of_odds package contains projected (not BDL-confirmed) lineup data; snapshot labelled near_tip to keep Derek's archive honest.,build_derek_forward_feed:v1_model_only_plus_market_reference,ok
2026-05-20,2026-05-20,960d8566-e93f-4257-adbb-7ee85c2becee,t25,2026-05-20T16:57:06Z,a5495614,a5495614#phase10c,challenger-2026-04-30,2026-05-20T16:57:02Z,1057262518,Dylan Harper,SAS,OKC,21713529,,ast,3.5,core,core,True,,,,25.69232395972869,,27.99162482292961,,0.05,projected,not_available_yet,fallback_used,bdl_plus_nba_official,2026-05-20T16:56:20Z,bdl_lineup_freshness_manifest,2026-05-20T16:56:01Z,False,False,3.5,0.3319042408542837,0.6680957591457163,201.0,-201.0,2.923211339735312,2.128873652311928,1.0,3.0,5.0,0.449438202247191,0.449438202247191,-0.1175339613929072,full,ready,Upstream wizard_of_odds package contains projected (not BDL-confirmed) lineup data; snapshot labelled near_tip to keep Derek's archive honest.,build_derek_forward_feed:v1_model_only_plus_market_reference,ok
2026-05-20,2026-05-20,960d8566-e93f-4257-adbb-7ee85c2becee,t25,2026-05-20T16:57:06Z,a5495614,a5495614#phase10c,challenger-2026-04-30,2026-05-20T16:57:02Z,1057262518,Dylan Harper,SAS,OKC,21713529,,ast,3.5,core,core,True,,,,25.69232395972869,,27.99162482292961,,0.05,projected,not_available_yet,fallback_used,bdl_plus_nba_official,2026-05-20T16:56:20Z,bdl_lineup_freshness_manifest,2026-05-20T16:56:01Z,False,False,3.5,0.3319042408542837,0.6680957591457163,201.0,-201.0,2.923211339735312,2.128873652311928,1.0,3.0,5.0,0.4579439252336448,0.4579439252336448,-0.126039684379361,full,ready,Upstream wizard_of_odds package contains projected (not BDL-confirmed) lineup data; snapshot labelled near_tip to keep Derek's archive honest.,build_derek_forward_feed:v1_model_only_plus_market_reference,ok
2026-05-20,2026-05-20,960d8566-e93f-4257-adbb-7ee85c2becee,t25,2026-05-20T16:57:06Z,a5495614,a5495614#phase10c,challenger-2026-04-30,2026-05-20T16:57:02Z,1057262518,Dylan Harper,SAS,OKC,21713529,,ast,3.5,core,core,True,,,,25.69232395972869,,27.99162482292961,,0.05,projected,not_available_yet,fallback_used,bdl_plus_nba_official,2026-05-20T16:56:20Z,bdl_lineup_freshness_manifest,2026-05-20T16:56:01Z,False,False,3.5,0.3319042408542837,0.6680957591457163,201.0,-201.0,2.923211339735312,2.128873652311928,1.0,3.0,5.0,0.4414696667616063,0.4414696667616063,-0.1095654259073226,full,ready,Upstream wizard_of_odds package contains projected (not BDL-confirmed) lineup data; snapshot labelled near_tip to keep Derek's archive honest.,build_derek_forward_feed:v1_model_only_plus_market_reference,ok
2026-05-20,2026-05-20,960d8566-e93f-4257-adbb-7ee85c2becee,t25,2026-05-20T16:57:06Z,a5495614,a5495614#phase10c,challenger-2026-04-30,2026-05-20T16:57:02Z,1057262518,Dylan Harper,SAS,OKC,21713529,,ast,4.5,core,core,True,,,,25.69232395972869,,27.99162482292961,,0.05,projected,not_available_yet,fallback_used,bdl_plus_nba_official,2026-05-20T16:56:20Z,bdl_lineup_freshness_manifest,2026-05-20T16:56:01Z,False,False,4.5,0.1331068914463232,0.8668931085536767,651.0,-651.0,2.923211339735312,2.128873652311928,1.0,3.0,5.0,0.2941176470588235,0.2941176470588235,-0.1610107556125002,full,ready,Upstream wizard_of_odds package contains projected (not BDL-confirmed) lineup data; snapshot labelled near_tip to keep Derek's archive honest.,build_derek_forward_feed:v1_model_only_plus_market_reference,ok
2026-05-20,2026-05-20,960d8566-e93f-4257-adbb-7ee85c2becee,t25,2026-05-20T16:57:06Z,a5495614,a5495614#phase10c,challenger-2026-04-30,2026-05-20T16:57:02Z,1057262518,Dylan Harper,SAS,OKC,21713529,,ast,3.5,core,core,True,,,,25.69232395972869,,27.99162482292961,,0.05,projected,not_available_yet,fallback_used,bdl_plus_nba_official,2026-05-20T16:56:20Z,bdl_lineup_freshness_manifest,2026-05-20T16:56:01Z,False,False,3.5,0.3319042408542837,0.6680957591457163,201.0,-201.0,2.923211339735312,2.128873652311928,1.0,3.0,5.0,0.4366812227074235,0.4366812227074235,-0.1047769818531397,full,ready,Upstream wizard_of_odds package contains projected (not BDL-confirmed) lineup data; snapshot labelled near_tip to keep Derek's archive honest.,build_derek_forward_feed:v1_model_only_plus_market_reference,ok
2026-05-20,2026-05-20,960d8566-e93f-4257-adbb-7ee85c2becee,t25,2026-05-20T16:57:06Z,a5495614,a5495614#phase10c,challenger-2026-04-30,2026-05-20T16:57:02Z,1057262518,Dylan Harper,SAS,OKC,21713529,,ast,2.5,core,core,True,,,,25.69232395972869,,27.99162482292961,,0.05,projected,not_available_yet,fallback_used,bdl_plus_nba_official,2026-05-20T16:56:20Z,bdl_lineup_freshness_manifest,2026-05-20T16:56:01Z,False,False,2.5,0.6145879026563176,0.3854120973436824,-159.0,159.0,2.923211339735312,2.128873652311928,1.0,3.0,5.0,0.6666666666666667,0.6666666666666667,-0.0520787640103491,full,ready,Upstream wizard_of_odds package contains projected (not BDL-confirmed) lineup data; snapshot labelled near_tip to keep Derek's archive honest.,build_derek_forward_feed:v1_model_only_plus_market_reference,ok
2026-05-20,2026-05-20,960d8566-e93f-4257-adbb-7ee85c2becee,t25,2026-05-20T16:57:06Z,a5495614,a5495614#phase10c,challenger-2026-04-30,2026-05-20T16:57:02Z,1057262518,Dylan Harper,SAS,OKC,21713529,,ast,3.5,core,core,True,,,,25.69232395972869,,27.99162482292961,,0.05,projected,not_available_yet,fallback_used,bdl_plus_nba_official,2026-05-20T16:56:20Z,bdl_lineup_freshness_manifest,2026-05-20T16:56:01Z,False,False,3.5,0.3319042408542837,0.6680957591457163,201.0,-201.0,2.923211339735312,2.128873652311928,1.0,3.0,5.0,0.449438202247191,0.449438202247191,-0.1175339613929072,full,ready,Upstream wizard_of_odds package contains projected (not BDL-confirmed) lineup data; snapshot labelled near_tip to keep Derek's archive honest.,build_derek_forward_feed:v1_model_only_plus_market_reference,ok
2026-05-20,2026-05-20,960d8566-e93f-4257-adbb-7ee85c2becee,t25,2026-05-20T16:57:06Z,a5495614,a5495614#phase10c,challenger-2026-04-30,2026-05-20T16:57:02Z,1057262518,Dylan Harper,SAS,OKC,21713529,,ast,3.5,core,core,True,,,,25.69232395972869,,27.99162482292961,,0.05,projected,not_available_yet,fallback_used,bdl_plus_nba_official,2026-05-20T16:56:20Z,bdl_lineup_freshness_manifest,2026-05-20T16:56:01Z,False,False,3.5,0.3319042408542837,0.6680957591457163,201.0,-201.0,2.923211339735312,2.128873652311928,1.0,3.0,5.0,0.4278523489932886,0.4278523489932886,-0.0959481081390048,full,ready,Upstream wizard_of_odds package contains projected (not BDL-confirmed) lineup data; snapshot labelled near_tip to keep Derek's archive honest.,build_derek_forward_feed:v1_model_only_plus_market_reference,ok
2026-05-20,2026-05-20,960d8566-e93f-4257-adbb-7ee85c2becee,t25,2026-05-20T16:57:06Z,a5495614,a5495614#phase10c,challenger-2026-04-30,2026-05-20T16:57:02Z,1057262518,Dylan Harper,SAS,OKC,21713529,,fg3m,0.5,core,core,True,,,,25.69232395972869,,27.99162482292961,,0.05,projected,not_available_yet,fallback_used,bdl_plus_nba_official,2026-05-20T16:56:20Z,bdl_lineup_freshness_manifest,2026-05-20T16:56:01Z,False,False,0.5,0.6306860601443482,0.3693139398556517,-171.0,171.0,0.9935247385594004,0.9548128884412552,0.0,1.0,3.0,0.6430999320190347,0.6430999320190347,-0.0124138718746863,full,ready,Upstream wizard_of_odds package contains projected (not BDL-confirmed) lineup data; snapshot labelled near_tip to keep Derek's archive honest.,build_derek_forward_feed:v1_model_only_plus_market_reference,ok
2026-05-20,2026-05-20,960d8566-e93f-4257-adbb-7ee85c2becee,t25,2026-05-20T16:57:06Z,a5495614,a5495614#phase10c,challenger-2026-04-30,2026-05-20T16:57:02Z,1057262518,Dylan Harper,SAS,OKC,21713529,,fg3m,1.5,core,core,True,,,,25.69232395972869,,27.99162482292961,,0.05,projected,not_available_yet,fallback_used,bdl_plus_nba_official,2026-05-20T16:56:20Z,bdl_lineup_freshness_manifest,2026-05-20T16:56:01Z,False,False,1.5,0.2514875788244139,0.748512421175586,298.0,-298.0,0.9935247385594004,0.9548128884412552,0.0,1.0,3.0,0.3135593220338983,0.3135593220338983,-0.0620717432094843,full,ready,Upstream wizard_of_odds package contains projected (not BDL-confirmed) lineup data; snapshot labelled near_tip to keep Derek's archive honest.,build_derek_forward_feed:v1_model_only_plus_market_reference,ok
2026-05-20,2026-05-20,960d8566-e93f-4257-adbb-7ee85c2becee,t25,2026-05-20T16:57:06Z,a5495614,a5495614#phase10c,challenger-2026-04-30,2026-05-20T16:57:02Z,1057262518,Dylan Harper,SAS,OKC,21713529,,fg3m,2.5,core,core,True,,,,25.69232395972869,,27.99162482292961,,0.05,projected,not_available_yet,fallback_used,bdl_plus_nba_official,2026-05-20T16:56:20Z,bdl_lineup_freshness_manifest,2026-05-20T16:56:01Z,False,False,2.5,0.1113510995906379,0.8886489004093621,798.0,-798.0,0.9935247385594004,0.9548128884412552,0.0,1.0,3.0,0.1418439716312056,0.1418439716312056,-0.0304928720405676,full,ready,Upstream wizard_of_odds package contains projected (not BDL-confirmed) lineup data; snapshot labelled near_tip to keep Derek's archive honest.,build_derek_forward_feed:v1_model_only_plus_market_reference,ok
2026-05-20,2026-05-20,960d8566-e93f-4257-adbb-7ee85c2becee,t25,2026-05-20T16:57:06Z,a5495614,a5495614#phase10c,challenger-2026-04-30,2026-05-20T16:57:02Z,1057262518,Dylan Harper,SAS,OKC,21713529,,fg3m,0.5,core,core,True,,,,25.69232395972869,,27.99162482292961,,0.05,projected,not_available_yet,fallback_used,bdl_plus_nba_official,2026-05-20T16:56:20Z,bdl_lineup_freshness_manifest,2026-05-20T16:56:01Z,False,False,0.5,0.6306860601443482,0.3693139398556517,-171.0,171.0,0.9935247385594004,0.9548128884412552,0.0,1.0,3.0,0.625,0.625,0.0056860601443483,full,ready,Upstream wizard_of_odds package contains projected (not BDL-confirmed) lineup data; snapshot labelled near_tip to keep Derek's archive honest.,build_derek_forward_feed:v1_model_only_plus_market_reference,ok
2026-05-20,2026-05-20,960d8566-e93f-4257-adbb-7ee85c2becee,t25,2026-05-20T16:57:06Z,a5495614,a5495614#phase10c,challenger-2026-04-30,2026-05-20T16:57:02Z,1057262518,Dylan Harper,SAS,OKC,21713529,,fg3m,0.5,core,core,True,,,,25.69232395972869,,27.99162482292961,,0.05,projected,not_available_yet,fallback_used,bdl_plus_nba_official,2026-05-20T16:56:20Z,bdl_lineup_freshness_manifest,2026-05-20T16:56:01Z,False,False,0.5,0.6306860601443482,0.3693139398556517,-171.0,171.0,0.9935247385594004,0.9548128884412552,0.0,1.0,3.0,0.626865671641791,0.626865671641791,0.0038203885025573,full,ready,Upstream wizard_of_odds package contains projected (not BDL-confirmed) lineup data; snapshot labelled near_tip to keep Derek's archive honest.,build_derek_forward_feed:v1_model_only_plus_market_reference,ok
2026-05-20,2026-05-20,960d8566-e93f-4257-adbb-7ee85c2becee,t25,2026-05-20T16:57:06Z,a5495614,a5495614#phase10c,challenger-2026-04-30,2026-05-20T16:57:02Z,1057262518,Dylan Harper,SAS,OKC,21713529,,fg3m,0.5,core,core,True,,,,25.69232395972869,,27.99162482292961,,0.05,projected,not_available_yet,fallback_used,bdl_plus_nba_official,2026-05-20T16:56:20Z,bdl_lineup_freshness_manifest,2026-05-20T16:56:01Z,False,False,0.5,0.6306860601443482,0.3693139398556517,-171.0,171.0,0.9935247385594004,0.9548128884412552,0.0,1.0,3.0,0.6333530455351862,0.6333530455351862,-0.0026669853908378,full,ready,Upstream wizard_of_odds package contains projected (not BDL-confirmed) lineup data; snapshot labelled near_tip to keep Derek's archive honest.,build_derek_forward_feed:v1_model_only_plus_market_reference,ok
2026-05-20,2026-05-20,960d8566-e93f-4257-adbb-7ee85c2becee,t25,2026-05-20T16:57:06Z,a5495614,a5495614#phase10c,challenger-2026-04-30,2026-05-20T16:57:02Z,1057262518,Dylan Harper,SAS,OKC,21713529,,fg3m,0.5,core,core,True,,,,25.69232395972869,,27.99162482292961,,0.05,projected,not_available_yet,fallback_used,bdl_plus_nba_official,2026-05-20T16:56:20Z,bdl_lineup_freshness_manifest,2026-05-20T16:56:01Z,False,False,0.5,0.6306860601443482,0.3693139398556517,-171.0,171.0,0.9935247385594004,0.9548128884412552,0.0,1.0,3.0,0.6351653524773448,0.6351653524773448,-0.0044792923329964,full,ready,Upstream wizard_of_odds package contains projected (not BDL-confirmed) lineup data; snapshot labelled near_tip to keep Derek's archive honest.,build_derek_forward_feed:v1_model_only_plus_market_reference,ok
2026-05-20,2026-05-20,960d8566-e93f-4257-adbb-7ee85c2becee,t25,2026-05-20T16:57:06Z,a5495614,a5495614#phase10c,challenger-2026-04-30,2026-05-20T16:57:02Z,1057262518,Dylan Harper,SAS,OKC,21713529,,fg3m,0.5,core,core,True,,,,25.69232395972869,,27.99162482292961,,0.05,projected,not_available_yet,fallback_used,bdl_plus_nba_official,2026-05-20T16:56:20Z,bdl_lineup_freshness_manifest,2026-05-20T16:56:01Z,False,False,0.5,0.6306860601443482,0.3693139398556517,-171.0,171.0,0.9935247385594004,0.9548128884412552,0.0,1.0,3.0,0.623003194888179,0.623003194888179,0.0076828652561693,full,ready,Upstream wizard_of_odds package contains projected (not BDL-confirmed) lineup data; snapshot labelled near_tip to keep Derek's archive honest.,build_derek_forward_feed:v1_model_only_plus_market_reference,ok
2026-05-20,2026-05-20,960d8566-e93f-4257-adbb-7ee85c2becee,t25,2026-05-20T16:57:06Z,a5495614,a5495614#phase10c,challenger-2026-04-30,2026-05-20T16:57:02Z,1057262518,Dylan Harper,SAS,OKC,21713529,,fg3m,0.5,core,core,True,,,,25.69232395972869,,27.99162482292961,,0.05,projected,not_available_yet,fallback_used,bdl_plus_nba_official,2026-05-20T16:56:20Z,bdl_lineup_freshness_manifest,2026-05-20T16:56:01Z,False,False,0.5,0.6306860601443482,0.3693139398556517,-171.0,171.0,0.9935247385594004,0.9548128884412552,0.0,1.0,3.0,0.623003194888179,0.623003194888179,0.0076828652561693,full,ready,Upstream wizard_of_odds package contains projected (not BDL-confirmed) lineup data; snapshot labelled near_tip to keep Derek's archive honest.,build_derek_forward_feed:v1_model_only_plus_market_reference,ok
2026-05-20,2026-05-20,960d8566-e93f-4257-adbb-7ee85c2becee,t25,2026-05-20T16:57:06Z,a5495614,a5495614#phase10c,challenger-2026-04-30,2026-05-20T16:57:02Z,1057262518,Dylan Harper,SAS,OKC,21713529,,fg3m,2.5,core,core,True,,,,25.69232395972869,,27.99162482292961,,0.05,projected,not_available_yet,fallback_used,bdl_plus_nba_official,2026-05-20T16:56:20Z,bdl_lineup_freshness_manifest,2026-05-20T16:56:01Z,False,False,2.5,0.1113510995906379,0.8886489004093621,798.0,-798.0,0.9935247385594004,0.9548128884412552,0.0,1.0,3.0,0.1327433628318584,0.1327433628318584,-0.0213922632412204,full,ready,Upstream wizard_of_odds package contains projected (not BDL-confirmed) lineup data; snapshot labelled near_tip to keep Derek's archive honest.,build_derek_forward_feed:v1_model_only_plus_market_reference,ok
2026-05-20,2026-05-20,960d8566-e93f-4257-adbb-7ee85c2becee,t25,2026-05-20T16:57:06Z,a5495614,a5495614#phase10c,challenger-2026-04-30,2026-05-20T16:57:02Z,1057262518,Dylan Harper,SAS,OKC,21713529,,fg3m,1.5,core,core,True,,,,25.69232395972869,,27.99162482292961,,0.05,projected,not_available_yet,fallback_used,bdl_plus_nba_official,2026-05-20T16:56:20Z,bdl_lineup_freshness_manifest,2026-05-20T16:56:01Z,False,False,1.5,0.2514875788244139,0.748512421175586,298.0,-298.0,0.9935247385594004,0.9548128884412552,0.0,1.0,3.0,0.3231597845601436,0.3231597845601436,-0.0716722057357296,full,ready,Upstream wizard_of_odds package contains projected (not BDL-confirmed) lineup data; snapshot labelled near_tip to keep Derek's archive honest.,build_derek_forward_feed:v1_model_only_plus_market_reference,ok
2026-05-20,2026-05-20,960d8566-e93f-4257-adbb-7ee85c2becee,t25,2026-05-20T16:57:06Z,a5495614,a5495614#phase10c,challenger-2026-04-30,2026-05-20T16:57:02Z,1057262518,Dylan Harper,SAS,OKC,21713529,,fg3m,0.5,core,core,True,,,,25.69232395972869,,27.99162482292961,,0.05,projected,not_available_yet,fallback_used,bdl_plus_nba_official,2026-05-20T16:56:20Z,bdl_lineup_freshness_manifest,2026-05-20T16:56:01Z,False,False,0.5,0.6306860601443482,0.3693139398556517,-171.0,171.0,0.9935247385594004,0.9548128884412552,0.0,1.0,3.0,0.6395881006864989,0.6395881006864989,-0.0089020405421504,full,ready,Upstream wizard_of_odds package contains projected (not BDL-confirmed) lineup data; snapshot labelled near_tip to keep Derek's archive honest.,build_derek_forward_feed:v1_model_only_plus_market_reference,ok
2026-05-20,2026-05-20,960d8566-e93f-4257-adbb-7ee85c2becee,t25,2026-05-20T16:57:06Z,a5495614,a5495614#phase10c,challenger-2026-04-30,2026-05-20T16:57:02Z,1057262518,Dylan Harper,SAS,OKC,21713529,,fg3m,0.5,core,core,True,,,,25.69232395972869,,27.99162482292961,,0.05,projected,not_available_yet,fallback_used,bdl_plus_nba_official,2026-05-20T16:56:20Z,bdl_lineup_freshness_manifest,2026-05-20T16:56:01Z,False,False,0.5,0.6306860601443482,0.3693139398556517,-171.0,171.0,0.9935247385594004,0.9548128884412552,0.0,1.0,3.0,0.623003194888179,0.623003194888179,0.0076828652561693,full,ready,Upstream wizard_of_odds package contains projected (not BDL-confirmed) lineup data; snapshot labelled near_tip to keep Derek's archive honest.,build_derek_forward_feed:v1_model_only_plus_market_reference,ok
2026-05-20,2026-05-20,960d8566-e93f-4257-adbb-7ee85c2becee,t25,2026-05-20T16:57:06Z,a5495614,a5495614#phase10c,challenger-2026-04-30,2026-05-20T16:57:02Z,1057262518,Dylan Harper,SAS,OKC,21713529,,fg3m,0.5,core,core,True,,,,25.69232395972869,,27.99162482292961,,0.05,projected,not_available_yet,fallback_used,bdl_plus_nba_official,2026-05-20T16:56:20Z,bdl_lineup_freshness_manifest,2026-05-20T16:56:01Z,False,False,0.5,0.6306860601443482,0.3693139398556517,-171.0,171.0,0.9935247385594004,0.9548128884412552,0.0,1.0,3.0,0.6383866481223922,0.6383866481223922,-0.0077005879780438,full,ready,Upstream wizard_of_odds package contains projected (not BDL-confirmed) lineup data; snapshot labelled near_tip to keep Derek's archive honest.,build_derek_forward_feed:v1_model_only_plus_market_reference,ok
2026-05-20,2026-05-20,960d8566-e93f-4257-adbb-7ee85c2becee,t25,2026-05-20T16:57:06Z,a5495614,a5495614#phase10c,challenger-2026-04-30,2026-05-20T16:57:02Z,1057262518,Dylan Harper,SAS,OKC,21713529,,tov,,core,core,True,,,,25.69232395972869,,27.99162482292961,,0.05,projected,not_available_yet,fallback_used,bdl_plus_nba_official,2026-05-20T16:56:20Z,bdl_lineup_freshness_manifest,2026-05-20T16:56:01Z,False,False,,,,,,1.2456535907468442,0.5768851231472922,0.0,1.0,2.0,,,,no_market,ready,Upstream wizard_of_odds package contains projected (not BDL-confirmed) lineup data; snapshot labelled near_tip to keep Derek's archive honest.,build_derek_forward_feed:v1_model_only_plus_market_reference,ok
2026-05-20,2026-05-20,960d8566-e93f-4257-adbb-7ee85c2becee,t25,2026-05-20T16:57:06Z,a5495614,a5495614#phase10c,challenger-2026-04-30,2026-05-20T16:57:02Z,1057262518,Dylan Harper,SAS,OKC,21713529,,stl,0.5,core,core,True,,,,25.69232395972869,,27.99162482292961,,0.05,projected,not_available_yet,fallback_used,bdl_plus_nba_official,2026-05-20T16:56:20Z,bdl_lineup_freshness_manifest,2026-05-20T16:56:01Z,False,False,0.5,0.6599299977578561,0.3400700022421439,-194.0,194.0,1.114020391959188,1.9186320757472373,0.0,1.0,2.0,0.6395881006864989,0.6395881006864989,0.0203418970713573,full,ready,Upstream wizard_of_odds package contains projected (not BDL-confirmed) lineup data; snapshot labelled near_tip to keep Derek's archive honest.,build_derek_forward_feed:v1_model_only_plus_market_reference,ok
2026-05-20,2026-05-20,960d8566-e93f-4257-adbb-7ee85c2becee,t25,2026-05-20T16:57:06Z,a5495614,a5495614#phase10c,challenger-2026-04-30,2026-05-20T16:57:02Z,1057262518,Dylan Harper,SAS,OKC,21713529,,stl,0.5,core,core,True,,,,25.69232395972869,,27.99162482292961,,0.05,projected,not_available_yet,fallback_used,bdl_plus_nba_official,2026-05-20T16:56:20Z,bdl_lineup_freshness_manifest,2026-05-20T16:56:01Z,False,False,0.5,0.6599299977578561,0.3400700022421439,-194.0,194.0,1.114020391959188,1.9186320757472373,0.0,1.0,2.0,0.643563471401276,0.643563471401276,0.0163665263565802,full,ready,Upstream wizard_of_odds package contains projected (not BDL-confirmed) lineup data; snapshot labelled near_tip to keep Derek's archive honest.,build_derek_forward_feed:v1_model_only_plus_market_reference,ok
2026-05-20,2026-05-20,960d8566-e93f-4257-adbb-7ee85c2becee,t25,2026-05-20T16:57:06Z,a5495614,a5495614#phase10c,challenger-2026-04-30,2026-05-20T16:57:02Z,1057262518,Dylan Harper,SAS,OKC,21713529,,stl,0.5,core,core,True,,,,25.69232395972869,,27.99162482292961,,0.05,projected,not_available_yet,fallback_used,bdl_plus_nba_official,2026-05-20T16:56:20Z,bdl_lineup_freshness_manifest,2026-05-20T16:56:01Z,False,False,0.5,0.6599299977578561,0.3400700022421439,-194.0,194.0,1.114020391959188,1.9186320757472373,0.0,1.0,2.0,0.6516393442622951,0.6516393442622951,0.0082906534955611,full,ready,Upstream wizard_of_odds package contains projected (not BDL-confirmed) lineup data; snapshot labelled near_tip to keep Derek's archive honest.,build_derek_forward_feed:v1_model_only_plus_market_reference,ok
2026-05-20,2026-05-20,960d8566-e93f-4257-adbb-7ee85c2becee,t25,2026-05-20T16:57:06Z,a5495614,a5495614#phase10c,challenger-2026-04-30,2026-05-20T16:57:02Z,1057262518,Dylan Harper,SAS,OKC,21713529,,stl,0.5,core,core,True,,,,25.69232395972869,,27.99162482292961,,0.05,projected,not_available_yet,fallback_used,bdl_plus_nba_official,2026-05-20T16:56:20Z,bdl_lineup_freshness_manifest,2026-05-20T16:56:01Z,False,False,0.5,0.6599299977578561,0.3400700022421439,-194.0,194.0,1.114020391959188,1.9186320757472373,0.0,1.0,2.0,0.6333530455351862,0.6333530455351862,0.0265769522226699,full,ready,Upstream wizard_of_odds package contains projected (not BDL-confirmed) lineup data; snapshot labelled near_tip to keep Derek's archive honest.,build_derek_forward_feed:v1_model_only_plus_market_reference,ok
2026-05-20,2026-05-20,960d8566-e93f-4257-adbb-7ee85c2becee,t25,2026-05-20T16:57:06Z,a5495614,a5495614#phase10c,challenger-2026-04-30,2026-05-20T16:57:02Z,1057262518,Dylan Harper,SAS,OKC,21713529,,stl,0.5,core,core,True,,,,25.69232395972869,,27.99162482292961,,0.05,projected,not_available_yet,fallback_used,bdl_plus_nba_official,2026-05-20T16:56:20Z,bdl_lineup_freshness_manifest,2026-05-20T16:56:01Z,False,False,0.5,0.6599299977578561,0.3400700022421439,-194.0,194.0,1.114020391959188,1.9186320757472373,0.0,1.0,2.0,0.6516393442622951,0.6516393442622951,0.0082906534955611,full,ready,Upstream wizard_of_odds package contains projected (not BDL-confirmed) lineup data; snapshot labelled near_tip to keep Derek's archive honest.,build_derek_forward_feed:v1_model_only_plus_market_reference,ok
2026-05-20,2026-05-20,960d8566-e93f-4257-adbb-7ee85c2becee,t25,2026-05-20T16:57:06Z,a5495614,a5495614#phase10c,challenger-2026-04-30,2026-05-20T16:57:02Z,1057262518,Dylan Harper,SAS,OKC,21713529,,stl,0.5,core,core,True,,,,25.69232395972869,,27.99162482292961,,0.05,projected,not_available_yet,fallback_used,bdl_plus_nba_official,2026-05-20T16:56:20Z,bdl_lineup_freshness_manifest,2026-05-20T16:56:01Z,False,False,0.5,0.6599299977578561,0.3400700022421439,-194.0,194.0,1.114020391959188,1.9186320757472373,0.0,1.0,2.0,0.6516393442622951,0.6516393442622951,0.0082906534955611,full,ready,Upstream wizard_of_odds package contains projected (not BDL-confirmed) lineup data; snapshot labelled near_tip to keep Derek's archive honest.,build_derek_forward_feed:v1_model_only_plus_market_reference,ok
2026-05-20,2026-05-20,960d8566-e93f-4257-adbb-7ee85c2becee,t25,2026-05-20T16:57:06Z,a5495614,a5495614#phase10c,challenger-2026-04-30,2026-05-20T16:57:02Z,1057262518,Dylan Harper,SAS,OKC,21713529,,blk,0.5,core,core,True,,,,25.69232395972869,,27.99162482292961,,0.05,projected,not_available_yet,fallback_used,bdl_plus_nba_official,2026-05-20T16:56:20Z,bdl_lineup_freshness_manifest,2026-05-20T16:56:01Z,False,False,0.5,0.2292155058946894,0.7707844941053106,336.0,-336.0,0.4261614544722083,1.523439657654519,0.0,0.0,1.0,0.2714932126696832,0.2714932126696832,-0.0422777067749938,full,ready,Upstream wizard_of_odds package contains projected (not BDL-confirmed) lineup data; snapshot labelled near_tip to keep Derek's archive honest.,build_derek_forward_feed:v1_model_only_plus_market_reference,ok
2026-05-20,2026-05-20,960d8566-e93f-4257-adbb-7ee85c2becee,t25,2026-05-20T16:57:06Z,a5495614,a5495614#phase10c,challenger-2026-04-30,2026-05-20T16:57:02Z,1057262518,Dylan Harper,SAS,OKC,21713529,,blk,0.5,core,core,True,,,,25.69232395972869,,27.99162482292961,,0.05,projected,not_available_yet,fallback_used,bdl_plus_nba_official,2026-05-20T16:56:20Z,bdl_lineup_freshness_manifest,2026-05-20T16:56:01Z,False,False,0.5,0.2292155058946894,0.7707844941053106,336.0,-336.0,0.4261614544722083,1.523439657654519,0.0,0.0,1.0,0.2753317938437333,0.2753317938437333,-0.0461162879490439,full,ready,Upstream wizard_of_odds package contains projected (not BDL-confirmed) lineup data; snapshot labelled near_tip to keep Derek's archive honest.,build_derek_forward_feed:v1_model_only_plus_market_reference,ok
2026-05-20,2026-05-20,960d8566-e93f-4257-adbb-7ee85c2becee,t25,2026-05-20T16:57:06Z,a5495614,a5495614#phase10c,challenger-2026-04-30,2026-05-20T16:57:02Z,1057262518,Dylan Harper,SAS,OKC,21713529,,blk,0.5,core,core,True,,,,25.69232395972869,,27.99162482292961,,0.05,projected,not_available_yet,fallback_used,bdl_plus_nba_official,2026-05-20T16:56:20Z,bdl_lineup_freshness_manifest,2026-05-20T16:56:01Z,False,False,0.5,0.2292155058946894,0.7707844941053106,336.0,-336.0,0.4261614544722083,1.523439657654519,0.0,0.0,1.0,0.2834645669291338,0.2834645669291338,-0.0542490610344444,full,ready,Upstream wizard_of_odds package contains projected (not BDL-confirmed) lineup data; snapshot labelled near_tip to keep Derek's archive honest.,build_derek_forward_feed:v1_model_only_plus_market_reference,ok
2026-05-20,2026-05-20,960d8566-e93f-4257-adbb-7ee85c2becee,t25,2026-05-20T16:57:06Z,a5495614,a5495614#phase10c,challenger-2026-04-30,2026-05-20T16:57:02Z,1057262518,Dylan Harper,SAS,OKC,21713529,,blk,0.5,core,core,True,,,,25.69232395972869,,27.99162482292961,,0.05,projected,not_available_yet,fallback_used,bdl_plus_nba_official,2026-05-20T16:56:20Z,bdl_lineup_freshness_manifest,2026-05-20T16:56:01Z,False,False,0.5,0.2292155058946894,0.7707844941053106,336.0,-336.0,0.4261614544722083,1.523439657654519,0.0,0.0,1.0,0.2834645669291338,0.2834645669291338,-0.0542490610344444,full,ready,Upstream wizard_of_odds package contains projected (not BDL-confirmed) lineup data; snapshot labelled near_tip to keep Derek's archive honest.,build_derek_forward_feed:v1_model_only_plus_market_reference,ok
2026-05-20,2026-05-20,960d8566-e93f-4257-adbb-7ee85c2becee,t25,2026-05-20T16:57:06Z,a5495614,a5495614#phase10c,challenger-2026-04-30,2026-05-20T16:57:02Z,1057262518,Dylan Harper,SAS,OKC,21713529,,blk,0.5,core,core,True,,,,25.69232395972869,,27.99162482292961,,0.05,projected,not_available_yet,fallback_used,bdl_plus_nba_official,2026-05-20T16:56:20Z,bdl_lineup_freshness_manifest,2026-05-20T16:56:01Z,False,False,0.5,0.2292155058946894,0.7707844941053106,336.0,-336.0,0.4261614544722083,1.523439657654519,0.0,0.0,1.0,0.2834645669291338,0.2834645669291338,-0.0542490610344444,full,ready,Upstream wizard_of_odds package contains projected (not BDL-confirmed) lineup data; snapshot labelled near_tip to keep Derek's archive honest.,build_derek_forward_feed:v1_model_only_plus_market_reference,ok
2026-05-20,2026-05-20,960d8566-e93f-4257-adbb-7ee85c2becee,t25,2026-05-20T16:57:06Z,a5495614,a5495614#phase10c,challenger-2026-04-30,2026-05-20T16:57:02Z,1057262518,Dylan Harper,SAS,OKC,21713529,,stocks,1.5,core,core,True,,,,25.69232395972869,,27.99162482292961,,0.05,projected,not_available_yet,fallback_used,bdl_plus_nba_official,2026-05-20T16:56:20Z,bdl_lineup_freshness_manifest,2026-05-20T16:56:01Z,False,False,1.5,0.349852146357742,0.650147853642258,186.0,-186.0,1.5401818464313966,3.442071733401756,0.0,1.0,3.0,0.408482008770349,0.408482008770349,-0.0586298624126069,full,ready,Upstream wizard_of_odds package contains projected (not BDL-confirmed) lineup data; snapshot labelled near_tip to keep Derek's archive honest.,build_derek_forward_feed:v1_model_only_plus_market_reference,ok
2026-05-20,2026-05-20,960d8566-e93f-4257-adbb-7ee85c2becee,t25,2026-05-20T16:57:06Z,a5495614,a5495614#phase10c,challenger-2026-04-30,2026-05-20T16:57:02Z,1057262518,Dylan Harper,SAS,OKC,21713529,,pa,15.5,core,core,True,,,,25.69232395972869,,27.99162482292961,,0.05,projected,not_available_yet,fallback_used,bdl_plus_nba_official,2026-05-20T16:56:20Z,bdl_lineup_freshness_manifest,2026-05-20T16:56:01Z,False,False,15.5,0.6288081061400855,0.3711918938599144,-169.0,169.0,18.170609016999485,50.63636165935048,9.0,18.0,27.0,0.4898785425101215,0.4898785425101215,0.1389295636299639,full,ready,Upstream wizard_of_odds package contains projected (not BDL-confirmed) lineup data; snapshot labelled near_tip to keep Derek's archive honest.,build_derek_forward_feed:v1_model_only_plus_market_reference,ok
2026-05-20,2026-05-20,960d8566-e93f-4257-adbb-7ee85c2becee,t25,2026-05-20T16:57:06Z,a5495614,a5495614#phase10c,challenger-2026-04-30,2026-05-20T16:57:02Z,1057262518,Dylan Harper,SAS,OKC,21713529,,pa,14.5,core,core,True,,,,25.69232395972869,,27.99162482292961,,0.05,projected,not_available_yet,fallback_used,bdl_plus_nba_official,2026-05-20T16:56:20Z,bdl_lineup_freshness_manifest,2026-05-20T16:56:01Z,False,False,14.5,0.6845308628012609,0.3154691371987391,-217.0,217.0,18.170609016999485,50.63636165935048,9.0,18.0,27.0,0.554140127388535,0.554140127388535,0.1303907354127257,full,ready,Upstream wizard_of_odds package contains projected (not BDL-confirmed) lineup data; snapshot labelled near_tip to keep Derek's archive honest.,build_derek_forward_feed:v1_model_only_plus_market_reference,ok
2026-05-20,2026-05-20,960d8566-e93f-4257-adbb-7ee85c2becee,t25,2026-05-20T16:57:06Z,a5495614,a5495614#phase10c,challenger-2026-04-30,2026-05-20T16:57:02Z,1057262518,Dylan Harper,SAS,OKC,21713529,,pa,13.5,core,core,True,,,,25.69232395972869,,27.99162482292961,,0.05,projected,not_available_yet,fallback_used,bdl_plus_nba_official,2026-05-20T16:56:20Z,bdl_lineup_freshness_manifest,2026-05-20T16:56:01Z,False,False,13.5,0.736565124907161,0.263434875092839,-280.0,280.0,18.170609016999485,50.63636165935048,9.0,18.0,27.0,0.6161482461945731,0.6161482461945731,0.1204168787125877,full,ready,Upstream wizard_of_odds package contains projected (not BDL-confirmed) lineup data; snapshot labelled near_tip to keep Derek's archive honest.,build_derek_forward_feed:v1_model_only_plus_market_reference,ok
2026-05-20,2026-05-20,960d8566-e93f-4257-adbb-7ee85c2becee,t25,2026-05-20T16:57:06Z,a5495614,a5495614#phase10c,challenger-2026-04-30,2026-05-20T16:57:02Z,1057262518,Dylan Harper,SAS,OKC,21713529,,pa,16.5,core,core,True,,,,25.69232395972869,,27.99162482292961,,0.05,projected,not_available_yet,fallback_used,bdl_plus_nba_official,2026-05-20T16:56:20Z,bdl_lineup_freshness_manifest,2026-05-20T16:56:01Z,False,False,16.5,0.5712637081572518,0.4287362918427482,-133.0,133.0,18.170609016999485,50.63636165935048,9.0,18.0,27.0,0.5,0.5,0.0712637081572515,full,ready,Upstream wizard_of_odds package contains projected (not BDL-confirmed) lineup data; snapshot labelled near_tip to keep Derek's archive honest.,build_derek_forward_feed:v1_model_only_plus_market_reference,ok
2026-05-20,2026-05-20,960d8566-e93f-4257-adbb-7ee85c2becee,t25,2026-05-20T16:57:06Z,a5495614,a5495614#phase10c,challenger-2026-04-30,2026-05-20T16:57:02Z,1057262518,Dylan Harper,SAS,OKC,21713529,,pa,15.5,core,core,True,,,,25.69232395972869,,27.99162482292961,,0.05,projected,not_available_yet,fallback_used,bdl_plus_nba_official,2026-05-20T16:56:20Z,bdl_lineup_freshness_manifest,2026-05-20T16:56:01Z,False,False,15.5,0.6288081061400855,0.3711918938599144,-169.0,169.0,18.170609016999485,50.63636165935048,9.0,18.0,27.0,0.5182600227235838,0.5182600227235838,0.1105480834165015,full,ready,Upstream wizard_of_odds package contains projected (not BDL-confirmed) lineup data; snapshot labelled near_tip to keep Derek's archive honest.,build_derek_forward_feed:v1_model_only_plus_market_reference,ok
2026-05-20,2026-05-20,960d8566-e93f-4257-adbb-7ee85c2becee,t25,2026-05-20T16:57:06Z,a5495614,a5495614#phase10c,challenger-2026-04-30,2026-05-20T16:57:02Z,1057262518,Dylan Harper,SAS,OKC,21713529,,pa,15.5,core,core,True,,,,25.69232395972869,,27.99162482292961,,0.05,projected,not_available_yet,fallback_used,bdl_plus_nba_official,2026-05-20T16:56:20Z,bdl_lineup_freshness_manifest,2026-05-20T16:56:01Z,False,False,15.5,0.6288081061400855,0.3711918938599144,-169.0,169.0,18.170609016999485,50.63636165935048,9.0,18.0,27.0,0.5203045685279188,0.5203045685279188,0.1085035376121665,full,ready,Upstream wizard_of_odds package contains projected (not BDL-confirmed) lineup data; snapshot labelled near_tip to keep Derek's archive honest.,build_derek_forward_feed:v1_model_only_plus_market_reference,ok
2026-05-20,2026-05-20,960d8566-e93f-4257-adbb-7ee85c2becee,t25,2026-05-20T16:57:06Z,a5495614,a5495614#phase10c,challenger-2026-04-30,2026-05-20T16:57:02Z,1057262518,Dylan Harper,SAS,OKC,21713529,,pa,16.5,core,core,True,,,,25.69232395972869,,27.99162482292961,,0.05,projected,not_available_yet,fallback_used,bdl_plus_nba_official,2026-05-20T16:56:20Z,bdl_lineup_freshness_manifest,2026-05-20T16:56:01Z,False,False,16.5,0.5712637081572518,0.4287362918427482,-133.0,133.0,18.170609016999485,50.63636165935048,9.0,18.0,27.0,0.4693877551020409,0.4693877551020409,0.1018759530552106,full,ready,Upstream wizard_of_odds package contains projected (not BDL-confirmed) lineup data; snapshot labelled near_tip to keep Derek's archive honest.,build_derek_forward_feed:v1_model_only_plus_market_reference,ok
2026-05-20,2026-05-20,960d8566-e93f-4257-adbb-7ee85c2becee,t25,2026-05-20T16:57:06Z,a5495614,a5495614#phase10c,challenger-2026-04-30,2026-05-20T16:57:02Z,1057262518,Dylan Harper,SAS,OKC,21713529,,pa,15.5,core,core,True,,,,25.69232395972869,,27.99162482292961,,0.05,projected,not_available_yet,fallback_used,bdl_plus_nba_official,2026-05-20T16:56:20Z,bdl_lineup_freshness_manifest,2026-05-20T16:56:01Z,False,False,15.5,0.6288081061400855,0.3711918938599144,-169.0,169.0,18.170609016999485,50.63636165935048,9.0,18.0,27.0,0.5203045685279188,0.5203045685279188,0.1085035376121665,full,ready,Upstream wizard_of_odds package contains projected (not BDL-confirmed) lineup data; snapshot labelled near_tip to keep Derek's archive honest.,build_derek_forward_feed:v1_model_only_plus_market_reference,ok
2026-05-20,2026-05-20,960d8566-e93f-4257-adbb-7ee85c2becee,t25,2026-05-20T16:57:06Z,a5495614,a5495614#phase10c,challenger-2026-04-30,2026-05-20T16:57:02Z,1057262518,Dylan Harper,SAS,OKC,21713529,,pa,15.5,core,core,True,,,,25.69232395972869,,27.99162482292961,,0.05,projected,not_available_yet,fallback_used,bdl_plus_nba_official,2026-05-20T16:56:20Z,bdl_lineup_freshness_manifest,2026-05-20T16:56:01Z,False,False,15.5,0.6288081061400855,0.3711918938599144,-169.0,169.0,18.170609016999485,50.63636165935048,9.0,18.0,27.0,0.5286532951289399,0.5286532951289399,0.1001548110111455,full,ready,Upstream wizard_of_odds package contains projected (not BDL-confirmed) lineup data; snapshot labelled near_tip to keep Derek's archive honest.,build_derek_forward_feed:v1_model_only_plus_market_reference,ok
2026-05-20,2026-05-20,960d8566-e93f-4257-adbb-7ee85c2becee,t25,2026-05-20T16:57:06Z,a5495614,a5495614#phase10c,challenger-2026-04-30,2026-05-20T16:57:02Z,1057262518,Dylan Harper,SAS,OKC,21713529,,pa,15.5,core,core,True,,,,25.69232395972869,,27.99162482292961,,0.05,projected,not_available_yet,fallback_used,bdl_plus_nba_official,2026-05-20T16:56:20Z,bdl_lineup_freshness_manifest,2026-05-20T16:56:01Z,False,False,15.5,0.6288081061400855,0.3711918938599144,-169.0,169.0,18.170609016999485,50.63636165935048,9.0,18.0,27.0,0.5203045685279188,0.5203045685279188,0.1085035376121665,full,ready,Upstream wizard_of_odds package contains projected (not BDL-confirmed) lineup data; snapshot labelled near_tip to keep Derek's archive honest.,build_derek_forward_feed:v1_model_only_plus_market_reference,ok
2026-05-20,2026-05-20,960d8566-e93f-4257-adbb-7ee85c2becee,t25,2026-05-20T16:57:06Z,a5495614,a5495614#phase10c,challenger-2026-04-30,2026-05-20T16:57:02Z,1057262518,Dylan Harper,SAS,OKC,21713529,,pr,14.5,core,core,True,,,,25.69232395972869,,27.99162482292961,,0.05,projected,not_available_yet,fallback_used,bdl_plus_nba_official,2026-05-20T16:56:20Z,bdl_lineup_freshness_manifest,2026-05-20T16:56:01Z,False,False,14.5,0.8146894296776347,0.1853105703223653,-440.0,440.0,21.05036035812968,53.12591855857431,12.0,21.0,31.0,0.6090534979423868,0.6090534979423868,0.2056359317352478,full,ready,Upstream wizard_of_odds package contains projected (not BDL-confirmed) lineup data; snapshot labelled near_tip to keep Derek's archive honest.,build_derek_forward_feed:v1_model_only_plus_market_reference,ok
2026-05-20,2026-05-20,960d8566-e93f-4257-adbb-7ee85c2becee,t25,2026-05-20T16:57:06Z,a5495614,a5495614#phase10c,challenger-2026-04-30,2026-05-20T16:57:02Z,1057262518,Dylan Harper,SAS,OKC,21713529,,pr,15.5,core,core,True,,,,25.69232395972869,,27.99162482292961,,0.05,projected,not_available_yet,fallback_used,bdl_plus_nba_official,2026-05-20T16:56:20Z,bdl_lineup_freshness_manifest,2026-05-20T16:56:01Z,False,False,15.5,0.7722560712278445,0.2277439287721555,-339.0,339.0,21.05036035812968,53.12591855857431,12.0,21.0,31.0,0.554140127388535,0.554140127388535,0.2181159438393094,full,ready,Upstream wizard_of_odds package contains projected (not BDL-confirmed) lineup data; snapshot labelled near_tip to keep Derek's archive honest.,build_derek_forward_feed:v1_model_only_plus_market_reference,ok
2026-05-20,2026-05-20,960d8566-e93f-4257-adbb-7ee85c2becee,t25,2026-05-20T16:57:06Z,a5495614,a5495614#phase10c,challenger-2026-04-30,2026-05-20T16:57:02Z,1057262518,Dylan Harper,SAS,OKC,21713529,,pr,16.5,core,core,True,,,,25.69232395972869,,27.99162482292961,,0.05,projected,not_available_yet,fallback_used,bdl_plus_nba_official,2026-05-20T16:56:20Z,bdl_lineup_freshness_manifest,2026-05-20T16:56:01Z,False,False,16.5,0.7249748423678847,0.2750251576321153,-264.0,264.0,21.05036035812968,53.12591855857431,12.0,21.0,31.0,0.4898785425101215,0.4898785425101215,0.235096299857763,full,ready,Upstream wizard_of_odds package contains projected (not BDL-confirmed) lineup data; snapshot labelled near_tip to keep Derek's archive honest.,build_derek_forward_feed:v1_model_only_plus_market_reference,ok
2026-05-20,2026-05-20,960d8566-e93f-4257-adbb-7ee85c2becee,t25,2026-05-20T16:57:06Z,a5495614,a5495614#phase10c,challenger-2026-04-30,2026-05-20T16:57:02Z,1057262518,Dylan Harper,SAS,OKC,21713529,,pr,17.5,core,core,True,,,,25.69232395972869,,27.99162482292961,,0.05,projected,not_available_yet,fallback_used,bdl_plus_nba_official,2026-05-20T16:56:20Z,bdl_lineup_freshness_manifest,2026-05-20T16:56:01Z,False,False,17.5,0.6738573213809059,0.3261426786190941,-207.0,207.0,21.05036035812968,53.12591855857431,12.0,21.0,31.0,0.4898785425101215,0.4898785425101215,0.1839787788707846,full,ready,Upstream wizard_of_odds package contains projected (not BDL-confirmed) lineup data; snapshot labelled near_tip to keep Derek's archive honest.,build_derek_forward_feed:v1_model_only_plus_market_reference,ok
2026-05-20,2026-05-20,960d8566-e93f-4257-adbb-7ee85c2becee,t25,2026-05-20T16:57:06Z,a5495614,a5495614#phase10c,challenger-2026-04-30,2026-05-20T16:57:02Z,1057262518,Dylan Harper,SAS,OKC,21713529,,pr,16.5,core,core,True,,,,25.69232395972869,,27.99162482292961,,0.05,projected,not_available_yet,fallback_used,bdl_plus_nba_official,2026-05-20T16:56:20Z,bdl_lineup_freshness_manifest,2026-05-20T16:56:01Z,False,False,16.5,0.7249748423678847,0.2750251576321153,-264.0,264.0,21.05036035812968,53.12591855857431,12.0,21.0,31.0,0.5080942166821806,0.5080942166821806,0.216880625685704,full,ready,Upstream wizard_of_odds package contains projected (not BDL-confirmed) lineup data; snapshot labelled near_tip to keep Derek's archive honest.,build_derek_forward_feed:v1_model_only_plus_market_reference,ok
2026-05-20,2026-05-20,960d8566-e93f-4257-adbb-7ee85c2becee,t25,2026-05-20T16:57:06Z,a5495614,a5495614#phase10c,challenger-2026-04-30,2026-05-20T16:57:02Z,1057262518,Dylan Harper,SAS,OKC,21713529,,pr,16.5,core,core,True,,,,25.69232395972869,,27.99162482292961,,0.05,projected,not_available_yet,fallback_used,bdl_plus_nba_official,2026-05-20T16:56:20Z,bdl_lineup_freshness_manifest,2026-05-20T16:56:01Z,False,False,16.5,0.7249748423678847,0.2750251576321153,-264.0,264.0,21.05036035812968,53.12591855857431,12.0,21.0,31.0,0.5101214574898786,0.5101214574898786,0.2148533848780059,full,ready,Upstream wizard_of_odds package contains projected (not BDL-confirmed) lineup data; snapshot labelled near_tip to keep Derek's archive honest.,build_derek_forward_feed:v1_model_only_plus_market_reference,ok
2026-05-20,2026-05-20,960d8566-e93f-4257-adbb-7ee85c2becee,t25,2026-05-20T16:57:06Z,a5495614,a5495614#phase10c,challenger-2026-04-30,2026-05-20T16:57:02Z,1057262518,Dylan Harper,SAS,OKC,21713529,,pr,16.5,core,core,True,,,,25.69232395972869,,27.99162482292961,,0.05,projected,not_available_yet,fallback_used,bdl_plus_nba_official,2026-05-20T16:56:20Z,bdl_lineup_freshness_manifest,2026-05-20T16:56:01Z,False,False,16.5,0.7249748423678847,0.2750251576321153,-264.0,264.0,21.05036035812968,53.12591855857431,12.0,21.0,31.0,0.5203045685279188,0.5203045685279188,0.2046702738399657,full,ready,Upstream wizard_of_odds package contains projected (not BDL-confirmed) lineup data; snapshot labelled near_tip to keep Derek's archive honest.,build_derek_forward_feed:v1_model_only_plus_market_reference,ok
2026-05-20,2026-05-20,960d8566-e93f-4257-adbb-7ee85c2becee,t25,2026-05-20T16:57:06Z,a5495614,a5495614#phase10c,challenger-2026-04-30,2026-05-20T16:57:02Z,1057262518,Dylan Harper,SAS,OKC,21713529,,pr,16.5,core,core,True,,,,25.69232395972869,,27.99162482292961,,0.05,projected,not_available_yet,fallback_used,bdl_plus_nba_official,2026-05-20T16:56:20Z,bdl_lineup_freshness_manifest,2026-05-20T16:56:01Z,False,False,16.5,0.7249748423678847,0.2750251576321153,-264.0,264.0,21.05036035812968,53.12591855857431,12.0,21.0,31.0,0.5101214574898786,0.5101214574898786,0.2148533848780059,full,ready,Upstream wizard_of_odds package contains projected (not BDL-confirmed) lineup data; snapshot labelled near_tip to keep Derek's archive honest.,build_derek_forward_feed:v1_model_only_plus_market_reference,ok
2026-05-20,2026-05-20,960d8566-e93f-4257-adbb-7ee85c2becee,t25,2026-05-20T16:57:06Z,a5495614,a5495614#phase10c,challenger-2026-04-30,2026-05-20T16:57:02Z,1057262518,Dylan Harper,SAS,OKC,21713529,,pr,16.5,core,core,True,,,,25.69232395972869,,27.99162482292961,,0.05,projected,not_available_yet,fallback_used,bdl_plus_nba_official,2026-05-20T16:56:20Z,bdl_lineup_freshness_manifest,2026-05-20T16:56:01Z,False,False,16.5,0.7249748423678847,0.2750251576321153,-264.0,264.0,21.05036035812968,53.12591855857431,12.0,21.0,31.0,0.5420560747663551,0.5420560747663551,0.1829187676015294,full,ready,Upstream wizard_of_odds package contains projected (not BDL-confirmed) lineup data; snapshot labelled near_tip to keep Derek's archive honest.,build_derek_forward_feed:v1_model_only_plus_market_reference,ok
2026-05-20,2026-05-20,960d8566-e93f-4257-adbb-7ee85c2becee,t25,2026-05-20T16:57:06Z,a5495614,a5495614#phase10c,challenger-2026-04-30,2026-05-20T16:57:02Z,1057262518,Dylan Harper,SAS,OKC,21713529,,pr,16.5,core,core,True,,,,25.69232395972869,,27.99162482292961,,0.05,projected,not_available_yet,fallback_used,bdl_plus_nba_official,2026-05-20T16:56:20Z,bdl_lineup_freshness_manifest,2026-05-20T16:56:01Z,False,False,16.5,0.7249748423678847,0.2750251576321153,-264.0,264.0,21.05036035812968,53.12591855857431,12.0,21.0,31.0,0.5101214574898786,0.5101214574898786,0.2148533848780059,full,ready,Upstream wizard_of_odds package contains projected (not BDL-confirmed) lineup data; snapshot labelled near_tip to keep Derek's archive honest.,build_derek_forward_feed:v1_model_only_plus_market_reference,ok
2026-05-20,2026-05-20,960d8566-e93f-4257-adbb-7ee85c2becee,t25,2026-05-20T16:57:06Z,a5495614,a5495614#phase10c,challenger-2026-04-30,2026-05-20T16:57:02Z,1057262518,Dylan Harper,SAS,OKC,21713529,,ra,7.5,core,core,True,,,,25.69232395972869,,27.99162482292961,,0.05,projected,not_available_yet,fallback_used,bdl_plus_nba_official,2026-05-20T16:56:20Z,bdl_lineup_freshness_manifest,2026-05-20T16:56:01Z,False,False,7.5,0.6783355765431185,0.3216644234568815,-211.0,211.0,8.72617402060083,6.747304203847136,5.0,9.0,12.0,0.5141838223374939,0.5141838223374939,0.1641517542056243,full,ready,Upstream wizard_of_odds package contains projected (not BDL-confirmed) lineup data; snapshot labelled near_tip to keep Derek's archive honest.,build_derek_forward_feed:v1_model_only_plus_market_reference,ok
2026-05-20,2026-05-20,960d8566-e93f-4257-adbb-7ee85c2becee,t25,2026-05-20T16:57:06Z,a5495614,a5495614#phase10c,challenger-2026-04-30,2026-05-20T16:57:02Z,1057262518,Dylan Harper,SAS,OKC,21713529,,ra,6.5,core,core,True,,,,25.69232395972869,,27.99162482292961,,0.05,projected,not_available_yet,fallback_used,bdl_plus_nba_official,2026-05-20T16:56:20Z,bdl_lineup_freshness_manifest,2026-05-20T16:56:01Z,False,False,6.5,0.8080080652206941,0.1919919347793058,-421.0,421.0,8.72617402060083,6.747304203847136,5.0,9.0,12.0,0.5915279878971256,0.5915279878971256,0.2164800773235682,full,ready,Upstream wizard_of_odds package contains projected (not BDL-confirmed) lineup data; snapshot labelled near_tip to keep Derek's archive honest.,build_derek_forward_feed:v1_model_only_plus_market_reference,ok
2026-05-20,2026-05-20,960d8566-e93f-4257-adbb-7ee85c2becee,t25,2026-05-20T16:57:06Z,a5495614,a5495614#phase10c,challenger-2026-04-30,2026-05-20T16:57:02Z,1057262518,Dylan Harper,SAS,OKC,21713529,,ra,7.5,core,core,True,,,,25.69232395972869,,27.99162482292961,,0.05,projected,not_available_yet,fallback_used,bdl_plus_nba_official,2026-05-20T16:56:20Z,bdl_lineup_freshness_manifest,2026-05-20T16:56:01Z,False,False,7.5,0.6783355765431185,0.3216644234568815,-211.0,211.0,8.72617402060083,6.747304203847136,5.0,9.0,12.0,0.4693877551020409,0.4693877551020409,0.2089478214410773,full,ready,Upstream wizard_of_odds package contains projected (not BDL-confirmed) lineup data; snapshot labelled near_tip to keep Derek's archive honest.,build_derek_forward_feed:v1_model_only_plus_market_reference,ok
2026-05-20,2026-05-20,960d8566-e93f-4257-adbb-7ee85c2becee,t25,2026-05-20T16:57:06Z,a5495614,a5495614#phase10c,challenger-2026-04-30,2026-05-20T16:57:02Z,1057262518,Dylan Harper,SAS,OKC,21713529,,ra,8.5,core,core,True,,,,25.69232395972869,,27.99162482292961,,0.05,projected,not_available_yet,fallback_used,bdl_plus_nba_official,2026-05-20T16:56:20Z,bdl_lineup_freshness_manifest,2026-05-20T16:56:01Z,False,False,8.5,0.5245214668141498,0.4754785331858502,-110.0,110.0,8.72617402060083,6.747304203847136,5.0,9.0,12.0,0.3604118993135011,0.3604118993135011,0.1641095675006484,full,ready,Upstream wizard_of_odds package contains projected (not BDL-confirmed) lineup data; snapshot labelled near_tip to keep Derek's archive honest.,build_derek_forward_feed:v1_model_only_plus_market_reference,ok
2026-05-20,2026-05-20,960d8566-e93f-4257-adbb-7ee85c2becee,t25,2026-05-20T16:57:06Z,a5495614,a5495614#phase10c,challenger-2026-04-30,2026-05-20T16:57:02Z,1057262518,Dylan Harper,SAS,OKC,21713529,,ra,7.5,core,core,True,,,,25.69232395972869,,27.99162482292961,,0.05,projected,not_available_yet,fallback_used,bdl_plus_nba_official,2026-05-20T16:56:20Z,bdl_lineup_freshness_manifest,2026-05-20T16:56:01Z,False,False,7.5,0.6783355765431185,0.3216644234568815,-211.0,211.0,8.72617402060083,6.747304203847136,5.0,9.0,12.0,0.4788135593220339,0.4788135593220339,0.1995220172210843,full,ready,Upstream wizard_of_odds package contains projected (not BDL-confirmed) lineup data; snapshot labelled near_tip to keep Derek's archive honest.,build_derek_forward_feed:v1_model_only_plus_market_reference,ok
2026-05-20,2026-05-20,960d8566-e93f-4257-adbb-7ee85c2becee,t25,2026-05-20T16:57:06Z,a5495614,a5495614#phase10c,challenger-2026-04-30,2026-05-20T16:57:02Z,1057262518,Dylan Harper,SAS,OKC,21713529,,ra,7.5,core,core,True,,,,25.69232395972869,,27.99162482292961,,0.05,projected,not_available_yet,fallback_used,bdl_plus_nba_official,2026-05-20T16:56:20Z,bdl_lineup_freshness_manifest,2026-05-20T16:56:01Z,False,False,7.5,0.6783355765431185,0.3216644234568815,-211.0,211.0,8.72617402060083,6.747304203847136,5.0,9.0,12.0,0.5,0.5,0.1783355765431182,full,ready,Upstream wizard_of_odds package contains projected (not BDL-confirmed) lineup data; snapshot labelled near_tip to keep Derek's archive honest.,build_derek_forward_feed:v1_model_only_plus_market_reference,ok
2026-05-20,2026-05-20,960d8566-e93f-4257-adbb-7ee85c2becee,t25,2026-05-20T16:57:06Z,a5495614,a5495614#phase10c,challenger-2026-04-30,2026-05-20T16:57:02Z,1057262518,Dylan Harper,SAS,OKC,21713529,,ra,7.5,core,core,True,,,,25.69232395972869,,27.99162482292961,,0.05,projected,not_available_yet,fallback_used,bdl_plus_nba_official,2026-05-20T16:56:20Z,bdl_lineup_freshness_manifest,2026-05-20T16:56:01Z,False,False,7.5,0.6783355765431185,0.3216644234568815,-211.0,211.0,8.72617402060083,6.747304203847136,5.0,9.0,12.0,0.4898785425101215,0.4898785425101215,0.1884570340329967,full,ready,Upstream wizard_of_odds package contains projected (not BDL-confirmed) lineup data; snapshot labelled near_tip to keep Derek's archive honest.,build_derek_forward_feed:v1_model_only_plus_market_reference,ok
2026-05-20,2026-05-20,960d8566-e93f-4257-adbb-7ee85c2becee,t25,2026-05-20T16:57:06Z,a5495614,a5495614#phase10c,challenger-2026-04-30,2026-05-20T16:57:02Z,1057262518,Dylan Harper,SAS,OKC,21713529,,ra,7.5,core,core,True,,,,25.69232395972869,,27.99162482292961,,0.05,projected,not_available_yet,fallback_used,bdl_plus_nba_official,2026-05-20T16:56:20Z,bdl_lineup_freshness_manifest,2026-05-20T16:56:01Z,False,False,7.5,0.6783355765431185,0.3216644234568815,-211.0,211.0,8.72617402060083,6.747304203847136,5.0,9.0,12.0,0.4898785425101215,0.4898785425101215,0.1884570340329967,full,ready,Upstream wizard_of_odds package contains projected (not BDL-confirmed) lineup data; snapshot labelled near_tip to keep Derek's archive honest.,build_derek_forward_feed:v1_model_only_plus_market_reference,ok
2026-05-20,2026-05-20,960d8566-e93f-4257-adbb-7ee85c2becee,t25,2026-05-20T16:57:06Z,a5495614,a5495614#phase10c,challenger-2026-04-30,2026-05-20T16:57:02Z,1057262518,Dylan Harper,SAS,OKC,21713529,,ra,7.5,core,core,True,,,,25.69232395972869,,27.99162482292961,,0.05,projected,not_available_yet,fallback_used,bdl_plus_nba_official,2026-05-20T16:56:20Z,bdl_lineup_freshness_manifest,2026-05-20T16:56:01Z,False,False,7.5,0.6783355765431185,0.3216644234568815,-211.0,211.0,8.72617402060083,6.747304203847136,5.0,9.0,12.0,0.5,0.5,0.1783355765431182,full,ready,Upstream wizard_of_odds package contains projected (not BDL-confirmed) lineup data; snapshot labelled near_tip to keep Derek's archive honest.,build_derek_forward_feed:v1_model_only_plus_market_reference,ok
2026-05-20,2026-05-20,960d8566-e93f-4257-adbb-7ee85c2becee,t25,2026-05-20T16:57:06Z,a5495614,a5495614#phase10c,challenger-2026-04-30,2026-05-20T16:57:02Z,1057262518,Dylan Harper,SAS,OKC,21713529,,ra,7.5,core,core,True,,,,25.69232395972869,,27.99162482292961,,0.05,projected,not_available_yet,fallback_used,bdl_plus_nba_official,2026-05-20T16:56:20Z,bdl_lineup_freshness_manifest,2026-05-20T16:56:01Z,False,False,7.5,0.6783355765431185,0.3216644234568815,-211.0,211.0,8.72617402060083,6.747304203847136,5.0,9.0,12.0,0.490521327014218,0.490521327014218,0.1878142495289002,full,ready,Upstream wizard_of_odds package contains projected (not BDL-confirmed) lineup data; snapshot labelled near_tip to keep Derek's archive honest.,build_derek_forward_feed:v1_model_only_plus_market_reference,ok
2026-05-20,2026-05-20,960d8566-e93f-4257-adbb-7ee85c2becee,t25,2026-05-20T16:57:06Z,a5495614,a5495614#phase10c,challenger-2026-04-30,2026-05-20T16:57:02Z,1057262518,Dylan Harper,SAS,OKC,21713529,,pra,20.5,core,core,True,,,,25.69232395972869,,27.99162482292961,,0.05,projected,not_available_yet,fallback_used,bdl_plus_nba_official,2026-05-20T16:56:20Z,bdl_lineup_freshness_manifest,2026-05-20T16:56:01Z,False,False,20.5,0.6666283593086584,0.3333716406913416,-200.0,200.0,23.973571697865,55.25479221088585,15.0,24.0,34.0,0.5141838223374939,0.5141838223374939,0.1524445369711645,full,ready,Upstream wizard_of_odds package contains projected (not BDL-confirmed) lineup data; snapshot labelled near_tip to keep Derek's archive honest.,build_derek_forward_feed:v1_model_only_plus_market_reference,ok
2026-05-20,2026-05-20,960d8566-e93f-4257-adbb-7ee85c2becee,t25,2026-05-20T16:57:06Z,a5495614,a5495614#phase10c,challenger-2026-04-30,2026-05-20T16:57:02Z,1057262518,Dylan Harper,SAS,OKC,21713529,,pra,17.5,core,core,True,,,,25.69232395972869,,27.99162482292961,,0.05,projected,not_available_yet,fallback_used,bdl_plus_nba_official,2026-05-20T16:56:20Z,bdl_lineup_freshness_manifest,2026-05-20T16:56:01Z,False,False,17.5,0.80636961427868,0.1936303857213199,-416.0,416.0,23.973571697865,55.25479221088585,15.0,24.0,34.0,0.6090534979423868,0.6090534979423868,0.1973161163362934,full,ready,Upstream wizard_of_odds package contains projected (not BDL-confirmed) lineup data; snapshot labelled near_tip to keep Derek's archive honest.,build_derek_forward_feed:v1_model_only_plus_market_reference,ok
2026-05-20,2026-05-20,960d8566-e93f-4257-adbb-7ee85c2becee,t25,2026-05-20T16:57:06Z,a5495614,a5495614#phase10c,challenger-2026-04-30,2026-05-20T16:57:02Z,1057262518,Dylan Harper,SAS,OKC,21713529,,pra,18.5,core,core,True,,,,25.69232395972869,,27.99162482292961,,0.05,projected,not_available_yet,fallback_used,bdl_plus_nba_official,2026-05-20T16:56:20Z,bdl_lineup_freshness_manifest,2026-05-20T16:56:01Z,False,False,18.5,0.7638803462080213,0.2361196537919787,-324.0,324.0,23.973571697865,55.25479221088585,15.0,24.0,34.0,0.554140127388535,0.554140127388535,0.2097402188194864,full,ready,Upstream wizard_of_odds package contains projected (not BDL-confirmed) lineup data; snapshot labelled near_tip to keep Derek's archive honest.,build_derek_forward_feed:v1_model_only_plus_market_reference,ok
2026-05-20,2026-05-20,960d8566-e93f-4257-adbb-7ee85c2becee,t25,2026-05-20T16:57:06Z,a5495614,a5495614#phase10c,challenger-2026-04-30,2026-05-20T16:57:02Z,1057262518,Dylan Harper,SAS,OKC,21713529,,pra,19.5,core,core,True,,,,25.69232395972869,,27.99162482292961,,0.05,projected,not_available_yet,fallback_used,bdl_plus_nba_official,2026-05-20T16:56:20Z,bdl_lineup_freshness_manifest,2026-05-20T16:56:01Z,False,False,19.5,0.7170665142176287,0.2829334857823713,-253.0,253.0,23.973571697865,55.25479221088585,15.0,24.0,34.0,0.5,0.5,0.2170665142176289,full,ready,Upstream wizard_of_odds package contains projected (not BDL-confirmed) lineup data; snapshot labelled near_tip to keep Derek's archive honest.,build_derek_forward_feed:v1_model_only_plus_market_reference,ok
2026-05-20,2026-05-20,960d8566-e93f-4257-adbb-7ee85c2becee,t25,2026-05-20T16:57:06Z,a5495614,a5495614#phase10c,challenger-2026-04-30,2026-05-20T16:57:02Z,1057262518,Dylan Harper,SAS,OKC,21713529,,pra,20.5,core,core,True,,,,25.69232395972869,,27.99162482292961,,0.05,projected,not_available_yet,fallback_used,bdl_plus_nba_official,2026-05-20T16:56:20Z,bdl_lineup_freshness_manifest,2026-05-20T16:56:01Z,False,False,20.5,0.6666283593086584,0.3333716406913416,-200.0,200.0,23.973571697865,55.25479221088585,15.0,24.0,34.0,0.4592085979482169,0.4592085979482169,0.2074197613604416,full,ready,Upstream wizard_of_odds package contains projected (not BDL-confirmed) lineup data; snapshot labelled near_tip to keep Derek's archive honest.,build_derek_forward_feed:v1_model_only_plus_market_reference,ok
2026-05-20,2026-05-20,960d8566-e93f-4257-adbb-7ee85c2becee,t25,2026-05-20T16:57:06Z,a5495614,a5495614#phase10c,challenger-2026-04-30,2026-05-20T16:57:02Z,1057262518,Dylan Harper,SAS,OKC,21713529,,pra,21.5,core,core,True,,,,25.69232395972869,,27.99162482292961,,0.05,projected,not_available_yet,fallback_used,bdl_plus_nba_official,2026-05-20T16:56:20Z,bdl_lineup_freshness_manifest,2026-05-20T16:56:01Z,False,False,21.5,0.6135415837493903,0.3864584162506097,-159.0,159.0,23.973571697865,55.25479221088585,15.0,24.0,34.0,0.4084720121028743,0.4084720121028743,0.2050695716465161,full,ready,Upstream wizard_of_odds package contains projected (not BDL-confirmed) lineup data; snapshot labelled near_tip to keep Derek's archive honest.,build_derek_forward_feed:v1_model_only_plus_market_reference,ok
2026-05-20,2026-05-20,960d8566-e93f-4257-adbb-7ee85c2becee,t25,2026-05-20T16:57:06Z,a5495614,a5495614#phase10c,challenger-2026-04-30,2026-05-20T16:57:02Z,1057262518,Dylan Harper,SAS,OKC,21713529,,pra,19.5,core,core,True,,,,25.69232395972869,,27.99162482292961,,0.05,projected,not_available_yet,fallback_used,bdl_plus_nba_official,2026-05-20T16:56:20Z,bdl_lineup_freshness_manifest,2026-05-20T16:56:01Z,False,False,19.5,0.7170665142176287,0.2829334857823713,-253.0,253.0,23.973571697865,55.25479221088585,15.0,24.0,34.0,0.4753937007874017,0.4753937007874017,0.2416728134302272,full,ready,Upstream wizard_of_odds package contains projected (not BDL-confirmed) lineup data; snapshot labelled near_tip to keep Derek's archive honest.,build_derek_forward_feed:v1_model_only_plus_market_reference,ok
2026-05-20,2026-05-20,960d8566-e93f-4257-adbb-7ee85c2becee,t25,2026-05-20T16:57:06Z,a5495614,a5495614#phase10c,challenger-2026-04-30,2026-05-20T16:57:02Z,1057262518,Dylan Harper,SAS,OKC,21713529,,pra,19.5,core,core,True,,,,25.69232395972869,,27.99162482292961,,0.05,projected,not_available_yet,fallback_used,bdl_plus_nba_official,2026-05-20T16:56:20Z,bdl_lineup_freshness_manifest,2026-05-20T16:56:01Z,False,False,19.5,0.7170665142176287,0.2829334857823713,-253.0,253.0,23.973571697865,55.25479221088585,15.0,24.0,34.0,0.5,0.5,0.2170665142176289,full,ready,Upstream wizard_of_odds package contains projected (not BDL-confirmed) lineup data; snapshot labelled near_tip to keep Derek's archive honest.,build_derek_forward_feed:v1_model_only_plus_market_reference,ok
2026-05-20,2026-05-20,960d8566-e93f-4257-adbb-7ee85c2becee,t25,2026-05-20T16:57:06Z,a5495614,a5495614#phase10c,challenger-2026-04-30,2026-05-20T16:57:02Z,1057262518,Dylan Harper,SAS,OKC,21713529,,pra,20.5,core,core,True,,,,25.69232395972869,,27.99162482292961,,0.05,projected,not_available_yet,fallback_used,bdl_plus_nba_official,2026-05-20T16:56:20Z,bdl_lineup_freshness_manifest,2026-05-20T16:56:01Z,False,False,20.5,0.6666283593086584,0.3333716406913416,-200.0,200.0,23.973571697865,55.25479221088585,15.0,24.0,34.0,0.4817399772764161,0.4817399772764161,0.1848883820322423,full,ready,Upstream wizard_of_odds package contains projected (not BDL-confirmed) lineup data; snapshot labelled near_tip to keep Derek's archive honest.,build_derek_forward_feed:v1_model_only_plus_market_reference,ok
2026-05-20,2026-05-20,960d8566-e93f-4257-adbb-7ee85c2becee,t25,2026-05-20T16:57:06Z,a5495614,a5495614#phase10c,challenger-2026-04-30,2026-05-20T16:57:02Z,1057262518,Dylan Harper,SAS,OKC,21713529,,pra,20.5,core,core,True,,,,25.69232395972869,,27.99162482292961,,0.05,projected,not_available_yet,fallback_used,bdl_plus_nba_official,2026-05-20T16:56:20Z,bdl_lineup_freshness_manifest,2026-05-20T16:56:01Z,False,False,20.5,0.6666283593086584,0.3333716406913416,-200.0,200.0,23.973571697865,55.25479221088585,15.0,24.0,34.0,0.5,0.5,0.1666283593086585,full,ready,Upstream wizard_of_odds package contains projected (not BDL-confirmed) lineup data; snapshot labelled near_tip to keep Derek's archive honest.,build_derek_forward_feed:v1_model_only_plus_market_reference,ok
2026-05-20,2026-05-20,960d8566-e93f-4257-adbb-7ee85c2becee,t25,2026-05-20T16:57:06Z,a5495614,a5495614#phase10c,challenger-2026-04-30,2026-05-20T16:57:02Z,1057262518,Dylan Harper,SAS,OKC,21713529,,pra,20.5,core,core,True,,,,25.69232395972869,,27.99162482292961,,0.05,projected,not_available_yet,fallback_used,bdl_plus_nba_official,2026-05-20T16:56:20Z,bdl_lineup_freshness_manifest,2026-05-20T16:56:01Z,False,False,20.5,0.6666283593086584,0.3333716406913416,-200.0,200.0,23.973571697865,55.25479221088585,15.0,24.0,34.0,0.4898785425101215,0.4898785425101215,0.1767498167985369,full,ready,Upstream wizard_of_odds package contains projected (not BDL-confirmed) lineup data; snapshot labelled near_tip to keep Derek's archive honest.,build_derek_forward_feed:v1_model_only_plus_market_reference,ok
2026-05-20,2026-05-20,960d8566-e93f-4257-adbb-7ee85c2becee,t25,2026-05-20T16:57:06Z,a5495614,a5495614#phase10c,challenger-2026-04-30,2026-05-20T16:57:02Z,1057262518,Dylan Harper,SAS,OKC,21713529,,pra,20.5,core,core,True,,,,25.69232395972869,,27.99162482292961,,0.05,projected,not_available_yet,fallback_used,bdl_plus_nba_official,2026-05-20T16:56:20Z,bdl_lineup_freshness_manifest,2026-05-20T16:56:01Z,False,False,20.5,0.6666283593086584,0.3333716406913416,-200.0,200.0,23.973571697865,55.25479221088585,15.0,24.0,34.0,0.4208701134930643,0.4208701134930643,0.2457582458155942,full,ready,Upstream wizard_of_odds package contains projected (not BDL-confirmed) lineup data; snapshot labelled near_tip to keep Derek's archive honest.,build_derek_forward_feed:v1_model_only_plus_market_reference,ok
2026-05-20,2026-05-20,960d8566-e93f-4257-adbb-7ee85c2becee,t25,2026-05-20T16:57:06Z,a5495614,a5495614#phase10c,challenger-2026-04-30,2026-05-20T16:57:02Z,1057262518,Dylan Harper,SAS,OKC,21713529,,pra,19.5,core,core,True,,,,25.69232395972869,,27.99162482292961,,0.05,projected,not_available_yet,fallback_used,bdl_plus_nba_official,2026-05-20T16:56:20Z,bdl_lineup_freshness_manifest,2026-05-20T16:56:01Z,False,False,19.5,0.7170665142176287,0.2829334857823713,-253.0,253.0,23.973571697865,55.25479221088585,15.0,24.0,34.0,0.485816177662506,0.485816177662506,0.2312503365551228,full,ready,Upstream wizard_of_odds package contains projected (not BDL-confirmed) lineup data; snapshot labelled near_tip to keep Derek's archive honest.,build_derek_forward_feed:v1_model_only_plus_market_reference,ok
2026-05-20,2026-05-20,960d8566-e93f-4257-adbb-7ee85c2becee,t25,2026-05-20T16:57:06Z,a5495614,a5495614#phase10c,challenger-2026-04-30,2026-05-20T16:57:02Z,1057262518,Dylan Harper,SAS,OKC,21713529,,pra,18.5,core,core,True,,,,25.69232395972869,,27.99162482292961,,0.05,projected,not_available_yet,fallback_used,bdl_plus_nba_official,2026-05-20T16:56:20Z,bdl_lineup_freshness_manifest,2026-05-20T16:56:01Z,False,False,18.5,0.7638803462080213,0.2361196537919787,-324.0,324.0,23.973571697865,55.25479221088585,15.0,24.0,34.0,0.5491734847219903,0.5491734847219903,0.2147068614860311,full,ready,Upstream wizard_of_odds package contains projected (not BDL-confirmed) lineup data; snapshot labelled near_tip to keep Derek's archive honest.,build_derek_forward_feed:v1_model_only_plus_market_reference,ok
2026-05-20,2026-05-20,960d8566-e93f-4257-adbb-7ee85c2becee,t25,2026-05-20T16:57:06Z,a5495614,a5495614#phase10c,challenger-2026-04-30,2026-05-20T16:57:02Z,1057262518,Dylan Harper,SAS,OKC,21713529,,pra,20.5,core,core,True,,,,25.69232395972869,,27.99162482292961,,0.05,projected,not_available_yet,fallback_used,bdl_plus_nba_official,2026-05-20T16:56:20Z,bdl_lineup_freshness_manifest,2026-05-20T16:56:01Z,False,False,20.5,0.6666283593086584,0.3333716406913416,-200.0,200.0,23.973571697865,55.25479221088585,15.0,24.0,34.0,0.5,0.5,0.1666283593086585,full,ready,Upstream wizard_of_odds package contains projected (not BDL-confirmed) lineup data; snapshot labelled near_tip to keep Derek's archive honest.,build_derek_forward_feed:v1_model_only_plus_market_reference,ok
2026-05-20,2026-05-20,960d8566-e93f-4257-adbb-7ee85c2becee,t25,2026-05-20T16:57:06Z,a5495614,a5495614#phase10c,challenger-2026-04-30,2026-05-20T16:57:02Z,1057262518,Dylan Harper,SAS,OKC,21713529,,pra,20.5,core,core,True,,,,25.69232395972869,,27.99162482292961,,0.05,projected,not_available_yet,fallback_used,bdl_plus_nba_official,2026-05-20T16:56:20Z,bdl_lineup_freshness_manifest,2026-05-20T16:56:01Z,False,False,20.5,0.6666283593086584,0.3333716406913416,-200.0,200.0,23.973571697865,55.25479221088585,15.0,24.0,34.0,0.5,0.5,0.1666283593086585,full,ready,Upstream wizard_of_odds package contains projected (not BDL-confirmed) lineup data; snapshot labelled near_tip to keep Derek's archive honest.,build_derek_forward_feed:v1_model_only_plus_market_reference,ok
2026-05-20,2026-05-20,960d8566-e93f-4257-adbb-7ee85c2becee,t25,2026-05-20T16:57:06Z,a5495614,a5495614#phase10c,challenger-2026-04-30,2026-05-20T16:57:02Z,1057262518,Dylan Harper,SAS,OKC,21713529,,pra,20.5,core,core,True,,,,25.69232395972869,,27.99162482292961,,0.05,projected,not_available_yet,fallback_used,bdl_plus_nba_official,2026-05-20T16:56:20Z,bdl_lineup_freshness_manifest,2026-05-20T16:56:01Z,False,False,20.5,0.6666283593086584,0.3333716406913416,-200.0,200.0,23.973571697865,55.25479221088585,15.0,24.0,34.0,0.4898785425101215,0.4898785425101215,0.1767498167985369,full,ready,Upstream wizard_of_odds package contains projected (not BDL-confirmed) lineup data; snapshot labelled near_tip to keep Derek's archive honest.,build_derek_forward_feed:v1_model_only_plus_market_reference,ok
